https://www.wikidata.org/wiki/Q2905361	JABESH [bèch], ou JABÈS [bèss] v. de Palestine, dans le pays de Galaad.
https://www.wikidata.org/wiki/Q464197	JABLOCHKOV ou JABLOCHKOF, physicien russe, né à Serdobsk ; s'est signalé par ses travaux sur la lumière électrique (1847-1894).
https://www.wikidata.org/wiki/Q110313	JABLONSKI (Paul-Ernest), théologien et orientaliste allemand, né à Berlin (1693-1757).
https://www.wikidata.org/wiki/Q49581	JACA, v. forte d'Espagne (Aragon), prov. de Huesca), sur l'Aragon ; 5.000 h. ; c'est l'ancienne capitale du royaume de Sobrarbe.
https://www.wikidata.org/wiki/Q2360448	JACCOUD [kou] (François-Sigismond), médecin français, né à Genève en 1830.
https://www.wikidata.org/wiki/Q21015518	Jack, roman de mœurs, d'Alphonse Daudet ; œuvre vibrante de pitié attendrie (1876).
https://www.wikidata.org/wiki/Q11817	JACKSON (Andrew), homme d'Etat américain, né à Waxsaw (Caroline du Sud), président des Etats-Unis en 1829 et 1837 (1767-1845).
https://www.wikidata.org/wiki/Q16568	JACKSONVILLE, v. des Etats-Unis (Floride), sur le Saint-John ; 20.000 h.
https://www.wikidata.org/wiki/Q289957	JACOB, patriarche hébreu, fils d'Isaac et de Rébecca, père de 12 fils, qui ont fondé les 12 tribus d'Israël. Comme il y fuyait la colère de son frère Esaü, qu'il avait dépouillé par ruse de son droit d'aînesse, en le lui achetant au prix d'un plat de lentilles, il arriva dans un lieu désert, il s'endormit et vit une échelle dont le pied s'appuyait sur la terre et dont le haut touchait au ciel. Des anges montaient et descendaient le long de cette échelle, et, en même temps, Dieu prédisait à Jacob que sa postérité serait nombreuse comme les grains de poussière de la terre. Au bout de quatorze ans, il revint en Chanaan et, chemin faisant, il eut à soutenir, contre un ange, un combat dont il sortit vainqueur ; il reçut alors le nom d'Israël. Il finit ses jours en Egypte, où son fils Joseph était devenu ministre du pharaon (Bible). — En littérature, les allusions à l'échelle de Jacob sont fréquentes et son combat contre l'esprit céleste sert à exprimer, dans l'ordre moral, une lutte opiniâtre, où le courage et la constance finissent par triompher des obstacles.
https://www.wikidata.org/wiki/Q68209	JACOBI (Jean-Georges), littérateur et poète allemand, ami de Gœthe, né à Dusseldorf (1740-1814).
https://www.wikidata.org/wiki/Q168004	JACOBI (Frédéric-Henri), philosophe spiritualiste allemand, né à Dusseldorf (1743-1819).
https://www.wikidata.org/wiki/Q76564	JACOBI (Charles-Gustave-Jacob), mathématicien allemand, né à Potsdam (1804-1851).
https://www.wikidata.org/wiki/Q179885	Jacobins (club des), fameux club révolutionnaire qui tenait ses séances dans l'ancien couvent des Jacobins, rue Saint-Honoré, à Paris. Les Jacobins furent parmi les plus exaltés des révolutionnaires, et soutinrent jusqu'au bout le comité de Salut public et Robespierre ; fermé en 1794 après le 9-Thermidor.
https://www.wikidata.org/wiki/Q210540	Jacobites, sectaires monophysites de Syrie et de Mésopotamie, qui tirent leur nom de Jacob ou Jacques Baradée, évêque d'Antioche au vie siècle.
https://www.wikidata.org/wiki/Q212983	Jacobites, nom donné en Angleterre, après la révolution de 1688, aux partisans de Jacques II (en lat., Jacobus) et de la maison des Stuarts.
https://www.wikidata.org/wiki/Q106973481	Jacobites (les), drame historique en cinq actes et en vers de Fr. Coppée (1883).
https://www.wikidata.org/wiki/Q91345	JACOBS (Chrétien), philologue allemand, né à Gotha (1764-1847).
https://www.wikidata.org/wiki/Q622038	JACOTOT [to] (Jean-Joseph), instituteur, né à Dijon. Il créa la méthode d'enseignement universel dite aussi méthode Jacotot (1770-1840).
https://www.wikidata.org/wiki/Q1096818	JACQUAND [kan] (Claudius), peintre français, né à Lyon (1805-1878).
https://www.wikidata.org/wiki/Q310833	JACQUARD [kar] (Joseph-Marie), mécanicien français, né à Lyon, inventeur du métier à tisser qui porte son nom, une des plus belles inventions de la mécanique industrielle (1752-1834).
https://www.wikidata.org/wiki/Q125409	JACQUE (Charles), peintre et graveur français, né et mort à Paris ; auteur d'admirables eaux-fortes, dont les sujets sont pris en général dans la vie des champs (1813-1894).
https://www.wikidata.org/wiki/Q467007	JACQUELINE, comtesse de Hainaut, de Hollande et de Zélande, née à La Haye (1401-1436).
https://www.wikidata.org/wiki/Q1711718	JACQUEMART [ke-mar] (Jules-Ferdinand), graveur français, né à Paris (1837-1880).
https://www.wikidata.org/wiki/Q63739	JACQUEMONT [ke-mon] (Victor), voyageur et naturaliste français, né à Paris, célèbre surtout par l'exploration qu'il a faite de l'Inde anglaise et du Thibet (1801-1832).
https://www.wikidata.org/wiki/Q7126013	Jacquerie, nom que l'on donne au soulèvement des paysans ou Jacques de l'Ile-de-France contre la noblesse, qui éclata le 28 mai 1358, jour de la Fête-Dieu, à la suite des misères de l'invasion pendant la captivité du roi Jean. Elle fut réprimée par les nobles avec une impitoyable dureté. Le mot de Jacquerie, un peu détourné de son véritable sens historique, sert à caractériser toute révolte où les exécutions sanglantes et arbitraires jouent le principal rôle, et, par extension, toute tentative d'affranchissement dans l'industrie, les arts, etc., par des moyens prompts et violents.
https://www.wikidata.org/wiki/Q43999	JACQUES [ja-ke] (saint), dit le Majeur, fils de Zébédée, frère de saint Jean-Baptiste, un des douze apôtres ; martyr en l'an 44. Fête le 25 juillet.
https://www.wikidata.org/wiki/Q44047	JACQUES (saint), dit le Mineur, fils de Cléophas, un des douze apôtres, que la tradition regarde comme le premier évêque de Jérusalem ; tué en 62. Fête le 1er mai.
https://www.wikidata.org/wiki/Q220017	JACQUES (saint), évêque de Nisibe, un des plus grands docteurs de l'Eglise syriaque (270-330).
https://www.wikidata.org/wiki/Q313460	JACQUES de Voragine (le bienheureux), hagiographe italien, né à Voragine, près de Gènes, auteur de la Légende dorée (1230-1298).
https://www.wikidata.org/wiki/Q212052	JACQUES ou JAYME Ier, roi d'Aragon de 1213 à 1276 ; — Jacques II, roi d'Aragon de 1291 à 1327.
https://www.wikidata.org/wiki/Q235234	JACQUES Ier (Stuart), roi d'Ecosse de 1423 à 1437 ; — Jacques II, roi d'Ecosse de 1437 à 1460 ; — Jacques III, roi d'Ecosse de 1460 à 1488 ; — Jacques IV, roi d'Ecosse de 1488 à 1513 ; — Jacques V, roi d'Ecosse de 1513 à 1542, se signala par la fidélité de son alliance avec la France, et fut le père de Marie Stuart.
https://www.wikidata.org/wiki/Q79972	JACQUES Ier (Jacques VI d'Ecosse), fils de Marie Stuart, né à Edimbourg en 1566, roi d'Ecosse en 1567, roi de Grande-Bretagne de 1603 à 1625 ; se signala par son autoritarisme religieux et ses persécutions contre les dissidents anglais ; — Jacques II, fils de Charles Ier, né en 1633, roi d'Angleterre en 1685 ; prince autoritaire et violent, il s'aliéna le sentiment national anglais par sa conversion au catholicisme et son alliance avec Louis XIV ; détrôné par Guillaume de Nassau, prince d'Orange en 1688, il finit sa vie en France, au château de Saint-Germain-en-Laye, en 1702. — Son fils, Jacques Stuart, dit le Prétendant ou le Chevalier de Saint-Georges, né à Londres, fit plusieurs tentatives malheureuses pour recouvrer le trône (1688-1766).
https://www.wikidata.org/wiki/Q596460	Jacques Bonhomme, nom sous lequel on désigne quelquefois le paysan français, quand on veut y attacher une idée de servage et presque d'avilissement, d'individu taillable et corvéable à merci. Ce nom vient de ce que les paysans portaient autrefois une jacque ou jaquette.
https://www.wikidata.org/wiki/Q3102943	JACQUOT [ko] (Georges), statuaire français, né à Nancy (1794-1874).
https://www.wikidata.org/wiki/Q2723012	JADDUS [duss] ou JEDDOA, grand prêtre des Juifs au temps d'Alexandre, qu'il aurait, dit la tradition, reçu au temple de Jérusalem.
https://www.wikidata.org/wiki/Q15681	JAEN [ja-èn'], v. d'Espagne (Andalousie), ch.-l. de la prov. de Jaen, sur le Guadalbullon ; 28.000 h. — La prov. a 475.000 h.
https://www.wikidata.org/wiki/Q180294	JAFFA (l'ancienne Joppé), v. et port de la Syrie ; 15.000 h. Prise par Bonaparte en 1799.
https://www.wikidata.org/wiki/Q2909916	Jaffa (les Pestiférés de), tableau de Gros (Louvre), Bonaparte, accompagné des généraux Berthier et Bessières, visite un hôpital de pestiférés (1804).
https://www.wikidata.org/wiki/Q194355	JAGELLONS, famille lithuanienne qui a fourni des souverains à la Pologne et à la Hongrie.
https://www.wikidata.org/wiki/Q504571	JAHDE (golfe de), golfe de la mer du Nord, sur la côte N.-O. de l'Allemagne.
https://www.wikidata.org/wiki/Q954820	JAHEL, femme juive qui enfonça un clou dans la tête de Sisara, général des Chananéens (Bible).
https://www.wikidata.org/wiki/Q66001	JAHN (Otto), philologue et historien allemand, né à Kiel (1813-1869).
https://www.wikidata.org/wiki/Q77098	JAHN (Frédéric-Louis), patriote allemand, né en Poméranie. Il contribua beaucoup au soulèvement de l'Allemagne contre la domination française en 1813 (1778-1852).
https://www.wikidata.org/wiki/Q325476	JAÏRE, Juif de Capharnaüm, dont Jésus ressuscita la fille (Bible).
https://www.wikidata.org/wiki/Q2871240	JAL (Augustin), érudit français, auteur d'un utile Dictionnaire biographique, né à Lyon (1795-1873).
https://www.wikidata.org/wiki/Q2959442	JALABERT [bèr] (Charles-François), peintre portraitiste français, né à Nîmes (1819-1901).
https://www.wikidata.org/wiki/Q221051	JALAPA ou XALAPA, v. du Mexique oriental (prov. de Vera-Cruz) ; 20.500 h.
https://www.wikidata.org/wiki/Q642956	JALEY [lè] (Jean-Louis-Nicolas), statuaire français, né à Paris (1802-1866).
https://www.wikidata.org/wiki/Q325549	JALIGNY, ch.-l. de c. (Allier), arr. de Lapalisse, sur la Bèbre ; 1.000 h. Marbres.
https://www.wikidata.org/wiki/Q13160	JALISCO ou XALISCO, un des Etats du Mexique ; 1.154.000 h. Ch.-l. Guadalajara.
https://www.wikidata.org/wiki/Q766	JAMAÏQUE (la), une des grandes Antilles anglaises, dans la mer des Antilles ; 728.000 h. (Jamaïquains). Ch.-l. Kingston. Canne à sucre, cacao, café.
https://www.wikidata.org/wiki/Q310916	JAMBLIQUE, philosophe de l'école néo-platonicienne (ive s.).
https://www.wikidata.org/wiki/Q666210	JAMBLIQUE [jan], romancier grec, né en Syrie, (iie s. de notre ère), auteur des Babyloniques.
https://www.wikidata.org/wiki/Q2694988	JAMES [djèms'] (Henri), philosophe américain, né à New-York (1811-1882). — Son fils, Henry, né à New-York en 1843, philosophe de grand mérite.
https://www.wikidata.org/wiki/Q30970	JAMESTOWN [djèms'-ta-oun'] ch.-l. de l'île de Sainte-Hélène, sur la côte N.-O. ; 3.000 h.
https://www.wikidata.org/wiki/Q654482	JAMIN (Jules-Célestin), physicien français, né à Termes (Ardennes) [1818-1886].
https://www.wikidata.org/wiki/Q1958154	JAMYN (Amadis), poète français, né à Chaource (Aube). Il fut le disciple préféré de Ronsard (1538-1585).
https://www.wikidata.org/wiki/Q565381	JANET [nè] (Paul), philosophe français, né à Paris (1823-1899).
https://www.wikidata.org/wiki/Q303001	JANICULE, l'une des sept collines de Rome, sur la rive droite du Tibre.
https://www.wikidata.org/wiki/Q956459	JANIN (Jules), critique littéraire et dramatique français, d'une verve étincelante, né à Saint-Etienne (1804-1874).
https://www.wikidata.org/wiki/Q183199	JANINA. V. Ianina.
https://www.wikidata.org/wiki/Q130263	Janissaires, corps d'infanterie formant la garde des sultans. Cette milice d'élite, créée au xive siècle, se rendit bientôt redoutable par son insubordination, faisant et déposant à son gré les sultans. Le sultan était considéré comme le père nourricier des janissaires, et leurs grades étaient empruntés aux fonctions de la cuisine : une marmite était leur drapeau. A l'occasion d'une insurrection que les janissaires excitèrent en 1826, Mahmoud II prononça leur dissolution. Ils furent massacrés pour la plupart sur une place de Constantinople. La milice des janissaires est souvent comparée à la garde prétorienne sous l'empire romain, aux strélitz en Russie et aux mamelouks en Egypte.
https://www.wikidata.org/wiki/Q3162083	Janot [no], type comique personnifiant la bêtise piteuse et grotesque, et qui est resté populaire ; sa façon de parler elle-même (janotisme) est comique par les inversions qu'il fait à tort et à travers.
https://www.wikidata.org/wiki/Q1287	Jansénisme (nis-me). Les doctrines de Jansénius, qui tendaient à limiter le libre-arbitre de l'homme, furent défendues en France par Arnault et par les théologiens de Port-Royal ; mais elles furent combattues par les Jésuites, contre lesquels Pascal écrivit à ce moment ses fameuses Lettres provinciales, et condamnées par la Sorbonne et par le pape Urbain VIII. Port-Royal, malgré les persécutions de Louis XIV, fut longtemps le principal refuge de la doctrine janséniste ; celle-ci, après la destruction du monastère, fut à nouveau condamnée par le pape, en la personne du P. Quesnel, dans la bulle Unigenitus (1713), dont l'acceptation fut imposée à tous, sous peine de refus des sacrements. Mais, bien que compromise par les excès des convulsionnaires, elle subsista en France jusqu'au milieu du xviiie siècle, et il existe encore aujourd'hui en Hollande une petite église janséniste.
https://www.wikidata.org/wiki/Q318943	JANSÉNIUS [uss] (Cornélius Jansen, dit), théologien hollandais, évêque d'Ypres (1583-1638). Son principal ouvrage l'Augustinus, dans lequel il exposait à son point de vue les doctrines de saint Augustin sur la grâce, le libre arbitre et la prédestination, donna lieu à la doctrine dite jansénisme.
https://www.wikidata.org/wiki/Q298581	JANSSEN (Jules), physicien et astronome français, né à Paris en 1824.
https://www.wikidata.org/wiki/Q67635	JANSSEN [ian'-sèn] (Jean), historien catholique allemand, né à Xanthen en 1829.
https://www.wikidata.org/wiki/Q330139	JANSSENS [ian'-sèns) (Abraham), peintre flamand, né à Anvers (1573-1632).
https://www.wikidata.org/wiki/Q167685	JANUS [nuss], personnage mythique, le plus ancien roi du Latium. Ayant accueilli favorablement Saturne, chassé du ciel, le dieu reconnaissant doua Janus d'une sagacité si merveilleuse que l'avenir, aussi bien que le passé, était toujours présent à ses yeux. Cette double faculté l'a fait représenter avec deux visages, et l'on fait souvent allusion à ce privilège du dieu. A Rome, le temple de Janus n'était fermé que lorsque la république était en paix, ce qui n'est arrivé que neuf fois en mille ans.
https://www.wikidata.org/wiki/Q315312	JANVIER [vi-é] (saint), évêque de Bénévent, né vers 250, martyr en 305 ; il est resté le patron de la ville de Naples, où l'on conserve une fiole de son sang coagulé, lequel se liquéfierait, dit la légende, le jour de la fête du saint, et aussi dans les circonstances jugées graves pour la ville. Fête le 19 sept.
https://www.wikidata.org/wiki/Q106974795	Janvier (Bonhomme), personnage de la légende enfantine, sorte de saint Nicolas, qui apporte aux enfants les joujoux au premier de l'an.
https://www.wikidata.org/wiki/Q1194744	Janvier (édit de), édit en date du 17 janvier 1562, par lequel Catherine de Médicis accorda aux protestants certaines concessions.
https://www.wikidata.org/wiki/Q1011339	JANVILLE, ch.-l. de c. (Eure-et-Loir), arr. de Chartres ; 1.250 h. (Janvillois). Patrie de Colardeau.
https://www.wikidata.org/wiki/Q662265	JANZÉ, ch.-l. de c. (Ille-et-Vilaine), arr. de Rennes ; 4.500 h. (Janzéens). Ch. de f. O.
https://www.wikidata.org/wiki/Q179543	JAPET [pè], un des Titans, frère de Kronos.
https://www.wikidata.org/wiki/Q200637	JAPHET [fèt'], troisième fils de Noé, après Sem et Cham. Il reçut en partage l'Europe et l'Asie Mineure, et fut le père de la race blanche (Bible).
https://www.wikidata.org/wiki/Q17	JAPON ou NIPPON, empire insulaire de l'Asie orientale, qui se compose de quatre grandes îles : Nippon, Sikok, Kiou-Siou, Yéso, et d'un grand nombre de dépendances, telles que les Kouriles, Formose, etc. Les côtes sont découpées ; le sol, montagneux et volcanique ; les rivières, courtes et torrentielles. On y trouve des mines d'or, d'argent, de fer, de cuivre. La soierie, la papeterie, l'ébénisterie y sont de florissantes industries. La végétation, sous un climat doux et chaud, est luxuriante ; la faune assez riche. — Le pouvoir suprême appartient à un mikado (empereur), assisté de ministres, d'un Parlement divisé en deux chambres : la Chambre des pairs et la Chambre des représentants. L'empire (y compris Formose), est divisé en districts (ken) et en provinces ; sup. 417.412 kil. carr. ; 45 millions d'h. (Japonais). Capit. Tokio. Les chroniques nationales ne permettent pas de reconstituer l'histoire authentique du Japon. Au xiie siècle, un certain Yoritomo obtint la dignité de shogoun (généralissime) et cette dignité étant devenue héréditaire, il s'établit entre les shogouns et les mikados une rivalité qui aboutit à un départ d'attributions ; le mikado ne fut plus qu'un souverain spirituel et le pouvoir temporel passa tout entier aux mains du shogoun, appelé taïkoun par les Européens. Le Japon fut évangélisé au xvie siècle par saint François-Xavier ; mais la religion dominante est restée le shin-tô. En 1868, les daïmios (seigneurs) se révoltèrent contre le shogoun, qui dut désormais se soumettre au mikado. Ce fut le point de départ d'une véritable transformation du Japon. Très favorables aux idées occidentales, les Japonais se sont efforcés depuis d'introduire notre civilisation dans leur pays. Ils ont créé une armée et une flotte qui peuvent rivaliser avec les meilleures d'Europe ; ils ont battu la Chine en 1894 et annexé la grande île de Formose. En 1904, ils se sont heurtés à la Russie.
https://www.wikidata.org/wiki/Q27092	JAPON (mer du), mer dépendant de l'océan Pacifique, limitée par la Sibérie et l'archipel japonais d'une part et la Corée de l'autre.
https://www.wikidata.org/wiki/Q1302990	JAQUOTOT [ko-to] (Mme Marie-Victoire), peintre sur porcelaine, né à Paris (1778-1855).
https://www.wikidata.org/wiki/Q106960794	Jardin des racines grecques (le), livre scolaire dû à Lancelot, solitaire de Port-Royal (1657).
https://www.wikidata.org/wiki/Q404191	Jardin des Roses (le). V. Gulistan.
https://www.wikidata.org/wiki/Q19211390	Jardins (les), poème sur l'horticulture, de Delille, œuvre harmonieuse et brillante, mais froide (1782).
https://www.wikidata.org/wiki/Q630345	JARGEAU [jô], ch.-l. de c. (Loiret), arr. d'Orléans, sur la Loire ; 2.350 h. Ch. de f. Orl. Victoire de Jeanne d'Arc sur les Anglais (1429).
https://www.wikidata.org/wiki/Q217173	JARNAC [nak], ch.-l. de c. (Charente), arr. de Cognac, sur la Charente ; 5.000 h. (Jarnacais). Ch. de f. Et. Eaux-de-vie renommées. Victoire des catholiques, commandés par le duc d'Anjou (Henri III), sur les protestants, commandés par le prince de Condé (1569).
https://www.wikidata.org/wiki/Q3121859	JARNAC (Guy Chabot, baron de), capitaine français. Il tua La Châteigneraie en duel, en 1547, par un coup imprévu, en lui tranchant le jarret d'un revers d'épée, d'où est venue l'expression coup de Jarnac, qui sert à désigner, dans tout ordre d'idées, un coup décisif et surtout inattendu porté à un adversaire.
https://www.wikidata.org/wiki/Q1141387	JARNAGES, ch.-l. de c. (Creuse), arr. de Boussac ; 800 h. (Jarnageois).
https://www.wikidata.org/wiki/Q215248	Jarretière (ordre de la), ordre de chevalerie institué en 1348. La comtesse de Salisbury, dansant avec Edouard III, laissa tomber une de ses jarretières. Le roi, en la ramassant, s'aperçut que les courtisans souriaient : « Honni soit qui mal y pense, dit-il, tel qui s'en rit aujourd'hui, demain s'honorera de la porter. » Et il institua sur-le-champ l'ordre de la Jarretière, que les chevaliers portent au genou gauche, et la reine au bras. Il a pour chef le souverain et ne compte que 26 membres.
https://www.wikidata.org/wiki/Q638643	JARRIE (La), ch.-l. de c. (Charente-Inférieure), arr. de La Rochelle ; 800 h. Ch. de f. Et.
https://www.wikidata.org/wiki/Q782155	JARROW [ro-ou], v. d'Angleterre (Durham), sur la Tyne ; 25.000 h.
https://www.wikidata.org/wiki/Q960754	JASMIN (Jacques Boé dit), poète gascon, né à Agen, dit le perruquier poète. Il a réuni ses meilleures œuvres patoises sous ce titre : Las Papillotos (1798-1864).
https://www.wikidata.org/wiki/Q176758	JASON, fils d'Eson, roi d'Iolcos ; il fut élevé par le centaure Chiron. Dépouillé du trône paternel par Pélias, il conduisit les Argonautes à la conquête de la toison d'or, en Colchide. Il ramena de ces contrées éloignées Médée, qu'il épousa. S'étant retiré à Corinthe, il la répudia pour épouser Créuse, fille de Sisyphe. Médée s'en vengea en faisant périr Sisyphe, Créuse et les deux enfants qu'elle avait eus de Jason. Celui-ci finit par recouvrer le trône d'Iolcos. Suivant une autre tradition, il serait mort errant et misérable (Myth.). — Le nom de Jason, associé à la conquête de la toison d'or, est souvent rappelé comme synonyme d'aventurier hardi et heureux.
https://www.wikidata.org/wiki/Q46852	JASSY. V. Iassy.
https://www.wikidata.org/wiki/Q281371	JASZ-BERENY, v. Hongrie, sur la Zagya. 26.500 h.
https://www.wikidata.org/wiki/Q738013	JATIVA, v. d'Espagne (prov. de Valence), sur la Montesa ; 16.000 h.
https://www.wikidata.org/wiki/Q1378109	JAUBERT [jo-bèr] (Amédée de), savant orientaliste français, né à Aix en Provence (1779-1847).
https://www.wikidata.org/wiki/Q584990	JAUCOURT [jô-kour] (Louis, chevalier de), savant français, un des collaborateurs de l'Encyclopédie, né à Paris (1704-1779).
https://www.wikidata.org/wiki/Q3086213	JAUCOURT (Arnail-François, marquis de), homme d'Etat français, né à Paris (1757-1852).
https://www.wikidata.org/wiki/Q731805	JAUER, v. d'Allemagne (Prusse), sur la Wütende Neisse ; 12.000 h.
https://www.wikidata.org/wiki/Q7355	JAUNE (fleuve). V. Hoang-Ho.
https://www.wikidata.org/wiki/Q37960	JAUNE (mer), mer comprise entre la Chine à l'O., la Mandchourie au N., la Corée à l'E.
https://www.wikidata.org/wiki/Q352944	JAURÉGUI Y AGUILAR (don Juan), peintre et poète espagnol, né à Séville (1570-1640).
https://www.wikidata.org/wiki/Q259435	JAURÉGUIBERRY (Jean-Bernard), marin français (1815-1887).
https://www.wikidata.org/wiki/Q635996	JAURÈS [rèss] (Benjamin), amiral français, né et mort à Paris (1823-1899). — Son neveu, Jean Jaurès, né à Castres en 1859, homme politique, un des chefs du parti socialiste français.
https://www.wikidata.org/wiki/Q3757	JAVA, île de la Malaisie, dans l'archipel de la Sonde ; 28.750.000 h. (Javanais). Colonie hollandaise ; capit. Batavia ; sol montagneux, nombreux volcans, climat tropical malsain pour les Européens, mais sol souvent très fertile ; exportations considérables de café et d'épices.
https://www.wikidata.org/wiki/Q49364	JAVA (mer de), formée par l'océan Indien au N. de Java et au S. de Bornéo.
https://www.wikidata.org/wiki/Q990110	JAVIE (La), ch.-l. de c. (Basses-Alpes), arr. de Digne ; 450 h.
https://www.wikidata.org/wiki/Q586494	JAY [jè] (Antoine), littérateur français, né à Guîtres (1770-1854).
https://www.wikidata.org/wiki/Q40662	JEAN ou JEAN-BAPTISTE [jan-ba-tis-te] (saint), dit le Précurseur, fils de Zacharie et d'Elisabeth. Il donna le baptême à Jésus-Christ et le désigna au peuple comme le Messie ; fut décapité vers l'an 31, sur la demande de Salomé.
https://www.wikidata.org/wiki/Q44015	JEAN l'Évangéliste (saint), l'un des douze apôtres, disciple bien-aimé du Sauveur, auteur d'un des quatre Evangiles et de l'Apocalypse. Fête le 27 déc.
https://www.wikidata.org/wiki/Q43706	JEAN Chrysostome ou Bouche d'or (saint), l'un des Pères de l'Eglise, patriarche de Constantinople, célèbre par son éloquence ; il a laissé d'admirables homélies (347-407).
https://www.wikidata.org/wiki/Q51884	JEAN DAMASCÈNE (saint), docteur de l'Eglise grecque, né à Damas ; il combattit l'hérésie iconoclaste, mort après 754.
https://www.wikidata.org/wiki/Q470597	JEAN de Matha (saint), fondateur de l'ordre des trinitaires, voué au rachat des captifs (1160-1213).
https://www.wikidata.org/wiki/Q320171	JEAN de Dieu (saint), fondateur de l'ordre de la Charité, né en Portugal (1495-1550). Fête le 8 mars.
https://www.wikidata.org/wiki/Q190388	JEAN de la Croix (saint), Espagnol, fondateur de l'ordre des carmes déchaussés (1542-1591).
https://www.wikidata.org/wiki/Q160916	JEAN Ier, pape de 523 à 526 ; — Jean II, pape de 532 à 535 ; — Jean III, pape de 559 à 573 ; — Jean IV, pape de 640 à 642 ; — Jean V, pape de 685 à 687 ; — Jean VI, pape de 701 à 705 ; — Jean VII, pape de 705 à 707 ; — Jean VIII, pape de 872 à 882 ; — Jean IX, pape de 898 à 900 ; — Jean X, pape de 914 à 928 ; — Jean XI, pape de 931 à 936 ; — Jean XII, pape de 956 à 964 ; — Jean XIII, pape de 965 à 972 ; — Jean XIV, pape de 983 à 984 ; — Jean XV, pape en 985 ; — Jean XVI, pape de 985 à 996 ; — Jean XVII, pape en 1003 ; — Jean XVIII, pape de 1003 à 1009 ; — Jean XIX, pape de 1024 à 1033 ; — Jean XX, antipape en 1044 ; — Jean XXI, pape de 1276 à 1277 ; — Jean XXII, pape de 1316 à 1334. Il résida à Avignon, et apporta à cette ville de nombreux embellissements ; — Jean XXIII, pape en 1410, déposé en 1415.
https://www.wikidata.org/wiki/Q41603	JEAN Ier, Tzimiscès, empereur grec de 969 à 976 ; — Jean II, Comnène, empereur grec de 1118 à 1143 ; — Jean III, Vatatzès, empereur grec de Nicée de 1222 à 1254 ; — Jean IV, Lascaris, empereur de Nicée de 1258 à 1261 ; — Jean V, Paléologue, empereur d'Orient de 1341 à 1376 et de 1379 à 1391 ; — Jean VI, v. Cantacuzène ; — Jean VII, empereur de Byzance en 1390 ; — Jean VIII, Paléologue, empereur grec de 1425 à 1448.
https://www.wikidata.org/wiki/Q8404	JEAN Ier, roi de France, fils posthume de Louis X le Hutin ; il ne vécut que quelques jours (1316). — Jean II, dit le Bon, c'est-à-dire le Brave, roi de France de 1350 à 1364, fils et successeur de Philippe VI, de Valois. Les premiers temps de son règne furent signalés par ses démêlés avec Charles le Mauvais, roi de Navarre, et par de grands embarras financiers, qui rendirent nécessaire plusieurs convocations d'Etats généraux. En 1356, les hostilités recommencèrent entre la France et l'Angleterre. Vaincu à Maupertuis, près Poitiers, par le prince Noir et fait prisonnier, il fut emmené captif à Londres. C'est pendant sa captivité qu'eut lieu, à Paris, la tentative révolutionnaire d'Etienne Marcel, et qu'éclata la jacquerie. Après avoir signé la désastreuse paix de Brétigny (1360), il revint en France laissant un de ses fils en otage. Le jeune prince s'étant évadé, Jean se constitua de nouveau prisonnier. C'est dans cette occasion qu'il formula cette belle maxime si souvent rappelée et quelquefois parodiée : « Si la bonne foi était bannie du reste de la terre, elle devrait se retrouver dans le cœur et dans la bouche des rois. » Il faut ajouter que la captivité que le roi subissait à Londres était des plus agréables. Jean II mourut en 1364. Il fonda la deuxième maison de Bourgogne en donnant cette province en apanage à son quatrième fils, Philippe le Hardi, qui avait combattu à ses côtés à Poitiers.
https://www.wikidata.org/wiki/Q298901	JEAN sans Peur, duc de Bourgogne, fils de Philippe le Hardi et petit-fils de Jean le Bon, né à Dijon. Prince énergique et violent, il entra, à peine monté sur le trône ducal (1404), en lutte avec Louis, duc d'Orléans, qu'il fit assassiner en 1407. Chef du parti des Bourguignons, soutenu par les Cabochiens, il s'empara de Paris, après Azincourt, grâce à la trahison de Perrinet Leclerc. A quelque temps de là, des tentatives de rapprochement eurent lieu entre le Dauphin (Charles VII) et lui, mais il fut assassiné sur le pont de Montereau, par quelques conseillers du Dauphin, à la tête desquels se trouvait Tanneguy du Châtel, en 1419.
https://www.wikidata.org/wiki/Q129308	JEAN sans Terre, roi d'Angleterre de 1199 à 1216, quatrième fils de Henri II et d'Eléonore d'Aquitaine. Pendant sa jeunesse, il entra en rébellion contre son père, avec l'appui du roi de France, Philippe Auguste. A la mort de son frère Richard Cœur de Lion, il assassina son neveu Arthur de Bretagne, pour s'emparer de la couronne (1203). Cité par Philippe Auguste devant la cour des pairs, il fut déclaré déchu de ses fiefs français (Maine, Normandie, etc.), qu'il essaya vainement de reprendre. Ses alliés, au nombre desquels était l'empereur d'Allemagne, Othon, furent battus à Bouvines et il fut lui-même défait à la Roche aux Moines. A son retour en Angleterre, il dut accorder aux barons et à la bourgeoisie la Grande charte des libertés anglaises (1167-1216).
https://www.wikidata.org/wiki/Q155167	JEAN de Luxembourg, roi de Bohême, fils de l'empereur Henri VII, né en 1296, tué en 1346, dans les rangs français, à la bataille de Crécy, où il avait, malgré sa cécité, vaillamment combattu.
https://www.wikidata.org/wiki/Q358374	JEAN Ier, roi d'Aragon de 1387 à 1395 ; — Jean II, roi de Navarre en 1425, d'Aragon en 1458 ; m. en 1479.
https://www.wikidata.org/wiki/Q201575	JEAN Ier, roi de Portugal de 1385 à 1433, fils naturel de Pierre le Cruel ; — Jean II, roi de Portugal de 1481 à 1495 ; — Jean III, roi de Portugal de 1521 à 1557 ; — Jean IV, d'abord duc de Bragance, puis roi de Portugal de 1640 à 1656 ; — Jean V, roi de Portugal de 1706 à 1750 ; — Jean VI, d'abord régent de Portugal pendant la démence de sa mère, vit le royaume envahi par les Français en 1807, partit alors pour le Brésil et revint en 1821. Il inaugura au Portugal le régime constitutionnel ; m. en 1826.
https://www.wikidata.org/wiki/Q315659	JEAN (Dedjah Kassaï, dit), empereur d'Abyssinie, né vers 1832, mort en 1889 ; il lutta avec succès contre les Italiens.
https://www.wikidata.org/wiki/Q560443	JEAN de Leyde, chef des anabaptistes de Munster, mort dans d'horribles tortures en 1536.
https://www.wikidata.org/wiki/Q544925	JEAN de Meung (Jean Clopinel, dit), écrivain français, auteur de la seconde partie du Roman de la Rose. Né vers 1250, mort avant 1305.
https://www.wikidata.org/wiki/Q3175619	Jean de Nivelle, opéra-comique en trois actes, paroles d'Edmond Gondinet et Philippe Gille, musique de Léo Delibes (1880).
https://www.wikidata.org/wiki/Q1696835	Jean de Paris, opéra-comique en deux actes, paroles de Saint-Just, musique de Boieldieu (1812) ; partition élégante et gracieuse.
https://www.wikidata.org/wiki/Q264028	JEAN de Salisbury, philosophe scolastique anglais, ami de Thomas Becket (1110-1180).
https://www.wikidata.org/wiki/Q3175676	JEAN de Troyes, chroniqueur français du xve s.
https://www.wikidata.org/wiki/Q316097	JEAN BON SAINT-ANDRÉ (André), conventionnel français, né à Montauban (1749-1813).
https://www.wikidata.org/wiki/Q243811	JEANNE (la papesse), personnage féminin qui, d'après une légende longtemps accréditée, mais aujourd'hui universellement rejetée, aurait occupé à une date d'ailleurs mal fixée, le trône pontifical. L'imagination populaire broda autour de ce nom tout un roman, dont l'origine vraisemblable remonte à l'influence qu'exercèrent sur les élections pontificales les princesses toscanes Théodora et Marozia.
https://www.wikidata.org/wiki/Q235381	JEANNE Ire [ja-ne], reine de Naples de 1343 à 1382 ; — Jeanne II, reine de Naples de 1414 a 1435.
https://www.wikidata.org/wiki/Q229286	JEANNE D'ALBRET, reine de Navarre, femme d'Antoine de Bourbon et mère de Henri IV, née à Pau (1528-1572).
https://www.wikidata.org/wiki/Q231760	JEANNE DE BOURGOGNE, reine de France, épouse de Philippe V ; m. en 1325.
https://www.wikidata.org/wiki/Q171136	JEANNE la Folle, reine de Castille de 1504 à 1555, épouse de l'archiduc d'Autriche Philippe le Beau, et mère de Charles-Quint.
https://www.wikidata.org/wiki/Q288219	JEANNE DE FLANDRE, duchesse de Bretagne, épouse de Jean IV. Elle disputa le duché de Bretagne à Jeanne de Penthièvre, ce qui fit donner le nom de guerre des Deux Jeanne à la guerre de la Succession de Bretagne.
https://www.wikidata.org/wiki/Q257621	JEANNE DE PENTHIÈVRE, nièce de Jean III, duc de Bretagne, et femme de Charles de Blois. Elle fit valoir par les armes ses droits à la succession de Bretagne contre Jean IV, son oncle, époux de Jeanne de Flandre ; mais en 1365 elle dut y renoncer par le traité de Guérande.
https://www.wikidata.org/wiki/Q182637	JEANNE SEYMOUR, reine d'Angleterre, troisième femme de Henri VIII (vers 1509-1537).
https://www.wikidata.org/wiki/Q3385598	JEANNIN [ja] (Pierre), dit le président Jeannin, magistrat français, né à Autun, ministre sous Henri IV ; il signa l'alliance entre la France et la Hollande (1608), et obligea l'Espagne à reconnaître l'indépendance des Provinces-Unies (1540-1623).
https://www.wikidata.org/wiki/Q3162083	Jeannot [ja-no]. V. Janot.
https://www.wikidata.org/wiki/Q3176298	Jeannot et Colin, titre d'un conte charmant, où Voltaire met en contraste l'instabilité de la fortune et les avantages d'une éducation solide.
https://www.wikidata.org/wiki/Q3379136	JEANRON [jan] (Philippe-Auguste), peintre paysagiste français, né à Boulogne-sur-Mer (1809-1877).
https://www.wikidata.org/wiki/Q1123697	JÉBUSÉENS [zé-in] ou JÉBUSIENS [si-in], peuple de Chanaan soumis par David.
https://www.wikidata.org/wiki/Q319049	JÉCHONIAS. V. Joachim.
https://www.wikidata.org/wiki/Q11812	JEFFERSON [son'] (Thomas), troisième président des Etats-Unis, né à Shadwell (1743-1826). Il fut l'un des créateurs et le chef du parti républicain.
https://www.wikidata.org/wiki/Q284790	JEFFERSON, une des branches du Missouri.
https://www.wikidata.org/wiki/Q336556	JEFFREYS, grand chancelier d'Angleterre sous Charles II et Jacques II. Il se fit détester pour la cruauté et l'iniquité de ses condamnations pendant les Assises sanglantes ; m. à la tour de Londres en 1689.
https://www.wikidata.org/wiki/Q271891	JEGUN, ch.-l. de c. (Gers), arr. d'Auch, près de l'Oustère ; 1.500 h.
https://www.wikidata.org/wiki/Q105173	Jéhovah, nom par excellence de Dieu, dans la langue hébraïque.
https://www.wikidata.org/wiki/Q313225	JÉHU, officier de Joram, puis roi d'Israël de 843 à 815 av. J.-C.
https://www.wikidata.org/wiki/Q2990273	Jéhu (compagnies de), bandes d'égorgeurs royalistes, qui exercèrent de sanglantes représailles contre les républicains après le 9-Thermidor.
https://www.wikidata.org/wiki/Q2305575	JÉLIOTTE ou JELYOTTE (Pierre), chanteur français, né à Lasseube. Il créa à l'Opéra les premiers rôles des œuvres de Rameau, Mondonville, etc. (1711-1782).
https://www.wikidata.org/wiki/Q154418	JELLACHICH (Joseph), ban de Croatie (1801-1859) ; célèbre par sa lutte contre les Hongrois.
https://www.wikidata.org/wiki/Q1686757	JEMMAPES, v. de Belgique (Hainaut) ; 12.500 h. Victoire de Dumouriez sur les Autrichiens en 1792. — L'annuaire officiel belge écrit Jemappes.
https://www.wikidata.org/wiki/Q40852	JENNER [nèr] (Edouard), médecin anglais qui découvrit la vaccine ; né à Berkeley (1749-1823).
https://www.wikidata.org/wiki/Q1133523	JEPHTE, l'un des Juges d'Israël. Avant d'attaquer les Ammonites, il fit le vœu imprudent d'offrir à Dieu, en holocauste, la première personne qui viendrait le saluer après sa victoire. Ce fut sa fille unique qui accourut la première au-devant de lui, et le malheureux père dut accomplir son vœu.
https://www.wikidata.org/wiki/Q158825	JÉRÉMIE, l'un des quatre grands prophètes, né vers 650, m. vers 590 av. J.-C. On a de lui des Prophéties et des Lamentations sur la ruine de Jérusalem, qui sont restées célèbres.
https://www.wikidata.org/wiki/Q12303	JERÈS. V. Xérès.
https://www.wikidata.org/wiki/Q5687	JÉRICHO [ko], ancienne v. de Palestine, à 23 kil. de Jérusalem, sur un affl. du Jourdain, la première que rencontrèrent les Hébreux à leur entrée dans la terre promise. Elle était fermée de hautes murailles. Par l'ordre de Dieu, Josué fit faire à son armée le tour de la ville pendant sept jours. L'arche d'alliance était portée en grande pompe et précédée de sept prêtres qui sonnaient de la trompette ; tout le peuple suivait en silence. Le septième jour, on fit sept fois le tour de la ville, et tout le peuple, sur l'ordre de Josué, jeta un grand cri ; à l'instant même les murailles tombèrent avec fracas (Bible). — En littérature, on fait allusion aux murailles de Jéricho pour désigner un échafaudage de difficultés qui s'écroule tout à coup comme par enchantement.
https://www.wikidata.org/wiki/Q313219	JÉROBOAM Ier [bo-am'], roi d'Israël d'environ 960 à 930 av. J.-C. ; — Jéroboam II, roi d'Israël de 826 à 773 av. J.-C.
https://www.wikidata.org/wiki/Q44248	JÉRÔME (saint), Père de l'Eglise latine, apologiste vigoureux et violent, à qui l'on doit la traduction de la Bible en langue latine, appelée Vulgate (vers 331-420).
https://www.wikidata.org/wiki/Q434550	JÉRÔME de Prague, disciple de Jean Hus, brûlé vif à Constance. Il mourut avec un admirable courage. Né vers 1374, m. en 1416.
https://www.wikidata.org/wiki/Q106960950	Jérôme Paturot à la recherche d'une position sociale, roman satirique et critique spirituelle des mœurs de la société française après la révolution de Juillet, par Louis Reybaud (1843). Le nom de Jérôme Paturot est resté comme un type de ces personnages aux ambitions ridicules, emphatiques et ignorants, qui se croient propres à tout, mais ne sont bons à rien.
https://www.wikidata.org/wiki/Q15706498	JERSEY [sè], la plus grande des îles anglo-normandes ; 54.000 h. (Jersiais). Capit. Saint-Hélier.
https://www.wikidata.org/wiki/Q26339	JERSEY-CITY, v. des Etats-Unis (New-Jersey), sur le fleuve Hudson ; 220.000 h.
https://www.wikidata.org/wiki/Q1218	JÉRUSALEM [lèm], ancienne capit. de la Judée- sur les bords du Jourdain. Aujourd'hui v. de la Turquie d'Asie ; 51.000 h. (Hiérosolymites ou Hiérosolymitains). De nombreux touristes s'y rendent chaque année pour visiter les lieux illustrés par la Passion du Christ. Dans le style mystique, la Jérusalem nouvelle, la Jérusalem céleste, désigne le séjour des élus.
https://www.wikidata.org/wiki/Q55502	JÉRUSALEM (royaume de), fondé en 1099 par les Croisés au profit de Godefroy de Bouillon. Cet Etat, exclusivement féodal, fut détruit en 1187 par Saladin.
https://www.wikidata.org/wiki/Q619950	Jérusalem (concile de), tenu par les apôtres en l'an 50.
https://www.wikidata.org/wiki/Q1053313	Jérusalem délivrée (la), poème épique en vingt chants, par le Tasse ; publié en 1575. C'est une des grandes épopées qu'offre l'histoire de la littérature. Le sujet en est vraiment épique ; ses héros, surtout ses héroïnes (Clorinde, Herminie, Armide) sont devenus des types, auxquels on fait souvent allusion.
https://www.wikidata.org/wiki/Q36380	Jésuites ou compagnie de Jésus, ordre religieux, fondé par Ignace de Loyola en 1534 pour la conversion des hérétiques et le service de la religion. Les jésuites, ordre beaucoup plus militant que contemplatif, ajoutent aux trois vœux monastiques ordinaires le vœu d'obéissance au pape. Très fortement hiérarchisés, il se partagent en novices, coadjuteurs spirituels, profès, et sont gouvernés par un général. L'ordre devint de bonne heure très puissant. En France, il eut pour adversaires le parlement et l'Université, mais il n'en exerça pas moins sous Louis XIV une influence considérable. Expulsé du Portugal en 1759, il le fut de France en 1762, puis en 1880. Un moment supprimé par Clément XIV en 1773, l'ordre avait été rétabli par Pie VII en 1814.
https://www.wikidata.org/wiki/Q2995247	Jésuites (Constitutions des), livre célèbre, code organique de la compagnie de Jésus, rédigé par le fondateur de cet ordre, Ignace de Loyola (1540).
https://www.wikidata.org/wiki/Q302	JÉSUS [zu] ou JÉSUS-CHRIST, c'est-à-dire le Sauveur, le fils de Dieu d'après les Evangiles, et le Messie prédit par les prophètes ; né en l'an 749 de Rome, bien que le calcul fait au vie siècle par le moine Denys, et sur lequel repose la chronologie de l'ère chrétienne ait placé à tort cette naissance en l'an 754. M. sur la croix en 34 de l'ère moderne.
https://www.wikidata.org/wiki/Q5494602	Jésus au milieu des docteurs, tableau de Paul Véronèse, musée de Madrid.
https://www.wikidata.org/wiki/Q3092598	JÉSUS, fils de Syrac, auteur d'un des livres de l'Ancien Testament, l'Ecclésiastique (iiie siècle av. notre ère).
https://www.wikidata.org/wiki/Q62788	JÉTHRO ou RAGUEL, beau-père de Moïse.
https://www.wikidata.org/wiki/Q1170425	Jeu de l'Amour et du Hasard, comédie de Marivaux, en trois actes, une de ses œuvres les plus délicates et les plus fines dans leur vérité (1730).
https://www.wikidata.org/wiki/Q60022	Jeu de Paume (serment du), serment que prêtèrent, le 20 juin 1789, les députés du Tiers état de ne pas se séparer avant d'avoir donné une constitution à la France, bien que le roi Louis XVI leur eût refusé la salle habituelle de leurs délibérations. C'est le sujet d'un célèbre tableau de David (1792).
https://www.wikidata.org/wiki/Q1491202	Jeux Floraux [rô], académie toulousaine, qui distribue chaque année des prix de poésie. L'Académie des Jeux Floraux fut fondée par des troubadours en 1323 ; on lui donnait alors le nom de Collège de la gaie science. On y distribuait aux meilleures pièces de vers en langue d'oc des prix consistant en différentes fleurs d'or et d'argent, telles que la violette, l'églantine, l'amarante ; d'où le nom de Jeux Floraux. Vers 1500, la tradition veut qu'une dame de Toulouse, Clémence Isaure, célèbre par sa beauté et son esprit, ait donné un nouvel éclat à cette Académie, à l'avenir de laquelle elle aurait consacré une partie de sa fortune. En tout cas, les jeux furent réorganisés en 1694, et à partir de ce moment, le français y fut seul admis. L'Académie des Jeux floraux, supprimée en 1790, fut rétablie en 1806. C'est la plus ancienne société littéraire de l'Europe.
https://www.wikidata.org/wiki/Q312546	JEVONS [vonss] (Stanley), philosophe et économiste anglais, de l'école libre-échangiste (1835-1882).
https://www.wikidata.org/wiki/Q721295	JÉZABEL, femme d'Achab, roi d'Israël, et mère d'Athalie, dévorée par des chiens (Bible). En littérature, on fait quelquefois allusion à la fin tragique de cette reine impie. C'est elle qui figure si dramatiquement dans le fameux songe d'Athalie, de la tragédie de ce nom, de Racine : Ma mère Jézabel devant moi s'est montrée. ... Son ombre vers mon lit a paru se baisser. Et moi je lui tendais les bras pour l'embrasser ; Mais je n'ai plus trouvé qu'un horrible mélange D'os et de chairs meurtris et traînés dans la fange, Des lambeaux pleins de sang et des membres affreux Que des chiens dévorants se disputaient entre eux.
https://www.wikidata.org/wiki/Q2914898	JEZRAËL, anc. v. de Palestine, tribu d'Issachar.
https://www.wikidata.org/wiki/Q62605	JHERING [iè-rin'gh'] (Rudolf de), jurisconsulte allemand, né à Aurich (1818-1892).
https://www.wikidata.org/wiki/Q342392	JIMÉNÈS. Biog. V. Ximénès.
https://www.wikidata.org/wiki/Q156713	JITOMIR, v. de Russie, ch.-l. de la Volhynie ; 65.000 h.
https://www.wikidata.org/wiki/Q1296766	JIVAROS ou GIVAROS, Indiens de l'Amérique du Sud, qui vivent sur les flancs de la Cordillère.
https://www.wikidata.org/wiki/Q1141064	JOAB, neveu et général de David, tué en 1014 av. J.-C., par ordre de Salomon.
https://www.wikidata.org/wiki/Q334729	JOACHAZ [kaz], roi d'Israël de 848 à 832 av. J.-C., fils de Jéhu.
https://www.wikidata.org/wiki/Q336832	JOACHAZ, roi de Juda en 609 av. J.-C., détrôné par Nékao.
https://www.wikidata.org/wiki/Q319034	JOACHIM [chin], roi de Juda, frère et successeur du précédent (fin du vie s. av. J.-C.).
https://www.wikidata.org/wiki/Q319049	JOACHIM, nom que prit en montant sur le trône, vers 598 av. J.-C., le dernier roi de Juda, Jéchonias. Nabuchodonosor l'emmena à Babylone.
https://www.wikidata.org/wiki/Q314700	JOACHIM (saint), époux de sainte Anne et père de la Vierge Marie.
https://www.wikidata.org/wiki/Q199991	JOACHIM de Flore, théologien mystique né à Celico (Calabre), vers 1145, m. en 1202.
https://www.wikidata.org/wiki/Q2194240	JOAD ou JOÏADAH, grand prêtre des Juifs. Il éleva secrètement le jeune Joas, soustrait à la fureur d'Athalie et le fit proclamer roi. C'est le sujet de la tragédie de Racine, Athalie.
https://www.wikidata.org/wiki/Q121559	JOANNE (Adolphe), géographe français, né à Dijon, auteur de Guides très répandus, et d'un Dictionnaire des communes de France (1813-1881).
https://www.wikidata.org/wiki/Q313229	JOAS [âss], roi de Juda après la mort d'Athalie. C'est l'Eliacin, de Racine. V. Eliacin.
https://www.wikidata.org/wiki/Q334736	JOAS, fils et successeur de Joachaz, roi d'Israël (vie s. av. J.-C.).
https://www.wikidata.org/wiki/Q109920	JOATHAN, fils d'Osias, roi de Juda de 752 à 737 av. J.-C.
https://www.wikidata.org/wiki/Q179962	JOB, personnage biblique, patriarche célèbre par sa piété et sa résignation. C'était un des hommes les plus riches et les plus puissants du pays de Hus, en Idumée, et le Seigneur se glorifiait de la vertu de son serviteur Job. Satan obtint du Très-Haut de mettre cette vertu à l'épreuve, et Job se vit bientôt accablé de maux, de souffrances et privé de toutes ses richesses. Assis sur un fumier, tourmenté par sa femme, raillé par ses amis, il n'en continua pas moins à bénir la main qui le frappait. — Le fumier de Job, sa résignation, les invectives de sa femme, la moquerie de ses amis, ont passé dans la langue et donnent lieu à de fréquentes allusions. Mais la circonstance qu'on rappelle le plus souvent est le cheval de Job, allusion à une magnifique description de ce compagnon de l'homme.
https://www.wikidata.org/wiki/Q131445	JOCASTE, femme de Laïus, roi de Thèbes ; mère d'Œdipe, elle épousa ce dernier sans savoir qu'il fût son fils et elle en eut Etéocle, Polynice, Antigone et Ismène. Après l'exil d'Œdipe elle se pendit de désespoir (Myth.).
https://www.wikidata.org/wiki/Q106961047	Jocelyn [lin], grand et beau poème, plein de vie et de passion, sur un pauvre curé de village, par A. de Lamartine (1835). De ce poème Armand Silvestre et Victor Capoul ont tiré un livret d'opéra en quatre actes, musique de Benjamin Godard (1888).
https://www.wikidata.org/wiki/Q12418	Joconde (la), chef-d'œuvre de Léonard de Vinci (Louvre). C'est le portrait de la belle Mona Lisa, femme du Florentin Francesco del Giocondo. Léonard de Vinci y travailla, dit-on, quatre années sans l'avoir fini à son gré. Devant son mystérieux sourire, devant son regard chargé d'une indéchiffrable pensée, on demeure inquiet et comme troublé. Il en existe plusieurs répétitions.
https://www.wikidata.org/wiki/Q3179922	Jocrisse, personnage de nos anciennes farces, qu'on retrouve encore dans les parades de saltimbanques. Jocrisse est le niais par excellence, crédule et naïf à l'excès, le jouet de ses compagnons.
https://www.wikidata.org/wiki/Q3179928	JODELET [lè] (Julien Bedeau, dit), acteur comique français (1590-1660).
https://www.wikidata.org/wiki/Q289801	JODELLE (Etienne), poète dramatique français, membre de la Pléiade. Il fit représenter devant Henri II, au collège de Boncourt (Ecole polytechnique), la première tragédie régulière de la scène française, Cléopâtre, œuvre imitée, trop servilement, des anciens (1532-1573).
https://www.wikidata.org/wiki/Q45053	JOËL, un des douze petits prophètes, contemporain de Jérémie.
https://www.wikidata.org/wiki/Q34647	JOHANNESBURG [io-ha-nès-bourgh'], v. pr. du Transvaal, au milieu du célèbre district minier du Witwaterstrand ; 102.000 h.
https://www.wikidata.org/wiki/Q1698901	JOHANNISBERG [io-ha-nis-bèrgh'], village du duché de Hesse-Nassau (Prusse), sur les collines du Rheingau. Vin renommé.
https://www.wikidata.org/wiki/Q2645236	JOHANNOT [no] (Alfred et Tony), peintres et graveurs français ; le premier, né à Offenbach [Hesse] (1800-1837) et le deuxième, né à Offenbach (1803-1852).
https://www.wikidata.org/wiki/Q742971	JOHN BULL. V. Bull.
https://www.wikidata.org/wiki/Q106961078	John Bull, une des meilleures comédies anglaises, par Colman (1805).
https://www.wikidata.org/wiki/Q183266	JOHNSON [djon'-son'] (Samuel), littérateur anglais, auteur d'un excellent dictionnaire (1709-1784).
https://www.wikidata.org/wiki/Q8612	JOHNSON (Andrew), président des Etats-Unis en 1865, après l'assassinat de Lincoln (1808-1875).
https://www.wikidata.org/wiki/Q106975324	Joie fait peur (la), petit drame en un acte, simple et pathétique, par Mme Emile de Girardin (1854).
https://www.wikidata.org/wiki/Q3385603	JOIGNEAUX [gnô] (Pierre), agronome français, né à Ruffey-lès-Beaune (1815-1892).
https://www.wikidata.org/wiki/Q476584	JOIGNY, ch.-l. d'arr. (Yonne), sur l'Yonne. Ch. de f. P.-L.-M. ; à 25 kil. N.-O. d'Auxerre ; 6.300 h. (Joviniens). Vignobles. — L'arr. a 9 cant., 108 comm., 84.000 h.
https://www.wikidata.org/wiki/Q817418	JOINVILLE, ch.-l. de c. (Haute-Marne), arr. de Wassy, sur la Marne ; 4.000 h. (Joinvillois). Ch. de f. E. Château bâti par Claude de Lorraine.
https://www.wikidata.org/wiki/Q328747	JOINVILLE (le sire de), historien français, conseiller de Louis IX, né à Joinville [Haute-Marne] (1224-1317). V. Mémoires.
https://www.wikidata.org/wiki/Q609134	JOINVILLE-LE-PONT [pon], comm. du dép. de la Seine, arr. de Sceaux, sur la Marne ; 6.000 h. (Joinvillais). Ch. de f. E. Ecole militaire de gymnastique et d'escrime.
https://www.wikidata.org/wiki/Q379621	JOKAI (Maurice), romancier et publiciste hongrois (1825-1904).
https://www.wikidata.org/wiki/Q3209885	Jolie fille de Perth (la), roman de Walter Scott (1828) ; peinture des mœurs guerrières de l'ancienne Ecosse. De ce roman, Saint-Georges et Jules Adenis ont tiré un livret d'opéra-comique en quatre actes et cinq tableaux, musique de G. Bizet (1867).
https://www.wikidata.org/wiki/Q8012193	Jolie Parfumeuse (la), opérette en trois actes, paroles de Crémieux et Ernest Blum, musique d'Offenbach (1873).
https://www.wikidata.org/wiki/Q83887109	Jolie Persane (la), opérette-bouffe en trois actes, livret de Leterrier et Vanloo, musique de Ch. Lecoq (1879) ; musique mélodieuse et bien rythmée.
https://www.wikidata.org/wiki/Q42531261	JOLY DE FLEURY (Guillaume-François), magistrat français, né à Paris (1673-1756).
https://www.wikidata.org/wiki/Q115652	JOMINI (Henri), général français, auteur de traités de tactique militaire très estimés, né à Payerne [Suisse] (1779-1869).
https://www.wikidata.org/wiki/Q312891	JOMMELLI (Nicolas), compositeur, surnommé le Gluck de l'Italie (1714-1774).
https://www.wikidata.org/wiki/Q2468262	JONAS [nâss], un des douze petits prophètes qui, d'après la Bible, fut miraculeusement rendu à la vie après avoir passé trois jours dans le ventre d'une baleine.
https://www.wikidata.org/wiki/Q1797029	Jonathan, sobriquet donné au peuple des Etats-Unis. V. Sam (oncle).
https://www.wikidata.org/wiki/Q74891	JONATHAS [tass], fils de Saül et ami de David.
https://www.wikidata.org/wiki/Q724933	JONCIÈRES (Victorin de), compositeur français, né à Paris (1839-1903).
https://www.wikidata.org/wiki/Q295929	JONES (Inigo), architecte anglais d'origine espagnole, surnommé le Vitruve anglais (1572-1651).
https://www.wikidata.org/wiki/Q273969	JONES (William), indianiste anglais (1746-1794.)
https://www.wikidata.org/wiki/Q314333	JONES (Paul), marin écossais, né à Arbigland. Il se distingua comme amiral de la flotte américaine pendant la guerre de l'indépendance (1747-1792).
https://www.wikidata.org/wiki/Q2059350	Jongleur de Notre-Dame (le), « miracle » en trois actes, poème de Maurice Léna, musique de Massenet.
https://www.wikidata.org/wiki/Q25415	JONKŒPING, v. de la Suède méridionale, à la pointe S. du lac Vetter ; 21.000 h. ; allumettes.
https://www.wikidata.org/wiki/Q193857	JONSON (Benjamin) ou BEN JOHNSON, un des meilleurs poètes dramatiques de l'Angleterre, ami de Shakspeare (1572 ou 1573-1637).
https://www.wikidata.org/wiki/Q213299	JONZAC [zak], ch.-l. d'arr. (Charente-Inférieure), sur la Seugne ; 3.500 h. (Jonzacais). Ch. de f. Et., à 216 kil. S.-E. de La Rochelle. Vins, eau-de-vie. — L'arrond. a 17 cant., 120 comm., 69.000 h.
https://www.wikidata.org/wiki/Q180294	JOPPÉ, anc. v. de la Palestine, auj. Jaffa.
https://www.wikidata.org/wiki/Q313215	JORAM [ram'], roi de Juda époux d'Athalie. (ixe s. av. J.-C.)
https://www.wikidata.org/wiki/Q334739	JORAM, fils d'Achab, roi d'Israël (ixe s. av. J.-C.).
https://www.wikidata.org/wiki/Q671265	JORAT [ra], partie de la chaîne des Alpes suisses, entre les lacs de Genève et de Neuchâtel.
https://www.wikidata.org/wiki/Q270658	JORDAENS [danss] (Jacob), peintre flamand, né à Anvers (1593-1678). Ses tableaux brillent par la composition, l'éclat du coloris et une entente parfaite du clair-obscur.
https://www.wikidata.org/wiki/Q2934969	JORDAN (Camille), écrivain et homme politique français, né à Lyon en 1771 ; m. à Paris en 1821.
https://www.wikidata.org/wiki/Q2173092	JORDAN (Rodolphe), peintre allemand, né à Berlin (1810-1887).
https://www.wikidata.org/wiki/Q131548	JORNANDÈS [dèss] ou mieux JORDANÈS, historien goth du vie siècle. Il a écrit en latin des compilations utiles à consulter pour les traditions gothiques.
https://www.wikidata.org/wiki/Q4202829	JOSABETH, femme du grand prêtre Joad.
https://www.wikidata.org/wiki/Q126689	JOSAPHAT [fat'], un des plus pieux rois de Juda. Il régna de 904 à 889 av. J.-C.
https://www.wikidata.org/wiki/Q531729	JOSAPHAT (vallée de), entre Jérusalem et le mont des Oliviers, arrosée par le Cédron. Le mot Josaphat veut dire Jugement de Dieu. C'est là, suivant la doctrine chrétienne, que les morts doivent se trouver rassemblés le jour du jugement dernier.
https://www.wikidata.org/wiki/Q145746	JOSEPH [zèf], fils de Jacob et de Rachel, personnage biblique dont l'histoire est racontée dans la Genèse, vendu par ses frères et conduit en Egypte, il devint ministre du pharaon et fit venir les Israélites dans le pays de Gessen.
https://www.wikidata.org/wiki/Q3184458	Joseph, opéra en trois actes de Méhul, paroles d'Alex. Duval, partition pleine de pensées musicales bien exprimées (1807).
https://www.wikidata.org/wiki/Q128267	JOSEPH (saint), époux de la sainte Vierge, père nourricier de Jésus-Christ. Fête le 19 mars.
https://www.wikidata.org/wiki/Q271474	JOSEPH d'Arimathie, disciple de Jésus-Christ.
https://www.wikidata.org/wiki/Q548497	JOSEPH (Joseph du Tremblay, dit le Père), confident et conseiller écouté de Richelieu, surnommé l'Eminence grise, né à Paris (1577-1638).
https://www.wikidata.org/wiki/Q152480	JOSEPH Ier, empereur d'Allemagne de 1705 à 1711 ; — Joseph II, empereur d'Allemagne de 1765 à 1790. Favorable aux idées philosophiques du xviiie siècle, il tenta dans ses Etats des réformes prématurées, qui échouèrent.
https://www.wikidata.org/wiki/Q1058391	JOSEPH, roi de Portugal de 1750 à 1777.
https://www.wikidata.org/wiki/Q3321464	Joseph Prudhomme. V. Prudhomme.
https://www.wikidata.org/wiki/Q134461	JOSÈPHE (Flavius), historien juif, auteur des Antiquités judaïques (37-95).
https://www.wikidata.org/wiki/Q171480	JOSÉPHINE TASCHER DE LA PAGERIE, née à la Martinique en 1763. Elle épousa, en 1779, le vicomte de Beauharnais, mort sur l'échafaud en 1794, puis le général Bonaparte en 1796. Elle devint impératrice en 1804, mais Napoléon divorça en 1809. Joséphine mourut cinq ans plus tard à la Malmaison.
https://www.wikidata.org/wiki/Q933026	JOSEPPIN (Giuseppe), peintre italien (1560-1640).
https://www.wikidata.org/wiki/Q313228	JOSIAS [zi-âss], roi de Juda de 641 à 610 av. J.-C., vaincu par Nekao.
https://www.wikidata.org/wiki/Q106975396	Josse (Monsieur), personnage d'une comédie de Molière, dont les écrivains rappellent fréquemment le nom dans cette phrase restée célèbre : Vous êtes orfèvre, monsieur Josse, pour rappeler à un homme qu'il a un intérêt direct au succès des choses dont il fait une pompeuse apologie.
https://www.wikidata.org/wiki/Q71500	JOSSELIN, ch.-l. de c. (Morbihan), arr. de Ploërmel, sur l'Oust ; 2.500 h. (Josselinais). C'est non loin de Josselin qu'eut lieu le fameux combat des Trente.
https://www.wikidata.org/wiki/Q7734	JOSUÉ, chef des Hébreux après Moïse et conquérant de la terre de Chanaan. C'est lui qui, d'après la Bible, combattit contre Adonisédech, roi de Jérusalem, ordonna au soleil de s'arrêter, pour lui permettre d'achever sa victoire.
https://www.wikidata.org/wiki/Q2617965	JOUAN ou JUAN (golfe), sur la côte S-O. du dép. des Alpes-Maritimes, à l'E. d'Antibes. Napoléon y débarqua au retour de l'île d'Elbe.
https://www.wikidata.org/wiki/Q551754	JOUBERT (Joseph), moraliste français, né à Montignac. On lui doit des Pensées d'une grande finesse d'observation (1754-1824).
https://www.wikidata.org/wiki/Q128743	JOUBERT [bèr] (Barthélemy), général français, né à Pont-de-Vaux, tué à la bataille de Novi (1769-1799).
https://www.wikidata.org/wiki/Q469797	JOUBERT (Pietrus-Jacobus), général transvaalien, né à Cango (Natal), se distingua en 1881 et en 1899 contre les Anglais (1831-1900).
https://www.wikidata.org/wiki/Q3223636	Joueur (le), comédie en cinq actes et en vers, une des meilleures de Regnard (1696).
https://www.wikidata.org/wiki/Q106961226	Joueur de violon (le), chef-d'œuvre de Raphaël ; palais Sciarra, à Rome.
https://www.wikidata.org/wiki/Q106962987	Joueurs de boules (les), tableau de Meissonier (1855).
https://www.wikidata.org/wiki/Q106975458	Joueuse d'osselets (la), statue antique, au Louvre ; — statue antique, au musée de Berlin.
https://www.wikidata.org/wiki/Q1096744	JOUFFROY D'ABBANS [froi-da-banss] (Claude-François, marquis de), né à Roche-sur-Rognon (Haute-Marne), inventeur de la navigation à vapeur (1751-1832).
https://www.wikidata.org/wiki/Q610240	JOUFFROY (Théodore), philosophe spiritualiste français, né aux Pontets [Doubs] (1796-1842).
https://www.wikidata.org/wiki/Q157623	JOUKOVSKY (Vasili), poète russe, né près de Mitschensko. Il suggéra au tsar Alexandre II, dont il fut le précepteur, la libération des serfs (1783-1852).
https://www.wikidata.org/wiki/Q40059	JOURDAIN [din], fleuve de la Palestine. Il sort de l'Anti-Liban, traverse le lac de Tibériade et se jette dans la mer Morte ; 700 kil. Le Jourdain joue un grand rôle dans l'histoire du christianisme ; c'est dans ses eaux que Jésus-Christ fut baptisé par saint Jean-Baptiste.
https://www.wikidata.org/wiki/Q4181876	JOURDAIN (Charles), philosophe français, né à Paris (1817-1886).
https://www.wikidata.org/wiki/Q63492403	Jourdain (monsieur), principal personnage du Bourgeois gentilhomme, comédie de Molière. C'est la mise en relief des travers d'un marchand enrichi, qui voudrait faire oublier son ancien état et qui, pour acquérir les manières d'un véritable gentilhomme, prend des leçons de toute sorte, se fait duper par tout le monde et se prête bénévolement aux mystifications les plus ridicules. M. Jourdain est très étonné d'apprendre par son professeur de philosophie que, depuis quarante ans qu'il parle, il fait de la prose sans le savoir. Ce type si plaisant donne lieu à de fréquentes allusions.
https://www.wikidata.org/wiki/Q1908631	JOURDAN (Mathieu Jouve, dit Jourdan Coupe-Tête, un des plus féroces terroristes de la Provence, né à Saint-Just, m. sur l'échafaud (1749-1794).
https://www.wikidata.org/wiki/Q250003	JOURDAN (Jean-Baptiste), maréchal de France, né à Limoges, vainqueur à Fleurus (1794), gouverneur de l'hôtel des Invalides sous Louis-Philippe (1762-1833).
https://www.wikidata.org/wiki/Q60788595	Jour et la nuit (Le), opérette en trois actes, paroles de Leterrier et Vanloo, musique de Ch. Lecocq (1881) ; livret amusant, partition charmante.
https://www.wikidata.org/wiki/Q106963008	Journal de Pierre de l'Estoile, recueil impartial de renseignements originaux sur les règnes de Henri III et de Henri IV (1574-1611).
https://www.wikidata.org/wiki/Q106963080	Journal de Dangeau, mémoires volumineux et pleins d'intérêt sur la cour de Louis XIV.
https://www.wikidata.org/wiki/Q1815103	Journal officiel, publication officielle, qui a succédé en 1868, au Moniteur universel. Exploité en régie, sous le contrôle du ministère de l'intérieur, le Journal officiel publie, chaque jour, les lois, décrets, actes, documents administratifs, émanant du gouvernement, des renseignements économiques, etc., ainsi que le compte rendu in extenso des débats des deux Chambres. Une édition spéciale du Journal officiel est envoyée obligatoirement, pour être affichée, à toutes les communes non chefs-lieux de canton.
https://www.wikidata.org/wiki/Q927072	Journal des savants, recueil littéraire, fondé à Paris en 1665, par M. de Sallo, conseiller au Parlement, la première publication de ce genre que l'Europe ait possédée. Rédigé par les membres de l'institut et imprimé à l'imprimerie nationale, ce journal publie un grand nombre de travaux d'érudition et de comptes rendus critiques de premier ordre.
https://www.wikidata.org/wiki/Q106963101	Journal historique et anecdotique du règne de Louis XV, par l'avocat Barbier, mémoires pleins de renseignements utiles et intéressants.
https://www.wikidata.org/wiki/Q775332	JOUVENCE [van-se], nymphe que Jupiter métamorphosa en une fontaine, aux eaux de laquelle il donna la vertu de rajeunir ceux qui viendraient s'y baigner (Myth.).
https://www.wikidata.org/wiki/Q712455	JOUVENET [nè] (Jean), peintre d'histoire français, né à Rouen (1644-1717).
https://www.wikidata.org/wiki/Q1090706	JOUX [jou], fort du Doubs, près Pontarlier, à 1.030 m. d'altitude, commandant les routes et les voies ferrées vers Neuchâtel et Lausanne.
https://www.wikidata.org/wiki/Q204889	JOUY (Etienne de), littérateur français, né à Jouy, près Versailles (1764-1846).
https://www.wikidata.org/wiki/Q437543	JOVE (Paul), historien latin moderne, né à Côme ; auteur de célèbres Histoires, écrites avec sincérité et talent (1483-1552).
https://www.wikidata.org/wiki/Q34074	JOVIEN [vi-in], empereur romain de 363 à 364.
https://www.wikidata.org/wiki/Q364171	JOVIN, noble Gaulois proclamé empereur en 411 et tué en 412.
https://www.wikidata.org/wiki/Q391249	JOYEUSE, ch.-l. de c. (Ardèche), arr. de Largentière, non loin de la Baume, affl. de l'Ardèche ; 2.000 h. (Joyeusains). Soieries.
https://www.wikidata.org/wiki/Q565927	JOYEUSE [joi-ieu-ze] (Anne, duc de), favori de Henri III, amiral de France, tué à la bataille de Coutras (1561-1587) ; — Joyeuse (François de), cardinal français, frère du précédent (1562-1615) ; — Joyeuse (Henri de), frère des précédents (1567-1608).
https://www.wikidata.org/wiki/Q844836	Joyeuses commères de Windsor (Les), comédie en cinq actes, de Shakspeare, dont Falstaff est le ridicule héros. Pièce un peu grossière, mais très gaie et à peu près unique en son genre dans l'œuvre de Shakspeare.
https://www.wikidata.org/wiki/Q157107	JUAN D'AUTRICHE (don), fils naturel de Charles-Quint, gouverneur des Pays-Bas. Il gagna sur les Turcs la bataille de Lépante (1547-1578).
https://www.wikidata.org/wiki/Q106963121	Juan d'Autriche (Don), comédie en cinq actes et en prose de Casimir Delavigne (1835).
https://www.wikidata.org/wiki/Q442594	JUAN D'AUTRICHE (don), fils naturel de Philippe IV, roi d'Espagne (1629-1679).
https://www.wikidata.org/wiki/Q210372	Juan (don), v. Don Juan.
https://www.wikidata.org/wiki/Q156325	JUAN-FERNANDEZ [dèz'] (île de), île du Pacifique, à l'O. du Chili, théâtre des aventures du matelot anglais A. Seldkirk, qui y séjourna de 1704 à 1709, et qui a servi de type au Robinson Crusoé.
https://www.wikidata.org/wiki/Q182276	JUAREZ [rèz'] (Benito), président de la république mexicaine pendant l'expédition française (1806-1872).
https://www.wikidata.org/wiki/Q379277	JUBA Ier, roi de Numidie, du parti de Pompée ; m. en 42 av. J.-C. — Son fils, Juba II, roi de Mauritanie, m. en 18.
https://www.wikidata.org/wiki/Q282220	JUDA, un des douze fils de Jacob.
https://www.wikidata.org/wiki/Q48685	JUDA (royaume de), formé des tribus de Juda et de Benjamin à la mort de Salomon et détruit par Nabuchodonosor.
https://www.wikidata.org/wiki/Q81018	JUDAS [da] Iscariote, celui des douze apôtres qui trahit Jésus-Christ et dont le nom est passé dans la langue pour désigner un traître.
https://www.wikidata.org/wiki/Q111559	JUDAS MACCHABÉE. V. Macchabée.
https://www.wikidata.org/wiki/Q43945	JUDE (saint), l'un des douze apôtres. Fête le 28 octobre.
https://www.wikidata.org/wiki/Q104028	JUDÉE, partie de la Palestine entre la mer Morte et la Méditerranée, ou plus généralement la Palestine tout entière. (Hab. Juifs.)
https://www.wikidata.org/wiki/Q592038	JUDICAËL, roi des Bretons ; m. en 658.
https://www.wikidata.org/wiki/Q28532552	JUDITH, héroïne juive qui coupa la tête à Holopherne (Bible.).
https://www.wikidata.org/wiki/Q28027812	Judith et Holopherne, chef-d'œuvre de Bronzino, palais Pitti (Florence) ; — tableau d'H. Vernet, au Louvre ; — groupe de Donatello, à Florence.
https://www.wikidata.org/wiki/Q169547	JUDITH de Bavière, deuxième femme de Louis le Débonnaire et mère de Charles le Chauve (808-843).
https://www.wikidata.org/wiki/Q40745	Jugement de Dieu. On appelait autrefois jugements de Dieu ou ordalies, les épreuves auxquelles on avait recours pour s'assurer de l'innocence ou de la culpabilité d'un accusé, lorsque les preuves matérielles manquaient. Ces épreuves consistaient à plonger le bras dans un vase d'eau bouillante, ou à prendre avec la main une barre de fer rouge, ou bien encore à tenir les bras élevés en croix. Ceux qui restaient le plus longtemps dans ces positions avaient gain de cause. Saint Louis, en n'admettant plus que les preuves par témoins, abolit ces épreuves barbares, ainsi que les combats judiciaires, dans lesquels, de deux adversaires, le vainqueur était proclamé innocent ; et, dès lors, disparurent ces sortes de jugements, où la raison et l'équité étaient obligées de céder au caprice du hasard ou à la fraude.
https://www.wikidata.org/wiki/Q567861	Jugement dernier (le), fresque de Michel-Ange (Vatican) ; — tableau de Rogier van der Weyden, hôpital de Beaune (Côte-d'Or) ; — triptyque de Memling (Dantzig) ; — tableau de Lucas de Leyde (Leyde), de Rubens (Munich), etc.
https://www.wikidata.org/wiki/Q2273452	Jugement de Pâris (le), tableau de Rubens, à la National Gallery ; — du même, galerie de Dresde ; — de Van der Werf, même galerie.
https://www.wikidata.org/wiki/Q21680525	Jugement de Salomon (le), tableau de Gaspard de Crayer, musée de Gand ; — de Poussin, au Louvre.
https://www.wikidata.org/wiki/Q621421	Juges, chefs suprêmes des Hébreux depuis Moïse jusqu'à l'institution de la royauté par Samuel au profit de Saül.
https://www.wikidata.org/wiki/Q81240	Juges (Livre des), un des livres canoniques de la Bible, contenant l'histoire des chefs ainsi nommés.
https://www.wikidata.org/wiki/Q328773	JUGON, ch.-l. de c. (Côtes-du-Nord), arr. de Dinan, sur l'Arguenon ; 530 h. (Jugonais.)
https://www.wikidata.org/wiki/Q156173	JUGURTHA, roi de Numidie, neveu de Micipsa. Il lutta contre les Romains et fut vaincu (vers 154-105 av. J.-C.).
https://www.wikidata.org/wiki/Q669196	Jugurtha (Histoire de la guerre de), par Salluste ; composition essentiellement littéraire, remarquable par la vigueur du style, la verve du récit et la vérité des portraits.
https://www.wikidata.org/wiki/Q464017	Juif errant. Le Juif errant est un symbole du peuple juif, condamné, depuis tant de siècles, à errer loin de son pays. On raconte que Jésus, portant sa croix et pliant sous le faix, voulut se reposer devant la porte du Juif Ahasvérus, qui le chassa brutalement, et que, pour le punir, le Seigneur lui dit : « Tu seras errant sur la terre jusqu'à ce que je vienne. » Aussitôt le Juif se mit à marcher ; depuis, poussé par une force irrésistible, il erre continuellement, sans pouvoir trouver un lieu de repos.
https://www.wikidata.org/wiki/Q2701079	Juif errant (Le) roman d'Eugène Sue (1845), écrit en un style où ne manquent pas les incohérences, mais intéressant par les caractères des personnages ; c'est avec les Mystères de Paris, du même auteur, le premier roman-feuilleton.
https://www.wikidata.org/wiki/Q106975972	Juif polonais (Le), drame en trois actes et cinq tableaux d'Erckmann-Chatrian (1869). Cain et Gheusi en ont tiré le livret d'un conte lyrique en trois actes et six tableaux, musique d'Erlanger (1900).
https://www.wikidata.org/wiki/Q7325	JUIFS, peuple de l'Asie, que l'on désigne aussi sous les noms de peuple de Dieu, Hébreux et Israélites. V. Palestine.
https://www.wikidata.org/wiki/Q592833	JUILLAC [ll mll., ak], ch.-l. de c. (Corrèze), arr. de Brive ; 2.500 h. Bestiaux.
https://www.wikidata.org/wiki/Q6539	Juillet 1780 (journée du 14), première insurrection des Parisiens pendant la Révolution, qui eut pour résultat la prise de la Bastille.
https://www.wikidata.org/wiki/Q214028	Juillet 1830 (révolution ou journées de), insurrection des Parisiens contre Charles X. Elle fut provoquée par les ordonnances impolitiques que le ministre de Polignac avait sollicitées, et aboutit après deux jours de lutte dans Paris, à l'exil de la branche aînée des Bourbons, et à l'avènement de Louis-Philippe.
https://www.wikidata.org/wiki/Q269641	Juillet (colonne de), sur la place de la Bastille, à Paris. Colonne en bronze, de 50 mètres de hauteur, élevée en commémoration de la révolution de juillet 1830. Une statue en bronze doré, représentant le génie de la Liberté la surmonte.
https://www.wikidata.org/wiki/Q243470	JUILLY [ll mll.], comm. de Seine-et-Marne, arr. de Meaux ; 1.000 h. Collège célèbre, fondé par les oratoriens.
https://www.wikidata.org/wiki/Q671542	Juin 1848 (journées de), insurrection qui ensanglanta Paris pendant quatre jours à la suite du licenciement de 120.000 ouvriers des ateliers nationaux. Elle fut réprimée par le général Cavaignac.
https://www.wikidata.org/wiki/Q339043	Juive (la), opéra en cinq actes d'Halévy, paroles de Scribe ; livret très dramatique. La musique, émouvante et très scénique, en fait un des chefs d'œuvre de notre scène lyrique (1835).
https://www.wikidata.org/wiki/Q103101	JULES Ier (saint), pape de 337 à 352. Fête le 11 avril ; — Jules II (Julien de La Rovère), pape de 1503 à 1513. Il fut un grand politique et prit part aux guerres d'Italie ; — Jules III, pape de 1550 à 1555.
https://www.wikidata.org/wiki/Q686848	Jules II (portrait du pape), tableau de Raphaël, musée des Offices (Florence) ; tête intelligente, énergique, mais dont le regard a une fixité sinistre ; — de Giovanni Massone (Louvre).
https://www.wikidata.org/wiki/Q215305	JULES ROMAIN, v. Romain.
https://www.wikidata.org/wiki/Q510193	JULIA (gens), illustre famille de Rome, à laquelle appartenait Jules César, et qui prétendait descendre d'iule ou Ascagne, fils d'Enée.
https://www.wikidata.org/wiki/Q235087	JULIE, fille de Jules César et femme de Pompée ; m. en 54 av. J.-C.
https://www.wikidata.org/wiki/Q2259	JULIE, fille d'Auguste, célèbre par sa beauté et le dérèglement de ses mœurs ; elle épousa successivement Marcellus, Agrippa et Tibère (39 av. J.-C. — 14 ap. J.-C.).
https://www.wikidata.org/wiki/Q237982	JULIE (sainte), martyre en 439. Fête le 22 mai.
https://www.wikidata.org/wiki/Q129289	Julie ou la Nouvelle Héloïse, célèbre roman épistolaire de J.-J. Rousseau (1761), plein d'une sentimentalité romanesque et passionnée, et d'un amour très vif de la nature.
https://www.wikidata.org/wiki/Q33941	JULIEN [li-in] l'Apostat, empereur romain de 361 à 363. Il avait été élevé dans la religion chrétienne, qu'il renia, d'où son surnom, et fit de vains efforts pour rétablir le paganisme. Blessé mortellement dans une guerre contre Sapor, roi de Perse, il mourut paisiblement suivant les uns. Suivant d'autres, il recueillit dans sa main le sang qui jaillissait de sa blessure et le lança contre le ciel en s'écriant : « Tu as vaincu, Galiléen ! »
https://www.wikidata.org/wiki/Q983142	JULIEN l'Hospitalier (saint), saint vénéré surtout en Espagne et en Sicile et sur lequel on ne possède aucun renseignement.
https://www.wikidata.org/wiki/Q32905341	JULIEN (l'Hospitalité de saint), chef-d'œuvre du Bronzino, au palais Pitti (Florence) ; composition, dessin, lumière, coloris, tout est parfait dans ce tableau.
https://www.wikidata.org/wiki/Q2990983	JULIEN (comte), gouverneur de l'Andalousie. Suivant d'anciennes légendes, poussé par un sentiment de vengeance, il ouvrit, en 711, aux Maures, l'entrée de l'Espagne.
https://www.wikidata.org/wiki/Q3385653	JULIEN (Pierre), statuaire français, auteur de la Baigneuse, né à Saint-Paulien [Hte-Loire] (1731-1804).
https://www.wikidata.org/wiki/Q373633	JULIEN (Stanislas), sinologue français, né à Orléans (1799-1873).
https://www.wikidata.org/wiki/Q119206	JULIENNES (Alpes). V. Alpes.
https://www.wikidata.org/wiki/Q16045	JULIERS [li-é], v. de Prusse, province rhénane ; autrefois capit. d'un duché de même nom ; 5.000 h.
https://www.wikidata.org/wiki/Q1092632	Juliette, personnage de Roméo et Juliette, tragédie de Shakspeare. V. Roméo.
https://www.wikidata.org/wiki/Q271542	JUMEAUX [mô], ch.-l. de c. (Puy-de-Dôme), arr. d'Issoire, sur l'Allier ; 1.100 h.
https://www.wikidata.org/wiki/Q843315	JUMET [mè], v. de Belgique (Hainaut) ; 25.000 h. Houille, métallurgie, verrerie.
https://www.wikidata.org/wiki/Q658613	JUMIÈGES, comm. de la Seine-Inférieure (arr. de Rouen), sur la Seine ; 1.000 h. Ruines d'une abbaye de bénédictins de date mérovingienne.
https://www.wikidata.org/wiki/Q138334	JUMILHAC-LE-GRAND [l mll., ak], ch.-l. de c. (Dordogne), arr. de Nontron, sur l'Isle naissante ; 3.400 h.
https://www.wikidata.org/wiki/Q15312	JUNGFRAU [ioun'gh'-fra-ou] (la), c'est-à-dire la Vierge, sommet des Alpes Bernoises ; 4.181 m.
https://www.wikidata.org/wiki/Q1713517	JUNIA (gens), illustre famille de Rome, d'où sortit Junius Brutus.
https://www.wikidata.org/wiki/Q914168	JUNIUS (Lettres de). V. lettres.
https://www.wikidata.org/wiki/Q988915	JUNIVILLE, ch.-l. de c. (Ardennes), arr. de Rethel, sur la Retourne ; 1.000 h.
https://www.wikidata.org/wiki/Q125046	JUNON, épouse de Jupiter, fille de Saturne, déesse du mariage. Les poètes la représentent comme hautaine, jalouse, et vindicative.
https://www.wikidata.org/wiki/Q13630165	Junon, statue antique (villa Borghèse).
https://www.wikidata.org/wiki/Q353907	JUNOT [no] (Andoche), duc d'Abrantès, général français, né à Bussy-le-Grand (Côte-d'Or). Aide de camp de Napoléon Ier pendant la première campagne d'Italie, il fit partie de l'expédition d'Egypte, et prit Lisbonne en 1807. Il se suicida dans un accès de folie (1771-1813).
https://www.wikidata.org/wiki/Q3107961	JUNTE (les), illustre famille d'imprimeurs vénitiens au xvie siècle.
https://www.wikidata.org/wiki/Q4649	JUPITER [tèr] ou ZEUS [zeuss], le père et le maître des dieux, chez les Grecs et chez les Romains. Il vainquit les Titans, renversa son père Saturne, donna à Neptune la mer, à Pluton l'enfer et garda pour lui le ciel et la terre. Les divers attributs qu'on lui reconnaissait lui valurent des surnoms nombreux : Jupiter Tonnant, Jupiter Férétrien, etc. Dans le style familier, on dit Jupin.
https://www.wikidata.org/wiki/Q46239	Jupiter Olympien, statue antique, de Phidias, à Olympie, regardée comme le chef-d'œuvre de la sculpture chez les anciens. L'une des sept merveilles du monde.
https://www.wikidata.org/wiki/Q9372007	Jupiter et Antiope, tableau du Titien, musée de Munich ; — même tableau au Louvre (v. Vénus del Pardo) ; — de Raphaël (Rome) ; de Poussin, à la National Gallery.
https://www.wikidata.org/wiki/Q319	JUPITER, la plus grosse des planètes de notre système solaire et qui est entourée de cinq satellites.
https://www.wikidata.org/wiki/Q178611	JURA, chaîne de montagnes entre la France et la Suisse, longueur 300 kil. La partie comprise entre le col de Saint-Cergues et la Dent de Vaulion s'appelle Noirmont. Les cimes les plus élevées sont : le Reculet (1.723 m.), le Grand Credo (1.690 m.), le mont Tendre (1.680).
https://www.wikidata.org/wiki/Q3120	JURA (dép. du), département formé par la Franche-Comté ; préf. Lons-le-Saunier ; s.-préf. Dole, Poligny, Saint-Claude ; 4 arr., 32 cant., 534 comm. ; 261.000 h. (Jurassiens). 7e région militaire ; cour d'appel de Besançon, évêché à Saint-Claude. Ce dép. doit son nom à la chaîne du Jura.
https://www.wikidata.org/wiki/Q199726	JURANÇON, comm. des Basses-Pyrénées, arr. de Pau, sur le gave de Pau ; 3.000 h. Vins renommés.
https://www.wikidata.org/wiki/Q3190149	Jurande, nom donné sous l'ancien régime à la fonction de ceux que les corps de métiers choisissaient pour veiller à leurs intérêts. V. corporations.
https://www.wikidata.org/wiki/Q963637	JURIEN DE LA GRAVIÈRE, marin et écrivain français, né à Brest ; auteur de travaux remarquables sur l'histoire de la marine (1812-1892).
https://www.wikidata.org/wiki/Q553769	JURIEU (Pierre), théologien protestant français, célère par ses polémiques avec Bossuet, né à Mer (1637-1713).
https://www.wikidata.org/wiki/Q2568776	Jurisprudence (la) ou la Justice, fresque de Raphaël : aux Chambres du Vatican.
https://www.wikidata.org/wiki/Q3033100	JURJURA. V. Djurdjura.
https://www.wikidata.org/wiki/Q904404	JUSSEY, ch.-l. de c. (Haute-Saône), arr. de Vesoul, sur l'Amance ; 2.600 h. Ch. de f. E.
https://www.wikidata.org/wiki/Q435674	JUSSIEU (Antoine de), botaniste français, né à Lyon (1686-1758) ; — Bernard, frère du précédent, célèbre botaniste français, né à Lyon (1699-1777) ; — Joseph, frère du précédent, botaniste, né à Lyon (1704-1779) ; — Antoine-Laurent, neveu des précédents et, comme eux, célèbre botaniste, né à Lyon (1748-1836) ; — Adrien, fils du précédent, botaniste non moins illustre que ses devanciers, né à Paris (1797-1853).
https://www.wikidata.org/wiki/Q2671799	JUST (saint), martyrisé en Espagne vers le ive siècle. Fête le 6 août.
https://www.wikidata.org/wiki/Q18822429	Just (Martyre de saint), tableau de Rubens, musée de Bordeaux.
https://www.wikidata.org/wiki/Q5111771	JUSTEL (Christophe), érudit et canoniste protestant, né à Paris (1580-1649).
https://www.wikidata.org/wiki/Q105824889	Justice (la), poème philosophique de Sully Prud'homme (1878).
https://www.wikidata.org/wiki/Q106976890	Justice de Trajan (la), tableau de Delacroix, musée de Rouen ; peinture du dessin le plus énergique, de l'exécution la plus fougueuse, du coloris le plus hardi.
https://www.wikidata.org/wiki/Q24882627	Justice et la vengeance divine poursuivant le Crime (la), chef-d'œuvre de Prud'hon (Louvre), magnifique allégorie, d'une poésie lugubre et saisissante.
https://www.wikidata.org/wiki/Q185117	JUSTIN (saint), auteur d'une Apologie de la religion chrétienne ; martyr vers 165. Fête le 12 juin.
https://www.wikidata.org/wiki/Q210853	JUSTIN, historien latin du iie siècle, qui a abrégé l'Histoire universelle de Trogue-Pompée.
https://www.wikidata.org/wiki/Q183445	JUSTIN Ier, empereur d'Orient de 518 à 527 ; — Justin II, empereur d'Orient de 565 à 578.
https://www.wikidata.org/wiki/Q29094266	JUSTINE (sainte), née à Antioche, martyrisée à Nicomédie vers 304. Fête le 7 octobre.
https://www.wikidata.org/wiki/Q288295	JUSTINE (sainte), de Padoue ; elle subit le martyre sous Dioclétien. Fête le 26 septembre.
https://www.wikidata.org/wiki/Q254471	JUSTINE, impératrice romaine, épouse de Valentinien Ier ; m. en 388.
https://www.wikidata.org/wiki/Q41866	JUSTINIEN Ier [ni-in], empereur d'Orient de 527 à 565. Il eut pour généraux Bélisaire et Narsès, et combattit les Vandales et les Perses ; il fit compiler le Digeste, les Institutes, les Novelles et les Codes. Il épousa une ancienne courtisane, Théodora ; — Justinien II, empereur d'Orient en 685, détrôné par Léonce en 695, rétabli en 705, assassiné en 711.
https://www.wikidata.org/wiki/Q25389	JUTLAND, presqu'île du Danemark, au N. du Slesvig ; 950.000 h. (Jutlandais). V. pr. Viborg.
https://www.wikidata.org/wiki/Q193800	JUVÉNAL, poète satirique latin, né à Aquinum. Ses Satires sont pleines d'énergie et d'indignation contre les vices de Rome, qu'il se complaît à raconter, à flétrir, non sans quelque déclamation, né vers 42 ; m. vers 125.
https://www.wikidata.org/wiki/Q1685601	JUVÉNAL DES URSINS (Jean), magistrat français, prévôt des marchands en 1388. En 1408, il fit donner la régence du royaume à Isabeau de Bavière (1360-1431). — Son fils, Jean II, magistrat, prélat et historien français, né à Paris, auteur d'une Chronique de Charles VI, révisa le procès de Jeanne d'Arc (1388-1473). — Guillaume, frère de Jean II, fut chancelier de France sous Louis XI (1400-1472).
https://www.wikidata.org/wiki/Q1832895	Juvenilia (choses de jeunesse), titre donné souvent à des poésies écrites dans le jeune âge de l'auteur. Les plus connues sont les Juvenilia de Th. de Bèze (1548).
https://www.wikidata.org/wiki/Q1063683	JUVIGNY, ch. l. de c. (Manche), arr. de Mortain, entre la Sée et la Sélune ; 750 h. (Juvignasiens).
https://www.wikidata.org/wiki/Q631579	JUVIGNY-SOUS-ANDAINE, ch.-l. de c. (Orne), arr. de Domfront, sur l'Andainette ; 1.300 h. (Juvignasiens). Ch. de f. O.
https://www.wikidata.org/wiki/Q1330083	JUZENNECOURT [kour], ch.-l. de c. (Haute-Marne), arr. de Chaumont ; 270 h. (Juzennecourtois).
