https://www.wikidata.org/wiki/Q300661	AA (d'un mot germanique qui signifie eau, et qui est resté le nom d'un grand nombre de rivières des pays celtiques et germaniques). Fleuve côtier de France, qui baigne Saint-Omer et se jette dans la mer du Nord ; 80 kil.
https://www.wikidata.org/wiki/Q25410	AALBORG, v. et port du Danemark, ch.-l. du diocèse de ce nom ; 31.500 h.
https://www.wikidata.org/wiki/Q439237	AALI-PACHA, homme d'Etat turc, né à Constantinople. Il a attaché son nom à la politique de réformes du Tanzimat (1815-1871).
https://www.wikidata.org/wiki/Q1675	AAR, riv. de Suisse, qui naît au col du Grimsel, arrose Berne, Soleure, Aarau, reçoit la Reuss, la Limmat, la Thièle, et se jette dans le Rhin (r. g.) ; 280 kil.
https://www.wikidata.org/wiki/Q14274	AARAU, v. de Suisse, ch.-l. du cant. d'Argovie, sur l'Aar ; 7.000 h.
https://www.wikidata.org/wiki/Q25319	AARHUUS, v. et port du Danemark, ch.-l. du diocèse de ce nom ; 52.000 h.
https://www.wikidata.org/wiki/Q51676	AARON, frère aîné de Moïse, le premier grand prêtre des Hébreux (Bible).
https://www.wikidata.org/wiki/Q312775	ABA (Samuel), roi de Hongrie, de 1041 à 1044.
https://www.wikidata.org/wiki/Q3115935	ABACO, la plus grande des îles Lucayes ; 7.000 h.
https://www.wikidata.org/wiki/Q305795	ABAD Ier [bad'], premier roi maure de Séville, et chef de la dynastie des Abadites ; il régna de 1023 à 1042. — Son fils Abad II régna de 1042 à 1069, et son petit-fils, Abad III, de 1069 à 1095.
https://www.wikidata.org/wiki/Q367627	ABADIE [dî] (Paul), architecte fr., né à Paris. On lui doit le projet du Sacré-Cœur à Paris (1812-1884).
https://www.wikidata.org/wiki/Q550811	ABAFFI ou APAFFI Ier, prince élu de Transylvanie ; il régna de 1661 à 1690.
https://www.wikidata.org/wiki/Q4295	ABAILARD. V. Abélard.
https://www.wikidata.org/wiki/Q313174	ABANO (Pierre d'), médecin et alchimiste italien, né à Abano-Bagni (1250-1316).
https://www.wikidata.org/wiki/Q34603	ABANO-BAGNI, v. d'Italie (prov. de Padoue) ; 4.000 h. Eaux minérales chlorurées sodiques, employées contre les rhumatismes, la goutte, etc.
https://www.wikidata.org/wiki/Q337141	ABARIM (rim'), chaîne de montagnes de l'Anti-Liban (Palestine), au N.-E. de la mer Morte, qui contient le mont Nébo, où mourut, dit la Bible, Moïse.
https://www.wikidata.org/wiki/Q688658	ABAUZIT [zit'] (Firmin), philosophe et théologien protestant français, né à Uzès, réfugié à Genève après la révocation de l'édit de Nantes (1679-1767).
https://www.wikidata.org/wiki/Q23334	ABAZIE [zî] (Grande-), région septentrionale de la Russie transcaucasienne, au N.-O. du pays des Tcherkesses. (Hab. Abazes.)
https://www.wikidata.org/wiki/Q518333	ABBADIE [dî] (Jacques), théologien protestant français, né à Nay (Basses-Pyrénées) [1654-1727].
https://www.wikidata.org/wiki/Q293599	ABBAS [bass], oncle paternel de Mahomet (566-652.)
https://www.wikidata.org/wiki/Q171349	ABBAS LE GRAND, schah de Perse de la dynastie des Séfis, conquérant et administrateur éminent (1557-1628). — Abbas II, régna de 1641 à 1666. — Abbas III, régna de 1732 à 1736.
https://www.wikidata.org/wiki/Q305882	ABBAS-PACHA, vice-roi d'Egypte, petit-fils de Méhémet-Ali (1813-1854).
https://www.wikidata.org/wiki/Q157159	ABBAS-PACHA-HILMI, khédive d'Egypte, né en 1874. Il a régné, depuis 1892, sous la surveillance de l'Angleterre.
https://www.wikidata.org/wiki/Q479533	ABBASSIDES, dynastie de 37 califes arabes, fondée par Aboul-Abbas, qui détrôna les Ommiades en 750. Les Abbassides régnèrent à Bagdad de 762 à 1258.
https://www.wikidata.org/wiki/Q306089	ABBATTUCCI, nom d'une famille originaire de Zicavo (Corse). Elle a fourni plusieurs personnages remarquables : Jacques-Pierre, général, le constant adversaire de Paoli (1726-1812) ; — Charles, son fils, également général, né en 1771, tué au siège de Huningue en 1796 ; — Jacques-Pierre-Charles, neveu du précédent, ministre de la Justice sous Napoléon III (1792-1857).
https://www.wikidata.org/wiki/Q160742	Abbaye, monastère d'hommes ou de femmes, dont les revenus constituaient un bénéfice au profit de l'abbé ou de l'abbesse. L'abbaye régulière était celle dont l'abbé était un religieux, et l'abbaye en commende celle dont l'abbé était un séculier sans autorité sur les moines mais jouissant des revenus de l'abbaye.
https://www.wikidata.org/wiki/Q3292048	Abbaye (prison de l'), construite à Paris entre 1631 et 1635, pour servir de prison seigneuriale à l'abbaye de Saint-Germain-des-Prés. Affectée après 1789 aux détenus militaires, elle fut le théâtre des massacres des 2 et 3 septembre 1792 ; démolie en 1854.
https://www.wikidata.org/wiki/Q2717772	Abbé (l'), roman historique de Walter Scott (1820), dont le sujet est l'évasion de Marie Stuart du château de Lochleven.
https://www.wikidata.org/wiki/Q206484	ABBÉOKOUTA ou ABÉOKOUTA, v. d'Afrique (Guinée orientale, côte des Esclaves) ; 120.000 h.
https://www.wikidata.org/wiki/Q28520	ABBEVILLE, ch.-l. d'arr. (Somme) ; port sur la Somme ; ch. de f. N., à 45 kil. N.-O. d'Amiens ; 20.380 h. (Abbevillois). Commerce de drap, de tapis. Patrie de Millevoye, Pongerville, de l'amiral Courbet, etc. L'arr. a 11 cant., 172 comm., 132.325 h.
https://www.wikidata.org/wiki/Q9560222	ABBEY [bè], v. d'Ecosse (Renfrewshire) ; 35.000 h.
https://www.wikidata.org/wiki/Q42777	ABBIATEGRASSO, v. d'Italie (prov. de Milan), sur le Naviglio Grande, près de laquelle fut tué Bayard en 1524 ; 10.650 h.
https://www.wikidata.org/wiki/Q2622892	ABBON, moine de Saint-Germain-des-Prés, auteur du Siège de Paris par les Normands, poème latin d'un grand intérêt historique (850-923).
https://www.wikidata.org/wiki/Q306658	ABBON, abbé de Fleury-sur-Loire, chroniqueur du xe siècle ; m. en 1004.
https://www.wikidata.org/wiki/Q714925	ABBOT (George), archevêque de Cantorbéry et célèbre théologien anglican (1562-1633).
https://www.wikidata.org/wiki/Q246076	Abbotsford, magnifique manoir d'Ecosse, construit par Walter Scott, dont il fut la résidence.
https://www.wikidata.org/wiki/Q34408	ABD-ALLAH, père de Mahomet (545-570).
https://www.wikidata.org/wiki/Q4666107	ABD-ALLAH, prince vaillant mais cruel, oncle d'Aboul-Abbas ; tué dans un combat en 755.
https://www.wikidata.org/wiki/Q307277	ABD-AL-LATIF, savant médecin et géographe arabe, né à Bagdad (1161-1231).
https://www.wikidata.org/wiki/Q307312	ABD-AL-MOUMEN [mèn'], premier calife almohade. Il régna sur le Maroc et sur une partie de l'Espagne (1100-1163).
https://www.wikidata.org/wiki/Q179825	ABD-EL-KADER [dèr] (El Hadj), célèbre émir arabe, né vers 1807, près de Mascara, mort à Damas en 1883. Il soutint de 1832 à 1847 la guerre contre les Français, obtint même du général Bugeaud l'avantageux traité de la Tafna, et essaya d'organiser un véritable empire arabe. Mais après la prise de sa smala par le duc d'Aumale (1843), et la défaite de ses alliés marocains à l'Isly (1844), il dut se rendre en 1847 au général Lamoricière, fut interné à Toulon, à Pau, enfin à Amboise, et rendu à la liberté en 1853. Il devint dès lors un fidèle ami de la France, selon la parole qu'il avait donnée.
https://www.wikidata.org/wiki/Q335118	ABD-EL-MÉLIK. V. Mouley-Abd-el-Mélik.
https://www.wikidata.org/wiki/Q220228	ABDÉRAME, émir d'Espagne, battu par Charles Martel à Poitiers, en 732.
https://www.wikidata.org/wiki/Q29000	ABDÉRAME Ier, le Juste, premier calife ommiade d'Espagne (756-787). — Abdérame II, le Victorieux, quatrième calife ommiade ; il prit Barcelone et chassa les pirates normands (821-852). — Abdérame III, huitième calife ommiade ; il fonda l'école de médecine de Cordoue (912-961).
https://www.wikidata.org/wiki/Q188615	ABDÈRE, v. de l'anc. Thrace, sur la mer Egée. Ses habitants (Abdéritains) étaient renommés pour leur sottise. Patrie de Démocrite, d'Anaxarque et de Protagoras.
https://www.wikidata.org/wiki/Q479645	ABDIAS [ass], le 4e des petits prophètes juifs.
https://www.wikidata.org/wiki/Q207549	Abdication. Les plus célèbres abdications sont celles de Cincinnatus, qui retourna deux fois à sa charrue (458 et 438 av. J.-C.) ; de Sylla (80 av. J.-C.), qui se retira à Pouzzolles ; de Dioclétien (305 de notre ère), qui se retira à Salone ; de Charles-Quint (1556), qui alla finir ses jours au couvent de Yuste, dans l'Estrémadure ; de Christine de Suède (1654), qui se retira à Rome, après avoir passé quelque temps en France ; celles de Napoléon : la première à Fontainebleau, la seconde à Paris (1814 et 1815) ; de Bolivar, libérateur de l'Amérique espagnole (1825) ; de Charles X (1830), qui mourut à Goritz, en Autriche ; de Louis-Philippe (1848), qui alla finir ses jours en Angleterre ; de Guillaume Ier, roi de Hollande (1840) ; de Charles-Albert, roi de Sardaigne, après la défaite de Novare (1849) ; d'Isabelle II, reine d'Espagne (1870).
https://www.wikidata.org/wiki/Q307688	ABDOLONYME, descendant des rois de Sidon, que la misère avait réduit à se faire jardinier. Alexandre le Grand le rétablit sur le trône en 332 av. J.-C.
https://www.wikidata.org/wiki/Q308320	ABDON, l'un des juges d'Israël.
https://www.wikidata.org/wiki/Q151500	ABD-UL-AZIZ, sultan de Turquie, frère d'Abdul-Medjid, né en 1830 ; il monta sur le trône en 1861 et fut assassiné en 1876.
https://www.wikidata.org/wiki/Q170707	ABD-UL-HAMID Ier, sultan de Turquie, de 1774 à 1789. — Abd-ul-Hamid II, fils d'Abd-ul-Medjid, né en 1842, monté sur le trône en 1876.
https://www.wikidata.org/wiki/Q174772	ABD-UL-MEDJID, sultan de Turquie de 1839 à 1861, né en 1823 ; il participa à l'expédition de Crimée, et fit d'inutiles tentatives de réforme.
https://www.wikidata.org/wiki/Q31649	ABD-UR-RAHMAN, émir d'Afghanistan, souverain énergique et intelligent, né en 1830, monta sur le trône en 1880 ; m. en 1901.
https://www.wikidata.org/wiki/Q508848	ABD-UR-RAHMAN. V. Mouley-Abderrahman.
https://www.wikidata.org/wiki/Q313421	ABEL, deuxième fils d'Adam et d'Eve, tué par Caïn, son frère (Bible).
https://www.wikidata.org/wiki/Q124115	ABEL (Henri), célèbre mathématicien norvégien, né à Frindoë (Norvège). Malgré ses belles et fécondes découvertes de calcul intégral, il mourut pauvre et méconnu (1802-1829).
https://www.wikidata.org/wiki/Q4295	ABÉLARD [lar] (Pierre), théologien et philosophe scolastique français, né près de Nantes, célèbre par sa passion pour Héloïse, et par ses infortunes (1079-1142). Le tombeau d'Abélard et d'Héloïse se trouve au Père-Lachaise, à Paris.
https://www.wikidata.org/wiki/Q704494	ABEL DE PUJOL (Alexandre-Denis), peintre français, né à Valenciennes (1785-1861).
https://www.wikidata.org/wiki/Q2351798	ABELLI (Louis), théologien français, né dans le Vexin, adversaire des jansénistes, auteur de la Moelle théologique, livre qui l'a fait appeler par Boileau le Moelleux (1603-1691).
https://www.wikidata.org/wiki/Q318818	ABENCÉRAGES [bin, je], puissante tribu maure du royaume de Grenade, au xve siècle.
https://www.wikidata.org/wiki/Q19194259	Abencérages (le Dernier des), nouvelle du genre chevaleresque, par Chateaubriand (1826) ; l'action se passe à Grenade, au xvie siècle.
https://www.wikidata.org/wiki/Q255698	ABENSBERG [bins-bèrgh], v. de Bavière, sur l'Abens, affl. du Danube ; 2.000 h. Eaux minérales. Napoléon y battit les Autrichiens en 1809.
https://www.wikidata.org/wiki/Q206484	ABÉOKOUTA. V. Abbéokouta.
https://www.wikidata.org/wiki/Q581552	ABERCROMBIE [bî] (John), médecin et philosophe anglais, né à Aberdeen (1781-1844).
https://www.wikidata.org/wiki/Q278399	ABERCROMBY (sir Ralph), général anglais, battu par Brune à Bergen, et blessé mortellement devant Aboukir (Egypte) [1734-1801].
https://www.wikidata.org/wiki/Q36405	ABERDEEN [din'], v. commerçante d'Ecosse, ch.-l. du comté d'Aberdeen ; port sur la mer du Nord ; 153.100 h. Patrie de Bain. Le comté a 281.500 h.
https://www.wikidata.org/wiki/Q24631	ABERDEEN (le comte d'), homme d'Etat anglais, né à Edimbourg. Il dirigea en 1814 la politique anglaise contre Napoléon (1784-1860).
https://www.wikidata.org/wiki/Q645796	ABEZAN, un des Juges d'Israël.
https://www.wikidata.org/wiki/Q320133	ABGAR, nom de huit rois d'Edesse, en Mésopotamie (132 av. J.-C. — 216 ap.).
https://www.wikidata.org/wiki/Q273517	ABIA, roi de Juda, fils de Roboam, vainqueur de Jéroboam, roi d'Israël (957-955 av. J.-C.).
https://www.wikidata.org/wiki/Q4416778	ABIGAÏL, veuve de Nabal, que David épousa.
https://www.wikidata.org/wiki/Q480279	ABIMÉLECH [lèk], fils de Gédéon. Il devint Juge d'Israël après avoir fait égorger ses frères ; il établit son pouvoir sur Sichem et fut tué au siège de Thèbes, en Palestine (vers 1100 av. J.-C.).
https://www.wikidata.org/wiki/Q2540503	ABIRON, lévite qui fut englouti dans la terre avec Coré et Dathan, tous trois révoltés contre Moïse et Aaron (Bible).
https://www.wikidata.org/wiki/Q321469	ABISAG, jeune Sunamite que David prit pour femme dans sa vieillesse.
https://www.wikidata.org/wiki/Q321166	ABIU, fils d'Aaron, dévoré par les flammes, avec son frère Nadab, pour avoir mis du feu profane dans son encensoir (Bible).
https://www.wikidata.org/wiki/Q2000265	ABLANCOURT [kour] (Perrot d'), écrivain français, né à Châlons-sur-Marne. Auteur de traductions que l'on a justement surnommées les belles infidèles, à cause de leur inexactitude (1606-1664).
https://www.wikidata.org/wiki/Q1133337	ABNER [nèr], général sous Saül et David. Il fut assassiné par Joab, envieux de la faveur qu'il avait acquise.
https://www.wikidata.org/wiki/Q24734157	ABNER, général israélite, personnage de la tragédie de Racine, Athalie. Il personnifie le soldat courageux, mais à volonté timide.
https://www.wikidata.org/wiki/Q38511	ABO, v. et port de Finlande, sur la Baltique, ch.-l. du gouvernement d'Abo-Björneborg ; 40.500 h.
https://www.wikidata.org/wiki/Q189685	ABOMEY [mè], ancienne cap. du Dahomey, cap. du royaume indigène d'Abomey ; environ 20.000 h. Les Français s'en sont emparés en 1892.
https://www.wikidata.org/wiki/Q322895	ABONDANCE, ch.-l. de c. (Haute-Savoie), arr. de Thonon, sur la Dranse ; 1.450 h. Anthracite.
https://www.wikidata.org/wiki/Q334923	ABOU-BEKR [bèkr'] beau-père et successeur de Mahomet, le premier des califes ; m. à Médine en 634.
https://www.wikidata.org/wiki/Q139773	ABOUKIR, bourg de la Basse-Egypte ; 1.200 h. Célèbre par le combat naval où Nelson détruisit la flotte française commandée par Brueys (1798), et par une brillante victoire de Bonaparte sur les Turcs (1799). Abercromby s'empara de cette ville en 1801.
https://www.wikidata.org/wiki/Q3206488	Aboukir (Bataille d'), tableau de Gros (Versailles). Belle peinture, pleine de fougue et d'éclat, représentant la victoire de Bonaparte sur les Turcs (1806).
https://www.wikidata.org/wiki/Q252087	ABOUL-ABBAS, le premier calife abbasside, descendant d'Abbas. Il fit massacrer les Ommiades, et mérita par ses cruautés le surnom de Sanguinaire (as-Saffah) ; il régna de 751 à 754.
https://www.wikidata.org/wiki/Q380295	ABOUL-FARADJ, historien arabe, né à Mélitène, auteur d'une Histoire universelle (1226-1286).
https://www.wikidata.org/wiki/Q311462	ABOUL-FÉDA, historien et homme d'Etat arabe, de la race des Ayoubites, né à Damas ; il prit une part active à la guerre contre les Croisés (1273-1331).
https://www.wikidata.org/wiki/Q361004	ABOUT [bou] (Edmond), littérateur et publiciste français, né à Dieuze (anc. dép. de la Meurthe). Ecrivain clair, spirituel et brillant, auteur de la Question romaine, du Roman d'un brave homme, etc. (1828-1885).
https://www.wikidata.org/wiki/Q9181	ABRAHAM, patriarche, père d'Isaac, et ancêtre des Hébreux, une des grandes figures de la Bible.
https://www.wikidata.org/wiki/Q10749451	Abraham (le Sacrifice d'), tableau de Rembrandt (Ermitage, à Saint-Pétersbourg), remarquable par le modelé des tons. — Tableau d'Andrea del Sarto (Dresde) ; beaucoup de vigueur et de clarté.
https://www.wikidata.org/wiki/Q331191	ABRANTÈS, v. du Portugal, près du Tage, dont la prise (1807) valut à Junot le titre de duc d'Abrantès ; 4.800 h.
https://www.wikidata.org/wiki/Q272690	ABRANTÈS (la duchesse Laure d'), femme du général Junot, née à Montpellier, auteur de romans et de Mémoires intéressants sur l'Empire et la Restauration (1784-1838).
https://www.wikidata.org/wiki/Q104445453	Abreuvoir (l'), tableau de H. Berghem (Louvre) ; très joli effet de matin transparent.
https://www.wikidata.org/wiki/Q1284	ABRUZZES (les), région montagneuse du centre de l'Italie, dans l'Apennin, divisée, sous le nom d'Abruzze-et-Molise, en 4 prov. : Campobasso, Chieti, Teramo, Aquila ; 1.464.000 h. (Abruzzains).
https://www.wikidata.org/wiki/Q205372	ABSALON, fils de David, révolté contre son père. Vaincu dans un combat, il s'enfuit ; mais comme il passait sous un arbre, sa longue chevelure s'embarrassa dans les branches et il resta suspendu. Joab, qui le poursuivait, le perça de trois dards.
https://www.wikidata.org/wiki/Q313548	ABSALON ou AXEL, prélat suédois, archevêque de Lund. Il fonda Copenhague et travailla aux codes publiés par Waldemar Ier (1128-1201).
https://www.wikidata.org/wiki/Q2822063	ABSTÉMIUS [us] (Laurent), littérateur italien du xvie siècle, auteur de fables latines, dont La Fontaine a imité quelques-unes.
https://www.wikidata.org/wiki/Q333658	ABSYRTE, frère de Médée, qui le mit en pièces et dispersa ses membres pour arrêter ceux qui la poursuivaient dans sa fuite avec Jason (Myth.).
https://www.wikidata.org/wiki/Q336446	ABYDOS [doss], v. d'Asie, sur l'Hellespont, vis-à-vis de Sestos, en Europe ; fameuse par l'aventure de Héro et Léandre, et par le pont de bateaux que Xerxès y fit jeter sur le détroit (480 av. J.-C.). [Hab. Abydémiens ou Abydiens].
https://www.wikidata.org/wiki/Q192268	ABYDOS [doss], v. de la Haute-Egypte, où furent trouvées, en 1817, les tables dites d'Abydos, où sont gravées deux séries de noms de pharaons.
https://www.wikidata.org/wiki/Q4702431	ABYSSINIE [nî], contrée de l'est de l'Afrique, faisant partie de l'empire éthiopien. Région montagneuse, arrosée par l'Atbara et ses affluents ; 8 millions d'h. environ. (Abyssins ou Abyssiniens). V. pr. : Addis-Ababa, Adoua, Gondar, Addis-Alam (résidence). Coton, indigo, café, oranges, citrons, sucre, dattes et gomme.
https://www.wikidata.org/wiki/Q193093	Académie, école philosophique fondée dans les jardins d'Académus par Platon. On distingua, d'après les variations que subit la doctrine de Platon, l'ancienne Académie (Speusippe, Xénocrate), la moyenne (Arcésilas) et la nouvelle (Carnéade.) Le nom d'académie a été appliqué dans la suite à des sociétés ou institutions scientifiques, littéraires, artistiques, etc., mais il désigne spécialement aujourd'hui les cinq compagnies dont se compose l'Institut de France : 1° Académie française, fondée en 1634 par Richelieu (40 membres), chargée de la rédaction du Dictionnaire ; 2° Académie des Inscriptions et Belles-Lettres, fondée par Colbert en 1063 (40 membres), s'occupant de travaux d'érudition historique ou archéologique ; 3° Académie des Sciences morales et politiques, créée par la Convention (40 membres), se consacrant à l'étude des questions de philosophie, d'économie politique, de droit, d'histoire générale, etc. ; 4° Académie des Sciences, fondée en 1666 par Colbert (65 membres), pour l'étude des questions de mathématiques, de chimie, de physique, etc. ; 5° Académie des Beaux-Arts (40 membres), composée de peintres, sculpteurs, graveurs, musiciens, et dont les diverses sections, créées successivement par Mazarin et Colbert, furent réunies en une seule compagnie en 1795. — Chacune de ces Académies se recrute par l'élection. (V. la liste, à la fin de ce volume.)
https://www.wikidata.org/wiki/Q106107518	Académie française (Lettre à l'), par Fénelon, où il est traité du dictionnaire, de projets de grammaire, d'enrichissements de la langue, d'une rhétorique, d'une poétique, et qui contient d'intéressantes et judicieuses appréciations littéraires, etc. (1716).
https://www.wikidata.org/wiki/Q3603895	Académiques (les), ouvrages de Cicéron dont il ne subsiste qu'une partie, où est discutée la théorie de la connaissance.
https://www.wikidata.org/wiki/Q415017	ACADÉMUS [muss], héros mythique de l'Attique, sur le domaine duquel s'étendaient, croyait-on, les jardins, situés à six stades d'Athènes et fréquentés par des philosophes, qui furent l'origine de la célèbre Académie, où enseignait Platon.
https://www.wikidata.org/wiki/Q2822228	ACADIE [dî], presqu'île de l'Amérique du Nord. (Hab. Acadiens.) V. Nouvelle-Ecosse.
https://www.wikidata.org/wiki/Q81398	ACAPULCO, v. et port du Mexique, sur le Pacifique ; 4.000 h. Commerce important.
https://www.wikidata.org/wiki/Q416070	ACARNANIE [nî], contrée de l'ancienne Grèce arrosée par l'Acheloüs ; les Acarnaniens étaient réputés comme frondeurs.
https://www.wikidata.org/wiki/Q338298	ACCA LARUNTIA, d'après la légende, femme de Faustulus, berger de Numitor, surnommée la Louve ; elle recueillit Romulus et Rémus exposés sur une colline, et leur servit de nourrice.
https://www.wikidata.org/wiki/Q16162120	ACCARIAS [ass] (Calixte), jurisconsulte et magistrat français, né à Mens (Isère), auteur d'un remarquable Précis de droit romain (1831-1903).
https://www.wikidata.org/wiki/Q339067	ACCIAJUOLI, famille florentine, d'où sortirent : Nicolas Acciajuoli (1310-1365), grand sénéchal de Naples, et son neveu Renier, duc d'Athènes, qui conquit presque toute la Grèce, où ses descendants se maintinrent jusqu'en 1456, époque de la conquête turque.
https://www.wikidata.org/wiki/Q311287	ACCIUS ou ATTIUS [si-us] (Lucius), poète tragique de Rome (170-94 av. J.-C.).
https://www.wikidata.org/wiki/Q3090513	Acclimatation (Jardin zoologique d'), créé en 1860 et situé au bois de Boulogne (Paris) ; on y voit des plantes et des animaux exotiques.
https://www.wikidata.org/wiki/Q3201415	Accordée de village (l'), tableau de Greuze (1761), une de ses plus poétiques inspirations (Louvre).
https://www.wikidata.org/wiki/Q309144	ACCOUS [kouss], ch.-l. de c. (Basses-Pyrénées), arr. d'Oloron, sur un affl. du gave d'Aspe ; 1.030 h.
https://www.wikidata.org/wiki/Q72378	ACCUM [a-kom'] (Frédéric), chimiste allemand, né à Bückebourg, qui appliqua le premier en grand le gaz hydrogène à l'éclairage (1769-1838).
https://www.wikidata.org/wiki/Q339824	ACCURSE (François), célèbre jurisconsulte italien, né à Florence, un des rénovateurs du droit romain (1182-1260).
https://www.wikidata.org/wiki/Q404275	ACESTE [sès], personnage de l'Enéide, roi de Ségeste (Sicile) ; il accueillit Enée et fit ensevelir Anchise.
https://www.wikidata.org/wiki/Q235901	ACHAB [kab], roi d'Israël, qui épousa Jézabel, et fit mourir Naboth pour s'emparer de sa vigne ; tué au siège de Ramoth en Galaad (917-897 av. J.-C.).
https://www.wikidata.org/wiki/Q607170	ACHÆUS [ké-us], frère d'Ion, neveu d'Hellen, ancêtre mythique des Achéens.
https://www.wikidata.org/wiki/Q2495811	ACHAÏE [ka-ï], contrée de l'anc. Grèce (Péloponèse), habitée par les Achéens. Elle forma au moyen âge une principauté de l'Empire grec.
https://www.wikidata.org/wiki/Q457341	ACHANTIS [ti], peuple nègre de l'Etat d'Achanti, dont la capitale est Coumassie (Guinée septentrionale) ; 3 millions d'h. Les Achantis, soumis aux Anglais, font le trafic de la poudre d'or, de l'ivoire, etc.
https://www.wikidata.org/wiki/Q60193	ACHARD [char] (Frédéric-Charles), chimiste allemand, né à Berlin (1753-1821). Il réussit un des premiers à extraire le sucre de la betterave.
https://www.wikidata.org/wiki/Q482162	ACHARD [char] (Amédée), fécond romancier français, né à Marseille ; auteur de Belle-Rose, la Cape et l'épée, etc. (1814-1875).
https://www.wikidata.org/wiki/Q1059987	Acharniens [kar-ni-in] (les), comédie d'Aristophane, représentée en l'an 426 av. J.-C., où le poète tourne en ridicule les partisans de la guerre avec Sparte.
https://www.wikidata.org/wiki/Q555521	ACHATE [ka-te] (le fidèle), personnage de l'Enéide, le compagnon le plus dévoué d'Enée. Son nom a passé dans la langue pour désigner celui qui ne quitte jamais une personne, qui est toujours à ses côtés.
https://www.wikidata.org/wiki/Q30914	ACHAZ [kaz], roi de Juda, cruel et impie, qui livra l'or du temple de Jérusalem au roi d'Assyrie, Téglath-Phalasar (740-724 av. J.-C.).
https://www.wikidata.org/wiki/Q244796	Achéenne [ké-è-ne] (ligue), confédération de douze villes du Péloponèse, dirigée surtout contre l'influence macédonienne. Philopœmen en fut le héros (280-146 av. J.-C.).
https://www.wikidata.org/wiki/Q191962	ACHÉENS [ké-in], Grecs descendants d'Achæus. Originaires de la Thessalie, les Achéens s'emparèrent d'abord du Péloponèse presque tout entier ; mais ils en furent chassés par les Doriens et s'établirent sur la côte septentrionale du Péloponèse, qui fut appelée de leur nom Achaïe.
https://www.wikidata.org/wiki/Q203923	ACHÉLOÜS, [a-ké-lo-uss], fleuve de l'ancienne Grèce, en Epire ; auj. Aspropotamo, trib. de la mer Ionienne.
https://www.wikidata.org/wiki/Q391379	ACHÉLOÜS [a-ké-lo-uss], dieu du fleuve de ce nom, père des Sirènes (Myth.).
https://www.wikidata.org/wiki/Q1823	ACHEM [chèm] ou ATCHIN [at-chin'], petit Etat du nord de l'île de Sumatra ; richesses minérales et végétales ; corail, camphre, etc. ; cap. Achem ou Atchin ; 111.000 h. (Atchinois) ; port sur l'océan Indien.
https://www.wikidata.org/wiki/Q312032	ACHÉMÉNÈS [ké], le premier des rois perses qui se délivra du joug des Mèdes ; il fut la souche de la famille royale des Achéménides.
https://www.wikidata.org/wiki/Q389688	ACHÉMÉNIDES [ké, de], dynastie perse fondée par Achéménès. Elle commence en 688 pour s'éteindre en 330 av. J.-C., à la mort de Darius III Codoman.
https://www.wikidata.org/wiki/Q215933	ACHENWAL [kèn'-val] (Godefroy), économiste allemand, créateur de la statistique (1719-1772).
https://www.wikidata.org/wiki/Q191087	ACHÉRON [ké ou ché], fleuve des Enfers. (Mythol.) Nul ne pouvait le franchir deux fois. Racine a écrit : Et l'avare Achéron ne lâche point sa proie. (On emploie ce mot comme syn. de enfer.)
https://www.wikidata.org/wiki/Q27987	ACHEUX [cheû], ch.-l. de c. (Somme), arr. de Doullens ; 607 h.
https://www.wikidata.org/wiki/Q656021	ACHILLAS [kil-lass], ministre de Ptolémée XII, roi d'Egypte. Il conseilla de tuer Pompée et participa au meurtre. César le fit mettre à mort (48 av. J.-C.).
https://www.wikidata.org/wiki/Q41746	ACHILLE, fils de Thétis et de Pélée, roi des Myrmidons, le plus fameux des héros grecs de l'Iliade. Au siège de Troie, il tua Hector, mais fut atteint mortellement au talon par une flèche empoisonnée que lui lança Pâris. Le nom d'Achille est resté dans toutes les langues la personnification de la bravoure. D'autres particularités de sa vie sont fréquemment rappelées, telles que : Achille plongé dans le Styx par sa mère Thétis pour le rendre invulnérable ; le talon d'Achille, seule partie de son corps à laquelle il put être blessé ; l'éducation d'Achille, allusion à la manière virile dont l'éleva le centaure Chiron, qui, pour développer en lui la force et une mâle ardeur, le nourrissait de la moelle des lions ; Achille à Scyros, où, déguisé en femme, il menait une vie molle et efféminée au milieu des filles de Lycomède. Ulysse vint l'y chercher, et le découvrit aisément en lançant, au milieu des filles de Lycomède, une corbeille de bijoux au milieu desquels se cachait une épée. Les jeunes filles se disputèrent les bijoux, mais Achille se jeta sur l'épée ; la lance d'Achille, qui guérissait les blessures qu'elle avait faites ; Achille se retirant sous sa tente, à la suite d'une querelle avec Agamemnon. Se disputer les armes d'Achille, allusion à la querelle fameuse qui s'éleva entre Ajax et Ulysse, après la mort du héros. — Le Louvre possède une belle statue antique d'Achille, en marbre.
https://www.wikidata.org/wiki/Q302029	Achilléide (l'), poème épique de Stace, inachevé, mais qui contient des passages remarquables (ier s.).
https://www.wikidata.org/wiki/Q114749	ACHMET [ak-mèt']. V. Ahmed.
https://www.wikidata.org/wiki/Q19319	ACIREALE, port de Sicile (prov. de Catane) ; 38.600 h. Eaux minérales.
https://www.wikidata.org/wiki/Q419156	ACIS [siss], berger sicilien aimé de Galatée, et que Polyphème jaloux écrasa sous un rocher.
https://www.wikidata.org/wiki/Q106109129	Acis et Galatée surpris par Polyphème, groupe colossal en bronze et en marbre, par Ottin ; il décore la fontaine de Marie de Médicis, à Paris.
https://www.wikidata.org/wiki/Q295022	ACKERMANN [ak-kèr] (Louise), femme-poète, née à Paris, auteur de poèmes philosophiques d'une forme élevée et vigoureuse (1813-1890.).
https://www.wikidata.org/wiki/Q945590	ACOLLAS [lass] (Emile), jurisconsulte et publiciste français, né à La Châtre (1820-1891).
https://www.wikidata.org/wiki/Q1312312	ACOMAT (Etienne), grand vizir de Bajazet II, m. après 1511. Racine a donné ce nom à l'un des principaux personnages de sa tragédie Bajazet.
https://www.wikidata.org/wiki/Q39739	ACONCAGUA, volcan des Andes (Chili), la plus haute montagne de la Cordillère (6.834 m.).
https://www.wikidata.org/wiki/Q4058447	AÇORES, archipel de l'océan Atlantique (au Portugal). Les principales îles sont Fayal, Terceira et San-Miguel ; 256.300 h. (Açoréens). Oranges, citrons, grains et vins. Climat très doux.
https://www.wikidata.org/wiki/Q342410	ACQUAVIVA [a-koua], célèbre famille napolitaine, dont le membre le plus remarquable fut Claude, général des jésuites (1542-1615).
https://www.wikidata.org/wiki/Q126084	ACRE (Saint-Jean d'), autrefois Ptolémaïs, v. forte de Syrie, port sur la Méditerranée. Cette ville, prise par Philippe Auguste et Richard Cœur de Lion en 1191, résista à Bonaparte en 1799 ; 10.000 h.
https://www.wikidata.org/wiki/Q208017	ACRISIUS [zi-uss], roi fabuleux d'Argos, père de Danaé ; il fut tué, involontairement, d'un coup de disque, par Persée, son petit-fils.
https://www.wikidata.org/wiki/Q1054699	ACROCÉRAUNIENS [ni-in] (monts), chaîne de montagnes de l'Epire ; aujourd'hui Khimara.
https://www.wikidata.org/wiki/Q420810	Acrocorinthe, citadelle de l'ancienne Corinthe.
https://www.wikidata.org/wiki/Q131013	Acropole, citadelle de l'ancienne Athènes, sur un rocher haut de 150 pieds, où l'on arrivait par les Propylées. Le sommet était couvert de temples, de monuments, notamment le Parthénon, la Pinacothèque, l'Erechthéion, de statues, etc.
https://www.wikidata.org/wiki/Q343195	Acta diurna, sorte de Moniteur, indiquant les événements quotidiens, établi à Rome vers 131, et rendu officiel par César en 59 av. J.-C.
https://www.wikidata.org/wiki/Q343190	Acta sanctorum (Actes des saints), immense recueil dit des bollandistes, et qui renferme la vie de tous les saints (62 vol. in-folio).
https://www.wikidata.org/wiki/Q2823553	Acte additionnel, constitution à tendances libérales, établie par Napoléon après son retour de l'île d'Elbe (1814).
https://www.wikidata.org/wiki/Q208531	ACTÉON, chasseur qui surprit Diane au bain, et que la déesse irritée changea en cerf ; il fut aussitôt dévoré par ses propres chiens.
https://www.wikidata.org/wiki/Q40309	Actes des apôtres, un des livres du Nouveau Testament, écrit en grec par saint Luc vers l'an 63 ; il contient l'histoire du christianisme depuis l'Ascension du Christ jusqu'à l'arrivée de saint Paul à Rome (63).
https://www.wikidata.org/wiki/Q2379251	Actes des apôtres, journal royaliste, pamphlet périodique contre la Constituante, fondé en 1789 par Peltier, Champcenetz, Suleau, Rivarol, Régnier, etc. ; il cessa de paraître en 1791.
https://www.wikidata.org/wiki/Q216551	ACTIUM (ak-si-om') v. et promontoire de Grèce, à l'entrée méridionale du golfe d'Ambracie, auj. golfe Arta ; célèbres par la victoire navale d'Octave et d'Agrippa sur Antoine et Cléopâtre en 31 av. J.-C.
https://www.wikidata.org/wiki/Q647505	ACTON, aventurier, né à Besançon. Il devint ministre de la reine Caroline de Naples et se signala par sa haine contre la France (1736-1811).
https://www.wikidata.org/wiki/Q1753082	ACUNHA (don Pedro Bravo d'), général espagnol, enleva les îles Moluques aux Hollandais en 1606, et mourut la même année.
https://www.wikidata.org/wiki/Q496493	ACUNHA DE FIGUEROA (don Francisco), poète américain, né à Montevideo (Uruguay) [1790-1862].
https://www.wikidata.org/wiki/Q81116	ACUNHA. V. Cunha (Da).
https://www.wikidata.org/wiki/Q347218	ADALBÉRON, archevêque de Reims, chancelier de Lothaire et de Louis V ; il contribua à l'avènement de Hugues Capet et le sacra roi ; m. en 988.
https://www.wikidata.org/wiki/Q243427	ADALBERT [bèr] (saint), évêque de Prague en 983, martyrisé en Prusse (997). Fête le 23 avril.
https://www.wikidata.org/wiki/Q354300	ADALGISE [ji-ze], roi des Lombards, fils de Didier, détrôné en 775 par Charlemagne, son beau-frère ; m. en 788.
https://www.wikidata.org/wiki/Q70899	ADAM [dan], nom du premier homme (Bible).
https://www.wikidata.org/wiki/Q1564497	ADAM (Lambert-Sigisbert), sculpteur fr., né à Nancy, auteur d'œuvres distinguées (1700-1759). — Son frère Nicolas, né à Nancy, sculpteur (1705-1778).
https://www.wikidata.org/wiki/Q189544	ADAM (Adolphe), compositeur de musique français, né à Paris, auteur du Chalet, de Si j'étais roi ! le Postillon de Longjumeau, Giralda, etc., œuvres d'une facture soignée, élégante et brillante (1803-1856).
https://www.wikidata.org/wiki/Q270617	ADAM (Juliette Lamber, dame), femme de lettres française, née à Verberie (Oise), en 1836.
https://www.wikidata.org/wiki/Q2823921	ADAM BILLAUT. V. Billaut.
https://www.wikidata.org/wiki/Q4214	ADAM DE LA HALLE, surnommé le Bossu d'Arras, trouvère du xiiie siècle. Son œuvre maîtresse, le Jeu de Robin et Marion, est le plus ancien opéra-comique connu.
https://www.wikidata.org/wiki/Q351514	ADAMAOUA, pays du Soudan central, au S. du lac Tchad, sur les deux rives de la Bénoué.
https://www.wikidata.org/wiki/Q2657005	Adamastor ou le Géant des tempêtes, personnage fictif des Lusiades, une des plus belles évocations que nous offre la poésie épique. Camoëns suppose qu'au moment où Vasco de Gama va franchir le cap des Tempêtes, appelé depuis cap de Bonne-Espérance, un géant, gardien de ce cap, se dresse devant lui pour l'empêcher d'aller plus loin.
https://www.wikidata.org/wiki/Q212963	ADAMS [dam's] (Samuel), un des auteurs de la révolution des Etats-Unis, né à Boston, surnommé le Caton de l'Amérique ; il vécut et mourut pauvre (1722-1803).
https://www.wikidata.org/wiki/Q11806	ADAMS [dam's] (John), deuxième président des Etats-Unis, élu en 1797 (1739-1826). — Son fils aîné, John-Quincy, fut le 6e président des Etats-Unis (1767-1848).
https://www.wikidata.org/wiki/Q38545	ADANA, v. de la Turquie d'Asie, sur le Seihoun ; 45.000 h.
https://www.wikidata.org/wiki/Q315861	ADANSON (Michel), botaniste français, né à Aix (Provence). Il exposa le premier la classification naturelle des plantes (1727-1806).
https://www.wikidata.org/wiki/Q63109	ADDA, riv. d'Italie, né dans le Tyrol. Elle arrose la Valteline, traverse le lac de Côme, et se jette dans le Pô (riv. g.) ; 225 kil. Bonaparte a livré sur ses bords plusieurs glorieux combats aux Autrichiens, notamment à Lodi.
https://www.wikidata.org/wiki/Q3624	ADDIS-ABABA [diss] ou FINFINI, ville principale de l'Abyssinie ; 50.000 h. Commerce important.
https://www.wikidata.org/wiki/Q206384	ADDISON [ad'-di-zon] (Joseph), homme d'Etat et célèbre écrivain anglais, né à Milston (Wiltshire). Il publia dans le Spectateur des articles qui sont des modèles de finesse et de bon goût, et qui contribuèrent à donner à la littérature anglaise plus de sérieux et de dignité. Il fut moins heureux comme auteur dramatique (1672-1719).
https://www.wikidata.org/wiki/Q436039	ADDISON [ad-di-zon'] (Thomas), célèbre médecin anglais (1793-1860).
https://www.wikidata.org/wiki/Q2365048	ADEL, partie de la côte d'Afrique, au fond du golfe d'Aden et habitée par les Afar ou Danakil.
https://www.wikidata.org/wiki/Q5112	ADÉLAÏDE, cap. de l'Australie méridionale ; 165.800 h. Port très actif sur l'Océan, à Port-Adélaïde.
https://www.wikidata.org/wiki/Q237832	ADÉLAÏDE (Madame), fille aînée de Louis XV, roi de France, née à Paris (1732-1808).
https://www.wikidata.org/wiki/Q269995	ADÉLAÏDE D'ORLÉANS, fille de Philippe d'Orléans et sœur de Louis-Philippe, dont elle fut la conseillère prudente et écoutée (1777-1847).
https://www.wikidata.org/wiki/Q355342	Adelphes (les) ou les Frères, comédie de Térence, imitée de Ménandre (160 av. J.-C.). De la donnée de cette pièce, Molière a tiré l'Ecole des maris.
https://www.wikidata.org/wiki/Q15901	ADELSBERG [dèls-bergh], v. de la Carniole, au N.-E. de Trieste ; 3.600 h. Grottes célèbres par leurs stalactites, traversées par une rivière souterraine.
https://www.wikidata.org/wiki/Q156413	ADELUNG (Jean-Christophe), savant philologue allemand (1732-1806).
https://www.wikidata.org/wiki/Q131694	ADEN [dèn'], v. forte d'Arabie (Yémen) ; port sur le golfe d'Aden, formé par la mer des Indes ; aux Anglais ; 45.000 h. Café moka. Dépôt de charbon.
https://www.wikidata.org/wiki/Q366574	ADERNO v. d'Italie (prov. de Catane) ; 20.200 h.
https://www.wikidata.org/wiki/Q49967	ADHÉMAR DE MONTEIL, évêque du Puy, prélat guerrier et brillant orateur, l'un des prédicateurs de la 1re croisade au concile de Clermont ; m. de la peste à Antioche en 1098.
https://www.wikidata.org/wiki/Q356605	ADHERBAL, amiral carthaginois, vainquit Claudius Pulcher à Drépane (Sicile), en 249 av. J.-C.
https://www.wikidata.org/wiki/Q356616	ADHERBAL, fils de Micipsa, roi de Numidie en 118, tué à Cirta par ordre de son cousin Jugurtha (113 av. J.-C.).
https://www.wikidata.org/wiki/Q13696	ADIGE, fleuve d'Italie, qui naît dans les Alpes Rhétiques, arrose Vérone, Legnano, et se jette dans la mer Adriatique ; 375 kil.
https://www.wikidata.org/wiki/Q412980	ADJMIR, province de l'Inde anglaise, dans le Radjpoutana ; 500.000 h. cap. Adjmir ; 74.000 h.
https://www.wikidata.org/wiki/Q958784	ADLERCREUTZ (Charles-Jean), général suédois, un des principaux chefs de la révolution de 1809, qui renversa Gustave IV (1757-1815).
https://www.wikidata.org/wiki/Q192109	ADMÈTE, fondateur et roi de Phères, en Thessalie, et l'un des Argonautes ; mari d'Alceste, qui s'offrit en sacrifice pour prolonger ses jours. Apollon garda les troupeaux de ce prince (Myth.).
https://www.wikidata.org/wiki/Q239674	ADOLPHE (saint), évêque d'Osnabruck (Westphalie), de 1202 à 1222 ; m. en 1224. Fête le 11 février.
https://www.wikidata.org/wiki/Q1605244	Adolphe, roman de B. Constant, peinture vraie et saisissante de l'inconstance, des inquiétudes et des inconséquences du cœur humain (1815).
https://www.wikidata.org/wiki/Q160101	ADOLPHE DE NASSAU, empereur d'Allemagne en 1292, défait et tué par Albert d'Autriche en 1298.
https://www.wikidata.org/wiki/Q52931	ADOLPHE-FRÉDÉRIC, duc de Holstein-Gottorp, évêque de Lubeck, puis roi de Suède en 1751. A la faveur de son gouvernement peu énergique se formèrent les factions des Bonnets et des Chapeaux (1710-1771). Son fils Gustave III lui succéda.
https://www.wikidata.org/wiki/Q1570758	ADONAÏ (seigneur, souverain maître), nom donné à Dieu par les Juifs.
https://www.wikidata.org/wiki/Q360378	ADONIAS [ass], fils de David. Il osa disputer le trône à Salomon, qui le fit mettre à mort (1014 av. J.-C.).
https://www.wikidata.org/wiki/Q163920	ADONIS [niss], jeune Grec d'une grande beauté, qui fut blessé mortellement par un sanglier ; Vénus le changea en anémone (Myth.). On célébrait en son honneur les fêtes appelées Adonies. Adonis est resté le type de la beauté efféminée.
https://www.wikidata.org/wiki/Q3817873	Adonis, poème italien en vingt chants, du cavalier Marini, ayant pour sujet les amours de Vénus et d'Adonis ; œuvre célèbre, où l'on remarque de l'imagination, une versification harmonieuse, mais aussi beaucoup de faux brillant et de mauvais goût (1623). Ce poème exerça une influence déplorable sur la littérature française et espagnole.
https://www.wikidata.org/wiki/Q2628761	Adoration des mages ou des rois (l'), tableau d'Alb. Dürer, d'un caractère très réaliste, au musée des Offices (Florence) ; de Raphaël (Berlin) ; de Paul Véronèse (Dresde) ; de Memling, célèbre triptyque (Madrid) ; de Rubens (Anvers) ; de Poussin (Louvre) ; etc.
https://www.wikidata.org/wiki/Q1029715	Adoration des bergers, tableau de Raphaël (Berlin) ; de Ribera (Louvre) ; de Murillo (Madrid), etc.
https://www.wikidata.org/wiki/Q3064891	ADORNO, nom d'une illustre famille plébéienne de Gênes, qui a fourni plusieurs doges à la république, du xive au xvie siècle.
https://www.wikidata.org/wiki/Q380096	ADOUA, cap. du Tigré (Abyssinie). Défaite des Italiens par les Abyssins, en 1896.
https://www.wikidata.org/wiki/Q207366	ADOUR, fl. de France, prend sa source au Tournant (Hautes-Pyrénées), traverse la vallée de Campan, arrose Bagnères-de-Bigorre, Tarbes, Saint-Sever, Dax, Bayonne, reçoit le Gave de Pau, et se jette dans le golfe de Gascogne ; 335 kil.
https://www.wikidata.org/wiki/Q366569	ADRAR, oasis montagneuse du Sahara occidental, au sud du Maroc ; 8.000 h. — Ville du Touat (Sahara français) ; 7.500 h.
https://www.wikidata.org/wiki/Q223152	ADRASTE, roi d'Argos. Il accueillit Polynice, chassé de Thèbes par son frère Etéocle, et entreprit contre celui-ci la guerre des Sept chefs, dans laquelle les deux frères ennemis s'entre-tuèrent.
https://www.wikidata.org/wiki/Q557118	ADRETS [drè] (baron des), chef protestant, né à la Frette (Dauphiné) et connu par sa cruauté. Il obligeait, dit-on, ses prisonniers à sauter du haut d'une tour sur la pointe des piques de ses soldats. Comme l'un d'entre eux hésitait : « Allons donc, poltron ! est-ce donc si difficile ? » s'écria des Adrets. « Je vous le donne en quatre ! » répliqua le soldat. Le baron fit grâce. Il mourut catholique (1513-1587).
https://www.wikidata.org/wiki/Q34615	ADRIA, v. de la Vénétie ; 16.000 h. A donné son nom à la mer Adriatique, dont les alluvions du Pô l'ont considérablement éloignée aujourd'hui.
https://www.wikidata.org/wiki/Q2416452	ADRIANI (Jean-Baptiste), historien florentin. Son Histoire continue celle de Guichardin (1513-1579).
https://www.wikidata.org/wiki/Q13924	ADRIATIQUE (golfe ou mer), long golfe de la Méditerranée, qui baigne l'Italie, l'Autriche, le Monténégro et la Turquie. Le Pô est son principal tributaire.
https://www.wikidata.org/wiki/Q1427	ADRIEN ou HADRIEN [dri-in], empereur romain, né à Rome en 76, régna de 117 à 138 ; fils adoptif de Trajan, auquel il succéda ; il encouragea l'industrie, les lettres, les arts, réforma l'administration, construisit à Rome le môle d'Adrien, auj. château Saint-Ange, et protégea l'empire contre les Barbares au moyen de fortifications continues en Germanie et en Angleterre.
https://www.wikidata.org/wiki/Q103292	ADRIEN Ier, pape de 772 à 795 ; — Adrien II, pape de 867 à 872 ; — Adrien III, pape de 884 à 885 ; — Adrien IV, pape de 1154 à 1159 ; — Adrien V, pape en 1276 ; — Adrien VI, pape de 1522 à 1523.
https://www.wikidata.org/wiki/Q60848770	Adroite princesse (l') ou les Aventures de Finette, nouvelle de Perrault, où l'auteur cherche à prouver que l'oisiveté est la mère de tous les vices, et la défiance la mère de la sûreté.
https://www.wikidata.org/wiki/Q2736539	ADRUMÈTE ou HADRUMÈTE, v. de l'Afrique ancienne, colonie phénicienne. Ses ruines, d'époque romaine, se voient près de Sousse.
https://www.wikidata.org/wiki/Q264401	ADUATUQUES ou ADUATIQUES, peuple issu des Cimbres et des Teutons, établi dans la Gaule, entre l'Escaut et la Meuse, lors de la conquête de César.
https://www.wikidata.org/wiki/Q378887	ADULA ou ADULE, massif des Alpes lépontiennes (3.398 m.). Boileau le cite dans le Passage du Rhin.
https://www.wikidata.org/wiki/Q28041055	ADULIS [liss], nom ancien de Zoulla (v. ce mot).
https://www.wikidata.org/wiki/Q109576	ÆGATES. V. Egates.
https://www.wikidata.org/wiki/Q336937	ÆGIDIUS [uss]. V. Egidius.
https://www.wikidata.org/wiki/Q404513	ÆGOS-POTAMOS [gôss, môss] (fleuve de la Chèvre), petit fleuve de Thrace, près duquel Lysandre, à la fin de la guerre du Péloponèse, détruisit la flotte athénienne dans une bataille décisive (405 av. J.-C.).
https://www.wikidata.org/wiki/Q314467	ÆNÉSIDÈME, philosophe sceptique, né à Gnosse (Crète), professa à Alexandrie (ier siècle av. J.-C.).
https://www.wikidata.org/wiki/Q61224	ÆPINUS [nuss] (François-Ulrich Hoch, dit), physicien allemand, né à Rostock. On lui attribue la première idée de l'électrophore et du condensateur électrique (1724-1802).
https://www.wikidata.org/wiki/Q273442	AERSCHOT, v. de Belgique (Brabant), ch.-l. de cant., arr. de Louvain ; sur la Denier ; 6.400 h.
https://www.wikidata.org/wiki/Q558402	ÆSOPUS [puss], célèbre acteur tragique romain, ami de Pompée et de Cicéron.
https://www.wikidata.org/wiki/Q185476	AÉTIUS [si-uss], général romain, née en Mœsie vers la fin du ive siècle. Il défendit la Gaule contre les Francs et les Burgondes, puis contribua à la défaite d'Attila dans les champs Catalauniques en 451. Il fut assassiné par Valentinien III, jaloux de sa gloire et de sa puissance (454).
https://www.wikidata.org/wiki/Q211720	AFAR. V. Danakil.
https://www.wikidata.org/wiki/Q868066	AFER (Domitius), orateur romain, né à Nîmes ; consul sous Caligula ; fut le maître de Quintilien (16 av. J.-C. — 59 ap.).
https://www.wikidata.org/wiki/Q737359	AFFRE (Denis-Auguste), archevêque de Paris, né à Saint-Rome-de-Tarn (Aveyron) en 1793, blessé mortellement le 25 juin 1848 sur les barricades, où il était allé porter des paroles de paix.
https://www.wikidata.org/wiki/Q889	AFGHANISTAN, Etat du centre de l'Asie ; 558.000 kil. carr. ; 5 millions d'h. (Afghans) ; cap. Kaboul ; v. pr. Hérat et Kandahar. Pays montagneux, où s'élève le massif de l'Hindou-Kouch, arrosé par l'Amou-Daria au N., par le Hilmend au S. ; peu fertile, sous un climat rigoureux. Population en grande partie nomade, de race iranienne, gouvernée par des émirs. Chevaux, fourrures, châles, fruits. L'Angleterre et la Russie se disputent la prépondérance en Afghanistan.
https://www.wikidata.org/wiki/Q71610	AFRAGOLA, ville d'Italie (prov. de Naples) ; 20.000 hab.
https://www.wikidata.org/wiki/Q472077	AFRANIUS [uss] (Lucius), poète comique latin ; porta le premier à la scène des sujets nationaux (iie s. av. J.-C.).
https://www.wikidata.org/wiki/Q472219	AFRANIUS NEPOS [poss] (Lucius), général et consul romain (60 av. J.-C.), partisan et ami de Pompée ; m. 47 av. J.-C.
https://www.wikidata.org/wiki/Q784719	Africaine (l'), célèbre opéra en cinq actes ; paroles de Scribe, musique de Meyerbeer (1865). La partition abonde en beautés de premier ordre.
https://www.wikidata.org/wiki/Q317014	AFRICANUS [uss] (Julius), orateur romain, d'origine gauloise ; vivait au iiie siècle.
https://www.wikidata.org/wiki/Q15	AFRIQUE, une des cinq parties du monde. L'Afrique est une presqu'île triangulaire tenant à l'Asie par l'isthme de Suez ouvert par un canal, et bornée au N. par la Méditerranée, à l'O. par l'Atlantique, au S. par l'océan Pacifique, à l'E. par l'océan Indien, au N.-E. par la mer Rouge. Superficie : 38 millions de kilom. carr. Population : 100 millions d'hab. L'Afrique est 3 fois plus grande que l'Europe et 57 fois plus grande que la France. Principales régions naturelles : 1° au N., sur le littoral méditerranéen, le Maroc, l'Algérie, la Tunisie, la Tripolitaine et l'Egypte ; 2° les déserts : Sahara (coupé de rares oasis), déserts de Libye, de Nubie ; 3° le Soudan, région de clairières, savanes, cultures, arrosée par le Sénégal, le Niger, le Nil supérieur, et où l'on distingue de l'O. à l'E. : la Sénégambie, la Guinée, le bassin du lac Tchad, les marécages du Bahr-el-Ghazal, la montagneuse Abyssinie ; 4° l'Afrique équatoriale (forêts vierges, grandes pluies) comprenant les bassins du Congo et du Zambèze, les soulèvements montagneux du Kenia et du Kilima-N'djaro, du Cameroun, etc., les lacs Nyassa, Bangouéolo, Tanganyika, Victoria, etc., le pays de Zanzibar ; 5° l'Afrique australe, désertique à l'intérieur (Kalahari) mais montagneuse et cultivée sur les côtes : le Cap, Orange, Transvaal, Mozambique. Races : Arabes, Berbères (Kabyles, Touareg, etc.), Egyptiens, Nubiens et Peuls, Ethiopiens (Danakil, Gallas, etc.) ; races nègres, Bantous ou Cafres, Hottentots, Boschimans, Malgaches. Faune, flore et productions. On rencontre en Afrique l'éléphant, le rhinocéros, l'hippopotame, la girafe, le buffle, le zébu, le lion, le léopard, la panthère, l'hyène, le zèbre, l'antilope, le gnou, le chacal, le dromadaire, le gorille, le chimpanzé, le cynocéphale, l'autruche, les perroquets, le grand serpent python, etc. On y trouve la poudre d'or, les diamants, le cuivre, le plomb, la houille, on y voit des arbres gigantesques tels que le baobab, ainsi qu'un grand nombre de plantes utiles, l'olivier, l'oranger le caféier, le poivrier, le dattier, le palmier, le cotonnier, le cocotier, la canne à sucre, etc. Colonisation européenne. La France domine dans l'Afrique septentrionale (Algérie et Tunisie), occidentale (Afrique-Occidentale française, Congo français), et elle possède Madagascar et ses satellites. L'Angleterre détient l'Egypte, et possède la Guinée anglaise, Sierra-Leone, le bassin inférieur du Niger, le Cap, Transvaal, Orange, Natal, l'Est africain. L'Etat indépendant du Congo a pour souverain le roi des Belges. Le Portugal occupe Angola à l'O. et Mozambique à l'E. ; enfin l'Allemagne est maîtresse du Damaraland et de l'Afrique-Orientale allemande. L'Afrique, longtemps peu connue, a été, au courant du xixe siècle, traversée d'un océan à l'autre par Livingstone, Cameron, Stanley, Serpa Pinto, Manteucci, Wissmann, Arnot, Brito Capello et Ivens. Autres voyageurs célèbres : Duveyrier, Soleillet, Largeau, Flatters, Mungo-Park, Clapperton, Caillié, Barth, Nachtigal, de Brazza, Burton, Speke, Baker, Foureau, Toutée, Marchand.
https://www.wikidata.org/wiki/Q210682	AFRIQUE-OCCIDENTALE FRANÇAISE, gouvernement général englobant la totalité des colonies françaises de l'Afrique du nord-ouest : Sénégal, Haut-Sénégal-Niger, Guinée française, Côte-d'Ivoire, Dahomey ; 13 millions d'hab. environ.
https://www.wikidata.org/wiki/Q153963	AFRIQUE-ORIENTALE ALLEMANDE, colonie allemande d'Afrique, entre l'océan Indien et les grands lacs, 950.000 kilom. carr. ; 6.800.000 hab.
https://www.wikidata.org/wiki/Q876185	AFRIQUE-ORIENTALE ANGLAISE, ensemble de territoires situés dans la partie orientale de l'Afrique équatoriale, et soumis à l'administration d'une compagnie privilégiée ; 3 millions d'hab. environ.
https://www.wikidata.org/wiki/Q390086	AGAG (ghagh), roi des Amalécites, vaincu par Saül, et coupé en morceaux par ordre de Samuel (Bible).
https://www.wikidata.org/wiki/Q390363	AGAMÈDE, frère de Trophonius, avec qui il construisit le temple de Delphes.
https://www.wikidata.org/wiki/Q128176	AGAMEMNON (mèm-non), fils d'Atrée, frère de Ménélas, roi de Mycènes, chef des héros grecs qui assiégèrent Troie. Il n'hésita pas à sacrifier sa fille Iphigénie pour le succès de son entreprise, sur les conseils du devin Calchas. A son retour de Troie, il fut assassiné par Egisthe et Clytemnestre, sa femme. Il est resté le type de ceux qui immolent leurs plus chères affections à leurs ambitions et à leurs intérêts.
https://www.wikidata.org/wiki/Q3320792	Agamemnon, tragédie d'Eschyle, d'une élévation farouche et superbe, formant avec les Choéphores et les Euménides la grande trilogie de l'Orestie (460 av. J.-C.) ; — tragédie d'Alfieri ; une de ses principales productions (xviiie siècle) ; — tragédie en cinq actes et en vers de Lemercier, son chef-d'œuvre (Théâtre Français, 1797).
https://www.wikidata.org/wiki/Q2670127	Agape (gr. agapê, affection). Nom du repas du soir, que faisaient entre eux les premiers chrétiens, en commémoration de la cène de J.-C., et dans lequel on se donnait le baiser de paix. Les agapes, ayant donné lieu à des abus, furent de bonne heure proscrites par l'Eglise.
https://www.wikidata.org/wiki/Q160900	AGAPET [pè] (saint), pape de 535 à 536. Agapet II, pape de 946 à 956.
https://www.wikidata.org/wiki/Q106128975	Agapètes, nom donné, dans la primitive Eglise, à des clercs habitant des communautés de femmes, et à des femmes vivant dans la maison d'un prêtre.
https://www.wikidata.org/wiki/Q214617	AGAR, personnage biblique, esclave égyptienne d'Abraham et mère d'Ismaël, qui fut renvoyée avec son fils par le patriarche après la naissance d'Isaac. La mère et l'enfant errèrent longtemps dans le désert de Bersabée. L'eau étant venue à leur manquer, Ismaël tomba sur le sable, et Agar s'éloigna en pleurant, pour ne pas voir mourir son fils. Un ange lui apparut alors et lui montra une source où elle put se désaltérer avec Ismaël, qui était destiné à devenir la souche du peuple arabe (Ismaélites).
https://www.wikidata.org/wiki/Q2826417	AGAR (Marie-Léonide), tragédienne française, née à Sedan (1836-1891).
https://www.wikidata.org/wiki/Q122972	AGASSIZ [si] (Louis), célèbre géologue et paléontologiste suisse, né à Métiers (canton de Neuchâtel). Partisan des idées de Cuvier, il a soutenu qu'il existait un parallélisme constant entre la succession des types aux différents âges de la terre et celle des formes par lesquelles passe chaque individu dans le cours de son développement embryogénique. Il n'admet ni l'unité de composition organique, ni la variabilité des espèces (transformisme) [1807-1873].
https://www.wikidata.org/wiki/Q200895	AGATHE (sainte), vierge et martyre, née à Palerme, m. en 251. Fête le 5 février.
https://www.wikidata.org/wiki/Q233136	AGATHIAS [ti-ass], poète et historien grec du vie siècle, auteur d'une Histoire du règne de Justinien.
https://www.wikidata.org/wiki/Q312326	AGATHOCLE, tyran de Syracuse, né à Rhegium, ennemi des Carthaginois (361-289 av. J.-C.).
https://www.wikidata.org/wiki/Q380482	AGATHON, poète tragique d'Athènes, émule d'Euripide (448-401 av. J.-C.).
https://www.wikidata.org/wiki/Q104467	AGATHON (saint), né à Palerme, pape de 678 à 682.
https://www.wikidata.org/wiki/Q191396	AGDE, ch.-l. de c. (Hérault), arr. de Béziers ; 9,530 h. (Agathais ou Agathois) ; port sur l'Hérault, près la mer ; ch. de f. M. Commerce de vins.
https://www.wikidata.org/wiki/Q6625	AGEN (jin), ch.-l. du dép. de Lot-et-Garonne ; ch. de f. Orl. et M., à 651 kil. S.-S.-O de Paris ; 22.480 h. (Agenais ou Agenois). Evêché. Cour d'appel. Beau pont-canal de 23 arches sur la Garonne. Prunes, volailles. Patrie de Lacépède, de Jasmin. L'arr. a 9 cant. 72 com. ; 70.580 h.
https://www.wikidata.org/wiki/Q392459	AGENAIS [nê] ou AGENOIS [noi], ancien pays de France, dans la Guyenne (Lot-et-Garonne).
https://www.wikidata.org/wiki/Q2547185	AGÉNOR, guerrier troyen, fils d'Anténor.
https://www.wikidata.org/wiki/Q983432	AGÉSANDRE, sculpteur rhodien qui exécuta, avec ses deux fils, le groupe du Laocoon.
https://www.wikidata.org/wiki/Q271850	AGÉSILAS (lass), roi de Sparte (397-360 av. J.-C.). Il vainquit les Perses, battit les ennemis grecs de Sparte à Coronée (394), et sauva sa patrie menacée par Epaminondas vainqueur à Mantinée. Sous son règne fut signé le traité d'Antalcidas.
https://www.wikidata.org/wiki/Q2827379	Agésilas, tragédie en cinq actes de P. Corneille, (1667), une des plus faibles productions de l'illustre tragique. V. Attila.
https://www.wikidata.org/wiki/Q1613144	AGGÉE [agh-jé], l'un des petits prophètes du canon juif (vie siècle av. J.-C.).
https://www.wikidata.org/wiki/Q320049	AGHADÈS [dèss], oasis du Sahara ; 8.000 h.
https://www.wikidata.org/wiki/Q207600	AGHLABITES, dynastie arabe de l'Afrique qui établit sa résidence à Kairouan et qui régna sur la plus grande partie du nord de l'Afrique, sous la suzeraineté des Abbassides (800-909).
https://www.wikidata.org/wiki/Q393652	AGIDES, une des deux dynasties royales de Sparte.
https://www.wikidata.org/wiki/Q263364	AGILOLFINGES, dynastie lombarde, descendant du guerrier bavarois Agilolfe.
https://www.wikidata.org/wiki/Q315276	AGILULPHE ou AGILOLFE, roi des Lombards, qui ceignit le premier la « couronne de fer » (590-615).
https://www.wikidata.org/wiki/Q249118	AGIS [jiss], nom de plusieurs rois de Sparte. Le plus fameux, Agis III, régna de 244 à 235 av. J.-C., et fut condamné à mort par les éphores.
https://www.wikidata.org/wiki/Q4439972	AGLAÉ, la plus jeune des trois Grâces, épouse d'Héphaistos (Myth.).
https://www.wikidata.org/wiki/Q394311	AGLY, rivière du midi de la France, née dans les Corbières, tributaire du golfe du Lion ; 80 kil.
https://www.wikidata.org/wiki/Q42983	AGNADEL [dèl'], village d'Italie (Lombardie). Louis XII y battit les Vénitiens en 1509.
https://www.wikidata.org/wiki/Q384117	AGNAN. V. Aignan.
https://www.wikidata.org/wiki/Q3413605	AGNANO (lac d'), lac occupant le bassin d'un ancien cratère dans les champs Phlégréens, près de Naples ; ses eaux sont constamment en ébullition.
https://www.wikidata.org/wiki/Q734834	Agneau mystique (l') ou l'Adoration de l'agneau, célèbre tableau à plusieurs compartiments, peint par les frères Van Eyck ; église de Saint-Bavon, à Gand.
https://www.wikidata.org/wiki/Q511182	AGNELLO [gnèl-lo] (col d'), col des Alpes, au S. du mont Viso, reliant les vallées de la Durance (par le Guil) et du Pô (par la Varoche). François Ier le franchit en 1515 et le maréchal de Berwick en 1702.
https://www.wikidata.org/wiki/Q210096	AGNÈS (sainte), vierge de Salerne, martyre, à treize ans, en 303 sous Dioclétien. Fête le 21 janvier. La mort de sainte Agnès a fourni au Tintoret et au Dominiquin le sujet de deux tableaux célèbres.
https://www.wikidata.org/wiki/Q106129016	Agnès, personnage de l'Ecole des femmes, comédie de Molière, et qui est resté le type de l'ingénue. On dit une Agnès, c'est une Agnès, quand on veut désigner une jeune fille naïve, simple, ignorante, qui dit sans rougir les choses les plus risquées.
https://www.wikidata.org/wiki/Q61876	AGNÈS DE MÉRANIE [nî], fille de Berthold, duc de Méranie, en Tyrol, seconde épouse de Philippe Auguste (1196), qui avait répudié pour elle Ingeburge. Ce mariage fut déclaré nul par l'Eglise ; m. en 1201.
https://www.wikidata.org/wiki/Q106129019	Agnès de Méranie, tragédie de Ponsard, dans le genre classique (1846).
https://www.wikidata.org/wiki/Q394867	AGNI [agh-ni], dieu du feu, l'un des trois termes de la trinité védique.
https://www.wikidata.org/wiki/Q221126	AGNONE, v. d'Italie (prov. de Campo-Basso) ; 1.000 h. Métallurgie du cuivre.
https://www.wikidata.org/wiki/Q395171	AGOBARD [bar], savant archevêque de Lyon. Il participa à la révolte des fils de Louis le Débonnaire et contribua à la déposition de cet empereur (779-840).
https://www.wikidata.org/wiki/Q194005	AGOSTA ou AUGUSTA, port de Sicile (prov. de Syracuse) ; 13.300 h. Victoire de Duquesne sur l'amiral hollandais Ruyter en 1676.
https://www.wikidata.org/wiki/Q253453	AGOULT [gou] (Marie de Flavigny, comtesse d'), écrivain français, né à Francfort-sur-le-Mein. Elle a publié, sous le nom de Daniel Stern, des ouvrages historiques et philosophiques, au style mâle, aux idées énergiques et fières.
https://www.wikidata.org/wiki/Q395784	AGOUT [gou], rivière de France, qui naît au massif de l'Espinouse (Cévennes), arrose Castres, Lavaur, et se jette dans le Tarn (riv. g.) ; 180 kil.
https://www.wikidata.org/wiki/Q42941	AGRA, v. de l'Inde anglaise, ch.-l. de la province du Bengale, sur la Djamna ; 188.000 h. (Agréens).
https://www.wikidata.org/wiki/Q9022026	Agraires (lois), lois présentées, à Rome, à diverses époques, dans le but de donner aux plébéiens pauvres une part plus considérable dans la répartition des terres du domaine public, c'est-à-dire conquises sur l'ennemi, et que les patriciens accaparaient presque en totalité. Leur application donna toujours lieu à de graves désordres. La première fut présentée par Spurius Cassius, qui proposa de distribuer aux pauvres une partie des terres publiques ; elle fut votée, mais la coalition des patriciens et des riches plébéiens en empêcha l'exécution. Accusé d'aspirer à la royauté, Spurius Cassius fut condamné à mort (486). En 376, une nouvelle loi agraire, due au tribun Licinius, porta que chacun ne devrait pas posséder plus de 500 arpents du domaine public. Enfin, en 133, Tibérius Gracchus, devant l'extension constante des grands domaines, ou latifundia, présenta une loi destinée à étendre les effets de la loi Licinia : il fut chargé, avec son frère Caïus et son beau-père Appius Claudius, de la mettre à exécution ; mais il fut assassiné en plein Forum, dans un mouvement de réaction dirigé par Scipion Nasica. Son frère Caïus, qui avait repris ses projets, eut le même sort douze ans plus tard. César, pendant son consulat, fut plus heureux, et réussit à faire distribuer des terres publiques en Campanie aux plébéiens pères de trois enfants.
https://www.wikidata.org/wiki/Q1435	AGRAM [ghram'] v. de Hongrie, ch.-l. de la Croatie, sur la Save, affl. du Danube ; 57.700 h. (Agramiens).
https://www.wikidata.org/wiki/Q3606846	Agramant, personnage du Roland furieux de l'Arioste, chef des Sarrasins qui assiègent Paris. Son nom est passé en proverbe comme synonyme de valeur impétueuse ; il est surtout resté dans cette locution : La discorde est au camp d'Agramant, par allusion aux troubles et à la division que la Discorde, obéissant aux ordres de saint Michel, jette parmi les chefs sarrasins.
https://www.wikidata.org/wiki/Q275907	AGREDA (Marie d'), religieuse cordelière espagnole, née à Agreda (prov. de Soria, Espagne), célèbre par ses extases et ses visions (1602-1665).
https://www.wikidata.org/wiki/Q272082	AGRICOLA (Cneius-Julius), général romain, beau-père de l'historien Tacite. Il acheva la conquête de la Grande-Bretagne. Il fut empoisonné, dit-on, par ordre de Domitien, jaloux de sa gloire (37-93).
https://www.wikidata.org/wiki/Q1244446	Agricola (Vie d'), éloquente biographie d'Agricola par Tacite, son gendre (97 ou 98 ap. J.-C.).
https://www.wikidata.org/wiki/Q749987	Agriculture (De l'), par Columelle ; intéressant traité d'économie rurale (ier s. de notre ère).
https://www.wikidata.org/wiki/Q1180731	Agriculture (De l'), par Varron ; œuvre d'un agronome et d'un écrivain de mérite (ier s. av. J. C.).
https://www.wikidata.org/wiki/Q12902366	Agriculture (Théâtre d') et Ménage des champs, célèbre ouvrage de l'agronome Olivier de Serres (1600).
https://www.wikidata.org/wiki/Q13678	AGRIGENTE, v. ancienne de la Sicile, prise tour à tour par les Carthaginois et les Romains (hab. Agrigentins). Patrie d'Empédocle. Auj. Girgenti.
https://www.wikidata.org/wiki/Q396971	AGRIPPA (Menenius). V. Menenius Agrippa.
https://www.wikidata.org/wiki/Q48174	AGRIPPA (Vipsanius), général romain, gendre et ministre préféré d'Auguste, se distingua à Actium et fit construire le Panthéon de Rome (63-12 av. J.-C.).
https://www.wikidata.org/wiki/Q76568	AGRIPPA (Corneille), savant, alchimiste et philosophe, né à Cologne, historiographe de Charles Quint, mort dans la misère à Grenoble (1486-1533).
https://www.wikidata.org/wiki/Q229413	AGRIPPINE, petite-fille d'Auguste, fille d'Agrippa et de Julie ; épousa Germanicus, dont elle eut deux enfants (Caligula et Agrippine) et fut exilée dans l'île de Pandataria, par Tibère, auquel ses vertus portaient ombrage ; m. en 33.
https://www.wikidata.org/wiki/Q154732	AGRIPPINE, fille de la précédente et de Germanicus, mère de Néron, née à Cologne. Habile, ambitieuse, sans scrupules, elle épousa en troisièmes noces l'empereur Claude, son oncle, lui fit adopter son fils, puis empoisonna Claude, aidée par la fameuse Locuste, pour placer Néron sur le trône ; mais celui-ci, trouvant trop lourde l'impérieuse tutelle de sa mère, après avoir inutilement tenté de la noyer au moyen d'un bateau préparé qui devait s'ouvrir en pleine mer, la fit assassiner par un centurion. « Frappe au ventre » dit-elle à celui-ci, comme si elle voulait punir ses entrailles d'avoir porté un pareil monstre.
https://www.wikidata.org/wiki/Q1347962	AGUADO [ghoua] (Alexandre), riche banquier espagnol et collectionneur d'art, né à Séville, naturalisé français (1784-1842).
https://www.wikidata.org/wiki/Q200805	AGUASCALIENTES [a-ghouass-ka-li-in-tèss], v. du Mexique, ch.-l. de l'Etat de même nom ; 35.000 h. — L'Etat a 102.000 h.
https://www.wikidata.org/wiki/Q1278923	AGUESSEAU [ghè-sô] (Henri-François d'), magistrat français, né à Limoges. Orateur éloquent et profond érudit, il se distingua au milieu de la cour corrompue de Louis XV par l'élévation de son caractère, une admirable intégrité et le dévouement le plus absolu aux intérêts publics. Il signa toujours Daguesseau, son véritable nom (1668-1751).
https://www.wikidata.org/wiki/Q26399	AHAGGAR ou HOGGAR, pays montagneux du Sahara, habité par les Touareg. Ville pr. Idelès.
https://www.wikidata.org/wiki/Q464017	Ahasvérus, personnage légendaire plus connu sous le nom de Juif errant.
https://www.wikidata.org/wiki/Q55472379	Ahasvérus, ouvrage de Quinet ; livre étrange, qui est, suivant l'auteur, « l'histoire du monde, de Dieu dans le monde, et enfin du doute dans le monde » (1833).
https://www.wikidata.org/wiki/Q114749	AHMED [mèd] ou ACHMET Ier [ak-mèt'], sultan de Constantinople, né en 1589, régna de 1603 à 1617. — Ahmed II, sultan des Turcs, de 1691 à 1695, abandonna le pouvoir au grand vizir Kupruli. — Ahmed III, sultan des Turcs, de 1703 à 1730, donna asile à Charles XII après la bataille de Pultava.
https://www.wikidata.org/wiki/Q1070	AHMEDABAD, v. de l'Inde anglaise (présidence de Bombay) ; 186.000 h.
https://www.wikidata.org/wiki/Q223805	AHRIMAN [man'], le principe du mal, opposé à Ormazd, dans la religion de Zoroastre.
https://www.wikidata.org/wiki/Q661467	Ahrimans ou Hermans (Hommes libres), nom donné, chez les Germains et les Francs, aux guerriers libres.
https://www.wikidata.org/wiki/Q193133	AHUN, ch.-l. de c. (Creuse), arr. de Guéret, près la Creuse ; 2.300 h. ; ch. de f. Orl. Houille.
https://www.wikidata.org/wiki/Q726967	AICARD [kar] (Jean), poète et auteur dramatique français, né à Toulon en 1848.
https://www.wikidata.org/wiki/Q4730963	AÏCHA, fille d'Abou-Bekr, et seconde femme de Mahomet ; m. en 678.
https://www.wikidata.org/wiki/Q171277	Aida, opéra en quatre actes, paroles de Ghislanzoni, d'après un scénario de Mariette-bey, musique de Verdi, représenté au Caire en 1871, à Paris en 1876. La scène se passe à Memphis et à Thèbes, au temps des Pharaons ; l'œuvre est émouvante et colorée.
https://www.wikidata.org/wiki/Q170457	AÏDIN [din'], v. de la Turquie d'Asie, au S.-E. de Smyrne, sur le Tabak-Tchaï ; 37.000 h.
https://www.wikidata.org/wiki/Q94145	Aigle, nom de deux ordres honorifiques en Prusse. L'un, celui de l'Aigle-Noir, fut fondé par Frédéric Ier en 1701 ; l'autre, de l'Aigle-Rouge, inférieur au précédent, créé par Georges-Guillaume, margrave de Bayreuth, en 1790.
https://www.wikidata.org/wiki/Q84020	Aigle blanc, ordre de chevalerie créé en 1325 par Vladislas IV, roi de Pologne, et qu'un ukase du tsar Alexandre Ier réunit aux ordres russes en 1815.
https://www.wikidata.org/wiki/Q3208312	Aigles (distribution des) à la Grande Armée, vaste tableau de David (Versailles) [1810].
https://www.wikidata.org/wiki/Q3201662	Aiglon (L'), drame en six actes, en vers, d'Edmond Rostand (1900), remarquable par l'ampleur lyrique et par la virtuosité de la forme. Il a pour héros le duc de Reichstadt, tourmenté par des rêves de gloire et impuissant à les réaliser.
https://www.wikidata.org/wiki/Q384117	AIGNAN (saint) ou AGNAN, évêque d'Orléans, né à Vienne (Isère) ; il défendit Orléans contre Attila (451).
https://www.wikidata.org/wiki/Q404491	AIGNAN, ch.-l. de c. (Gers), arr. de Mirande ; 1.350 h.
https://www.wikidata.org/wiki/Q198315	AIGNAY-LE-DUC, ch.-l. de c. (Côte-d'Or), arr. de Châtillon ; 770 h.
https://www.wikidata.org/wiki/Q1836325	AIGOUAL (mont), massif des Cévennes, entre le Gard et la Lozère (1.567 m. d'alt.). Important observatoire météorologique.
https://www.wikidata.org/wiki/Q1451759	AIGRE, ch.-l. de c. (Charente), arr. de Ruffec, sur l'Houme ; 1.380 h. Eaux-de-vie, vins.
https://www.wikidata.org/wiki/Q1115712	AIGREFEUILLE, ch.-l. de c. (Loire-Inf.), arr. de Nantes, sur la Maine, petit affl. de la Sèvre-Nantaise ; 1.310 h. (Aigrefeuillais).
https://www.wikidata.org/wiki/Q1087218	AIGREFEUILLE, ch.-l. de c. (Charente-Inf.), arr. de Rochefort ; 1.540 h. (Aigrefeuillais) ; ch. de f. Etat. Eaux-de-vie.
https://www.wikidata.org/wiki/Q693071	AIGUEBELLE, ch.-l. de c. (Savoie), arr. de Saint-Jean-de-Maurienne, sur l'Arc, affl. de l'Isère ; 900 h. (Aiguebellains) ; ch. de f. P.-L.-M.
https://www.wikidata.org/wiki/Q333447	AIGUEPERSE, ch.-l. de c. (Puy-de-Dôme), arr. de Riom ; 2.250 h. Ch. de f. P.-L.-M.
https://www.wikidata.org/wiki/Q193809	AIGUESMORTES [è-ghe-mor-te], ch.-l. de c. (Gard), arr. de Nîmes ; 4.510 h. (Aiguemortains) ; ch. de f. P.-L.-M. Jadis port de mer, où saint Louis s'embarqua pour l'Egypte (1248) et Tunis (1270).
https://www.wikidata.org/wiki/Q1337859	AIGUILLE (l'), montagne de l'Isère ; 2.097 m.
https://www.wikidata.org/wiki/Q539643	AIGUILLES, ch.-l. de c. (Hautes-Alpes), arr. de Briançon, sur le Guil, affl. de la Durance ; 520 h. Bons fromages.
https://www.wikidata.org/wiki/Q4085	AIGUILLES (cap des), au S. de l'Afrique, à l'E. du cap de Bonne-Espérance.
https://www.wikidata.org/wiki/Q404783	AIGUILLON, comm. du Lot-et-Garonne (arr. d'Agen), près le confl. du Lot et de la Garonne ; 2.990 h. (Aiguillonnais). Ch. de f. M.
https://www.wikidata.org/wiki/Q2080674	AIGUILLON (duchesse d'), nièce de Richelieu. Elle fut l'auxiliaire de saint Vincent de Paul (1604-1675).
https://www.wikidata.org/wiki/Q722359	AIGUILLON (Emmanuel-Armand, duc d'), ministre de Louis XV. Il lutta en Bretagne contre La Chalotais, et fit partie, avec Maupcou et Terray, du scandaleux Triumvirat (1720-1782).
https://www.wikidata.org/wiki/Q211643	AIGURANDE, ch.-l. de c. (Indre), arr. de La Châtre ; 2.460 h. (Aigurandais).
https://www.wikidata.org/wiki/Q2712004	AIKIN (John), écrivain anglais, auteur d'une Biographie générale et de Pièces en prose conjointement avec sa sœur Mme Barbauld (1747-1822).
https://www.wikidata.org/wiki/Q476584	AILLANT [a-ian], ch.-l. de c. (Yonne), arr. de Joigny ; 1.250 h.
https://www.wikidata.org/wiki/Q318580	AILLY (Pierre d'), théologien et cardinal français, né à Compiègne, légat d'Avignon, et l'un des chefs des conciles de Pisé et de Constance (1350-1420).
https://www.wikidata.org/wiki/Q30809	AILLY-LE-HAUT-CLOCHER, ch.-l. de c. (Somme), arr. d'Abbeville ; 960 h. Papeteries.
https://www.wikidata.org/wiki/Q30759	AILLY-SUR-NOYE, ch.-l. de c. (Somme), arr. de de Montdidier ; 1.190 h. Ch. de f. N.
https://www.wikidata.org/wiki/Q472068	AIMARD (Olivier Gloux, dit Gustave), romancier français, auteur de romans d'aventures qui ne manquent ni d'imagination, ni de vie (1818-1883).
https://www.wikidata.org/wiki/Q2000474	AIMÉ (saint), archevêque de Sens, m. en 690. Fête le 13 septembre.
https://www.wikidata.org/wiki/Q405513	AIME, ch.-l. de c. (Savoie), arr. de Moutiers, sur l'Isère 1.050 h. (Aimens).
https://www.wikidata.org/wiki/Q405836	AIN, riv. de France, qui sort des monts du Jura et se jette dans le Rhône (riv. d.) ; 190 kil.
https://www.wikidata.org/wiki/Q3083	AIN (départ. de l'), départ. formé de la Bresse, du Bugey, du pays de Gex et de la principauté de Dombes ; préf. Bourg ; s.-préf. Belley, Gex, Nantua, Trévoux. 5 arr., 36 cant., 455 com. ; 350, 420 h. ; 7e région militaire ; cour d'appel de Lyon ; évêché à Belley. Ce départ. tire son nom de l'Ain qui l'arrose.
https://www.wikidata.org/wiki/Q101828	AÏNOS [no], race asiatique, qui se rencontre dans l'île Yéso, l'île Sakhaline et dans les Kouriles.
https://www.wikidata.org/wiki/Q518359	AINSWORTH (William-Harrison), un des plus féconds romanciers de l'Angleterre né à Manchester (1805-1882).
https://www.wikidata.org/wiki/Q93338	AÏNTAB, v. de la Turquie d'Asie, district d'Alep ; 43.200 h. Etait au moyen âge un grand fief de la principauté d'Edesse.
https://www.wikidata.org/wiki/Q259903	AIRE, ch.-l. de c. (Pas-de-Calais), arr. de Saint-Omer, sur la Lys ; 8.460 h. (Airiens). Bière, huile, grains. Ch. de f. N.
https://www.wikidata.org/wiki/Q408608	AIRE, ch.-l. de c. (Landes), arr. de Saint-Sever, sur l'Adour ; 4.270 h. (Aturins). Ch. de f. M. Evêché. Ancienne résidence d'Alaric II.
https://www.wikidata.org/wiki/Q69265	AIROLO [a-i], bourg d'Italie (Val Levantino), à l'entrée italienne du tunnel du Saint-Gothard ; 1.400 h.
https://www.wikidata.org/wiki/Q409326	AIRVAULT, ch.-l. de c. (Deux-Sèvres), arr. de Parthenay sur le Thouet ; 1.780 h. ; ch. de f. Etat.
https://www.wikidata.org/wiki/Q20018	AIRY (George-Biddell), célèbre astronome et mathématicien anglais, né à Alnwick. Il a donné le premier la théorie complète de l'arc-en-ciel (1801-1892).
https://www.wikidata.org/wiki/Q41962	AISNE [è-ne], riv. de France, qui prend sa source dans l'Argonne occidentale, arrose Sainte-Menehould, Vouziers, Rethel, Soissons, et se jette dans l'Oise (r. g.) près de Compiègne ; 280 kil.
https://www.wikidata.org/wiki/Q3093	AISNE (départ. de l'), départ. formé en partie par l'Ile-de-France, en partie par la Picardie ; préf. Laon, s.-préf. Château-Thierry, Saint-Quentin, Soissons, Vervins ; 5 arr., 37 cant., 841 com., 535.590 h. ; 2e région militaire ; cour d'appel d'Amiens ; évêché à Soissons. Ce départ. tire son nom de l'Aisne (riv.).
https://www.wikidata.org/wiki/Q410117	AÏSSAOUAS [sa-ou-a], confrérie musulmane de l'Afrique du Nord, ainsi nommée du fondateur de la secte, le marabout Aïssa. Ils se croient invulnérables et se moquent des morsures, des piqûres et blessures de toutes sortes.
https://www.wikidata.org/wiki/Q275947	AÏSSÉ (Mlle), Circassienne achetée comme esclave par l'ambassadeur français de Ferriol, amenée à Paris vers 1700. Elle a laissé des lettres pleines d'esprit et d'intérêt sur la société de son temps (1695-1733).
https://www.wikidata.org/wiki/Q793383	AÏVALI ou AIVALIK v. de la Turquie d'Asie, en face de Mytilène ; 40.000 h. C'est l'antique Cydonia.
https://www.wikidata.org/wiki/Q47465	AIX [èks], ancienne cap. de la Provence, ch.-l. d'arr. (Bouches-du-Rhône) ; 29.420 h. (Aixois ou Aqui-Sextains) ; ch. de f. P.-L.-M. ; 28 kil. N. de Marseille. Archevêché ; université ; école des Arts et Métiers. Savons, huiles, amandes. Patrie de Vauvenargues, du poète Brueys, de Vanloo, de Tournefort, d'Adanson, d'Entrecasteaux. Aix (Aquæ sextiæ) fut fondé par les Romains en 123 av. J.-C., Marius vainquit les Teutons en 102 av. J.-C., non loin de là. L'arr. a 10 cant., 59 com. ; 111.310 h.
https://www.wikidata.org/wiki/Q214568	AIX (île d'), dans l'Océan, non loin de l'embouchure de la Charente ; 520 h. Belle et vaste rade, qui est l'avant-port de Rochefort.
https://www.wikidata.org/wiki/Q1062398	AIX-D'ANGILLON (Les), ch.-l. de c. (Cher), arr. de Bourges ; 1.430 h.
https://www.wikidata.org/wiki/Q990592	AIX-EN-OTHE, ch.-l. de c. (Aube), arr. de Troyes ; 2.650 h. Ch. de f. E.
https://www.wikidata.org/wiki/Q274245	AIXE-SUR-VIENNE, ch.-l. de c. (Haute-Vienne), arr. de Limoges, sur la Vienne ; 3.610 h. (Aixois) ; ch. de f. Orl. Papeteries.
https://www.wikidata.org/wiki/Q1017	AIX-LA-CHAPELLE, v. de la Prusse rhénane ; 135.240 h. Eaux minérales ; ce fut la capitale de l'empire de Charlemagne, qui y résida longtemps. On y tint deux conciles (816, 817). Un traité y fut signé en 1668, qui mit fin à la guerre de Dévolution et donna la Flandre à la France ; un autre, en 1748, qui termina la guerre de la Succession d'Autriche. Louis XV, qui n'y obtenait, malgré ses victoires, que des avantages insignifiants, voila cet insuccès diplomatique en déclarant qu'il avait fait la paix « non pas en marchand, mais en roi ». En 1818 y eurent lieu des conférences à la suite desquelles les Alliés évacuèrent la France.
https://www.wikidata.org/wiki/Q181955	AIX-LES-BAINS, ch.-l. de c. (Savoie), arr. de Chambéry ; 8.120 h. (Aixois). Ch. de f. P.-L.-M. Station thermale fréquentée.
https://www.wikidata.org/wiki/Q40104	AJACCIO [jak-sio], ch.-l. du dép. de la Corse, à 1.089 kil. S.-E. de Paris ; 21.780 h. (Ajacciens ou Ajaccéens). Belle rade ; évêché, vice-rectorat. L'arr. a 12 cant., 80 comm., 79,750 h. Patrie de Charles et Lætitia Bonaparte et de leurs huit enfants (v. Bonaparte), du cardinal Fesch et de Bacciochi.
https://www.wikidata.org/wiki/Q172725	AJAX, deux héros grecs de la guerre de Troie, dont le nom est resté synonyme de guerrier bouillant, impétueux : 1° Ajax, fils de Télamon, fut vaincu par Ulysse dans la dispute relative aux armes d'Achille, et, devenu fou de douleur, égorgea les troupeaux des Grecs croyant tuer ses adversaires ; reconnaissant bientôt son erreur, il se donna la mort. Un jour qu'une divinité tutélaire de Troie avait enveloppé d'un nuage les deux armées pour favoriser la fuite des Troyens, il s'écria : Grand Dieu, rends-nous le jour et combats contre nous. On fait souvent allusion à cette circonstance de sa vie. — 2° Ajax, fils d'Oïlée, fit naufrage au retour du siège de Troie, se réfugia sur un rocher d'où il menaça le ciel et fut englouti dans les flots. On fait allusion à Ajax menaçant les dieux.
https://www.wikidata.org/wiki/Q412341	Ajax furieux, tragédie de Sophocle, où est mise en scène la folie de l'orgueil (415 av. J.-C.).
https://www.wikidata.org/wiki/Q3295327	AKAKIA (Martin), lecteur au collège de France, médecin de François Ier dont le vrai nom, qu'il traduisit en grec, était Sans-Malice, né à Châlons-sur-Marne ; m. en 1551.
https://www.wikidata.org/wiki/Q5287291	Akakia (c'est-à-dire sans malice), nom sous lequel Voltaire a couvert de ridicule Maupertuis dans sa Diatribe du docteur Akakia, médecin du pape. On appliqua souvent ce nom à un pédant prétentieux.
https://www.wikidata.org/wiki/Q8597	AKBAR, empereur mogol de l'Inde, de la race de Tamerlan, né à Amarkot. Il agrandit et organisa son empire, avec l'aide de son ministre Aboul-Fazl ; de l'année de son avènement (1556) date la grande ère orientale ou ère d'Akbar (1542-1605).
https://www.wikidata.org/wiki/Q2828968	AKBOU, ch.-l. de c. (Algérie), dép. de Constantine, arr. de Bougie ; 2.300 h.
https://www.wikidata.org/wiki/Q220976	A KEMPIS [kin-piss]. V. Kempis.
https://www.wikidata.org/wiki/Q1247855	AKENSIDE (Marc), médecin et poète anglais, né à Newcastle-upon-Tyne (1721-1770).
https://www.wikidata.org/wiki/Q781814	AKKAS, peuple nain, nègre, de l'Afrique centrale, habitant la zone torride, sur les bords du Nil Blanc.
https://www.wikidata.org/wiki/Q1968086	AKKERMAN [kèr-man'], v. de Russie (Bessarabie), port sur l'estuaire du Dniester ; 45.000 h.
https://www.wikidata.org/wiki/Q3761	AKRA ou ACCRA, v. de la Guinée septentrionale, sur la Côte de l'Or ; 10.000 h. Aux Anglais.
https://www.wikidata.org/wiki/Q558643	ALABAMA, fl. des Etats-Unis, qui passe à Montgomery et se jette dans le golfe du Mexique ; 1.400 kil.
https://www.wikidata.org/wiki/Q173	ALABAMA, un des Etats de l'Union américaine ; 1.828.700 h. ; cap. Montgomery.
https://www.wikidata.org/wiki/Q235853	ALACOQUE (Marie), religieuse visitandine connue pour son mysticisme (1647-1690).
https://www.wikidata.org/wiki/Q403910	ALADIN ou ALA ED DIN, un des princes qui commandèrent aux Haschichins (par corruption Assassins), et plus connu sous le nom de Vieux de la Montagne (xiiie s.).
https://www.wikidata.org/wiki/Q209515	Aladin ou la Lampe merveilleuse, titre d'un conte charmant des Mille et une Nuits. Le jeune Aladin, devenu possesseur de cette lampe magique, réalise la plus brillante fortune. Les écrivains font souvent allusion à la lampe d'Aladin pour désigner le pouvoir secret que possède un homme de satisfaire promptement tous ses désirs et ses caprices.
https://www.wikidata.org/wiki/Q575046	ALAGNON, riv. de France, née au massif du Cantal, affl. de l'Allier (r. g.), 80 kil.
https://www.wikidata.org/wiki/Q40885	ALAGOAS [gho-ass], un des Etats du Brésil ; 511.500 h. Ch.-l. Maceio.
https://www.wikidata.org/wiki/Q200853	ALAIGNE, ch.-l. de c. (Aude), arr. de Limoux ; 560 h.
https://www.wikidata.org/wiki/Q4313	ALAIN DE LILLE, professeur de théologie à l'Université de Paris, poète latin, surnommé le Docteur universel (1114-1202).
https://www.wikidata.org/wiki/Q178054	ALAINS [lin], barbares qui envahirent la Gaule en 406. Ils furent anéantis en Espagne par les Wisigoths.
https://www.wikidata.org/wiki/Q193183	ALAIS [lè], ch.-l. d'arr. (Gard) ; sur le Gardon d'Alais. Ch. de f. P.-L.-M., à 42 kil. N.-O. de Nîmes ; 25.000 h. (Alaisiens). Verreries ; forges. Aux environs, mines de fer et de houille, parmi lesquelles on remarque celles de la Grand'Combe. Ecole de mineurs. Patrie du chimiste J.-B. Dumas. En 1629, Richelieu y conclut avec les protestants un traité, ou Edit de grâce, qui leur laissait la liberté de conscience, mais supprimait leurs privilèges politiques, notamment les places de sûreté. L'arr. a 11 cant., 100 comm., 128.200 h.
https://www.wikidata.org/wiki/Q721846	ALAMANNI (Louis), poète italien, né à Florence, protégé de François Ier, auteur d'un Art de cultiver (1495-1556).
https://www.wikidata.org/wiki/Q132990	ALAMANS. V. Alemans.
https://www.wikidata.org/wiki/Q5689	ALAND (îles d'), archipel de la mer Baltique formé d'environ 300 îles ; 25.000 h. ; à la Russie.
https://www.wikidata.org/wiki/Q356532	ALARCON Y MENDOZA (Jean-Ruiz), célèbre poète dramatique espagnol, né au Mexique vers la fin du xvie siècle. Son drame le plus connu, le Tisserand de Ségovie, est un des chefs-d'œuvre de la littérature espagnole ; m. en 1639.
https://www.wikidata.org/wiki/Q313553	ALARCON (Pedro Antonio de), poète et romancier espagnol, né à Guadix (1833-1891).
https://www.wikidata.org/wiki/Q102371	ALARIC Ier, roi des Wisigoths. Il ravagea l'Orient, pilla Rome et mourut à Cosenza en 410. — Alaric II, roi des Wisigoths, battu par Clovis et tué de sa propre main à Vouillé en 507.
https://www.wikidata.org/wiki/Q797	ALASKA ou ALIASKA, territoire formant presqu'île au N.-O. de l'Amérique ; aux Etats-Unis ; 64.000 h. Cap. Sitka.
https://www.wikidata.org/wiki/Q81801	ALAVA, prov. d'Espagne ; 96.500 h. Ch.-l. Vitoria.
https://www.wikidata.org/wiki/Q54889	ALBACÈTE, prov. d'Espagne ; 238.000 h. Ch.-l. Albacète, sur le rio de Bazalote ; 21.000 h.
https://www.wikidata.org/wiki/Q1129380	ALBAIN [bin] (mont), petite montagne du Latium, au pied de laquelle s'élevait Albe, la rivale de Rome.
https://www.wikidata.org/wiki/Q1214694	ALBAN, ch.-l. de c. (Tarn), arr. d'Albi ; 930 h. Fer, manganèse.
https://www.wikidata.org/wiki/Q312982	ALBAN ou ALBANS (saint), le premier martyr de l'Angleterre ; périt vers 303. Fête le 22 juin.
https://www.wikidata.org/wiki/Q358147	ALBANE (François Albani, dit), peintre italien, disciple du Carrache, né à Bologne. Ses compositions, gracieuses mais sans vigueur, lui ont valu les surnoms de Peintre des Grâces et d'Anacréon de la peinture (1578-1660).
https://www.wikidata.org/wiki/Q2605448	ALBANI, nom d'une famille italienne, qui a donné à l'Eglise plusieurs cardinaux et le pape Clément XI.
https://www.wikidata.org/wiki/Q222	ALBANIE [nî], région montagneuse de la Turquie d'Europe, sur la côte occidentale de la péninsule des Balkans ; 1.750.000 h. (Albanais). Villes princ. : Scutari, Janina.
https://www.wikidata.org/wiki/Q191115	ALBANO, v. d'Italie, prov. de Rome ; sur le lac de ce nom ; 6.600 h.
https://www.wikidata.org/wiki/Q849448	ALBANO (lac d'), à 20 kil. de Rome. C'est un ancien cratère ; sur ses bords s'élève Castel-Gandolfo, où est une maison de plaisance du pape.
https://www.wikidata.org/wiki/Q24861	ALBANY, v. des Etats-Unis, cap. de l'Etat de New-York, sur l'Hudson ; 95.000 h.
https://www.wikidata.org/wiki/Q704257	ALBANY, v. de la prov. d'Australie occidentale ; 3.000 hab. Port actif sur l'océan Indien.
https://www.wikidata.org/wiki/Q1991742	ALBANY, nom celtique de l'Ecosse.
https://www.wikidata.org/wiki/Q1264490	ALBANY (ducs d'), titre que portaient à la fin du xve siècle les princes puînés de la maison d'Ecosse.
https://www.wikidata.org/wiki/Q63057	ALBANY (comtesse d'), née à Mons, femme du prétendant anglais Charles-Edouard Stuart, puis du poète Alfieri (1753-1824).
https://www.wikidata.org/wiki/Q569291	ALBARACIN (sierra d'), chaîne de montagnes d'Espagne ; — v. forte d'Espagne (Aragon) ; 2.500 h.
https://www.wikidata.org/wiki/Q80847	ALBE (Ferdinand-Alvarez, duc d'), général des armées de Charles-Quint et de Philippe II, célèbre par ses cruautés dans les Pays-Bas révoltés, où il institua le sanglant Tribunal des troubles (1508-1582).
https://www.wikidata.org/wiki/Q335070	ALBE-LA-LONGUE, la plus ancienne ville du Latium, fondée par Enée, rivale de Rome, détruite par les cités voisines, au cours du règne du roi romain Tullus Hostilius. La plus grande partie de ses habitants (Albains) émigra à Rome.
https://www.wikidata.org/wiki/Q528122	ALBENS [binss], ch.-l. de c. (Savoie), arr. de Chambéry, sur l'Albenche ; 1.700 h. (Albanais).
https://www.wikidata.org/wiki/Q1624531	ALBÈRES (monts), nom donné à la partie des Pyrénées entre la Catalogne et le dép. des Pyrénées-Orientales. 1.600 m. d'alt. environ.
https://www.wikidata.org/wiki/Q371439	ALBERGATI CAPACELLI (François), dramaturge italien, né à Bologne (1728-1804).
https://www.wikidata.org/wiki/Q539927	ALBERONI (Jules), abbé italien et ministre d'Espagne, né à Fiorenzuola, non loin de Parme. Fils d'un jardinier, il s'éleva aux plus hautes situations par sa souplesse adulatrice et sa verve spirituelle. Devenu cardinal et ministre de Philippe V, il chercha, au lendemain du traité d'Utrecht, à relever l'Espagne de sa décadence, noua des intelligences dans toute l'Europe et chercha notamment par l'intermédiaire de son ambassadeur en France, Cellamare, à faire donner à son souverain la régence de Louis XV ; mais il échoua et fut exilé (1664-1752).
https://www.wikidata.org/wiki/Q30940	ALBERT [bèr], ch.-l. de c. (Somme), arr. de Péronne, sur l'Ancre, affl. de la Somme ; 7.400 h. (Albertins). Ch. de f. N.
https://www.wikidata.org/wiki/Q1392380	ALBERT (saint), évêque de Liège, assassiné en 1195 par des émissaires de l'empereur Henri VI. Fête le 21 novembre.
https://www.wikidata.org/wiki/Q153956	ALBERT Ier, duc d'Autriche et empereur d'Allemagne de 1298 à 1308 ; — Albert V, duc d'Autriche, empereur d'Allemagne sous le nom d'Albert II, de 1438 à 1439.
https://www.wikidata.org/wiki/Q60059	ALBERT LE GRAND, moine dominicain, théologien, philosophe et alchimiste ; né à Lauingen, en Souabe, en 1193, m. à Cologne en 1280.
https://www.wikidata.org/wiki/Q152245	ALBERT (prince), duc de Saxe, prince de Saxe-Cobourg-et-Gotha. Il épousa en 1840 la reine d'Angleterre Victoria (1819-1861).
https://www.wikidata.org/wiki/Q310807	ALBERT (archiduc) général autrichien, né à Vienne. Il remporta en 1866 sur les Italiens la victoire de Custozza (1817-1895).
https://www.wikidata.org/wiki/Q125211	ALBERT-ÉDOUARD ou Louta-N'zighé, lac de l'Afrique équatoriale tributaire, par le Semliki, du lac Albert-Nyanza.
https://www.wikidata.org/wiki/Q2831707	ALBERTI, famille de Florence, rivale des Médicis et des Albizzi (xive, xve s.).
https://www.wikidata.org/wiki/Q182046	ALBERTI (Léo Battista), architecte florentin, au talent érudit et classique, auteur de l'Architecture ou Art de bâtir (1404-1472).
https://www.wikidata.org/wiki/Q125888	ALBERT-NYANZA ou M'voutan-N'zighé, grand lac de l'Afrique équatoriale d'où sort une des branches du Nil.
https://www.wikidata.org/wiki/Q159469	ALBERTVILLE (bèr-vi-le), ch.-l. d'arr. (Savoie) ; sur l'Arly, affl. de l'Isère ; ch. de f. P.-L.-M., à 60 kil. N.-E. de Chambéry ; 6.200 h. (Albertvillains). Scieries. L'arr. a 4 cant., 42 comm. ; 35.000 h.
https://www.wikidata.org/wiki/Q21635	ALBESTROFF, ancien ch.-l. de c. (Meurthe), auj. à l'Allemagne ; 705 h.
https://www.wikidata.org/wiki/Q132801	ALBI, ch.-l. du dép. du Tarn, sur le Tarn ; ch. de f. Orl. et M., à 709 kil. S. de Paris. 22.600 h. (Albigeois). Archevêché. Patrie de l'abbé Boyer, de La Pérouse. L'arr. a 8 cant., 94 comm. ; 101.300 h.
https://www.wikidata.org/wiki/Q2831879	ALBIGEOIS [joi], pays de France (dép. du Tarn), réuni à la couronne sous Louis IX en 1247.
https://www.wikidata.org/wiki/Q161696	Albigeois ou Cathares, secte religieuse qui se propagea, dès le xie siècle, dans le midi de la France, aux environs d'Albi, et contre laquelle le pape Innocent III ordonna une croisade (1209). Les croisés, commandés par Simon de Montfort, saccagèrent Béziers, Carcassonne, et, malgré la protection du comte de Toulouse, Raymond VI, les Albigeois furent vaincus à Muret et à Toulouse (1213). Cette guerre désastreuse à laquelle Louis VIII de France prit part, ne se termina que sous la régence de Blanche de Castille, par le traité de Paris (1229).
https://www.wikidata.org/wiki/Q674040	ALBION, nom donné par les anciens Grecs à la Grande-Bretagne.
https://www.wikidata.org/wiki/Q1756103	ALBIZZI, puissante famille de Florence, rivale des Médicis et des Alberti (xive et xve siècles).
https://www.wikidata.org/wiki/Q152877	ALBOÏN, roi des Lombards (561 à 573).
https://www.wikidata.org/wiki/Q269130	ALBONI (Mme), célèbre cantatrice italienne, née à Cesena, en Romagne (1823-1894).
https://www.wikidata.org/wiki/Q709181	ALBORNOZ (Alvarez Carillo), homme d'Etat espagnol, archevêque de Tolède et cardinal, né à Cuenca. Il réussit à ramener Rome sous l'obéissance des papes (1310-1367).
https://www.wikidata.org/wiki/Q3373373	ALBRET [brè) ou LABRIT, anc. pays de Gascogne (Landes), réuni à la couronne par Henri IV.
https://www.wikidata.org/wiki/Q2608761	ALBRET (maison d'), illustre famille à laquelle appartenait Jeanne d'Albret, mère de Henri IV.
https://www.wikidata.org/wiki/Q144268	ALBUERA (La), v. d'Espagne (Estrémadure) ; 630 h. Soult y fut vaincu par les Anglo-Espagnols en 1811.
https://www.wikidata.org/wiki/Q2367959	ALBUFERA, lac et marécage d'Espagne, près de Valence ; victoire remportée en 1812, sur les Anglais, par le maréchal Suchet, qui fut créé duc d'Albufera.
https://www.wikidata.org/wiki/Q204397	ALBUQUERQUE [kèr-ke] (Alphonse d'), dit le Grand, célèbre navigateur portugais, né à Alhandra. Il bombarda Calicut, prit Goa et Malacca, et fonda la puissance portugaise aux Indes (1453-1515).
https://www.wikidata.org/wiki/Q530694	ALBY, ch.-l. de c. (Haute-Savoie), arr. d'Annecy, sur le Chéran, affl. du Fier ; 1.010 h.
https://www.wikidata.org/wiki/Q46940	ALCALA DE HÉNARÈS, v. d'Espagne (Nouvelle-Castille) ; 13.500 h. Jadis université célèbre. Patrie de Cervantès.
https://www.wikidata.org/wiki/Q638181	ALCALA LA RÉAL, v. d'Espagne (Andalousie), prov. de Jaen ; 16.000 h. Victoire de Sébastiani sur les Espagnols (1810).
https://www.wikidata.org/wiki/Q481544	ALCAMO, v. de Sicile ; 37.500 h. C'est l'antique Ségeste.
https://www.wikidata.org/wiki/Q389205	ALCANTARA, v. forte d'Espagne (Estrémadure), sur le Tage ; 3.800 h. Ordre d'Alcantara, ordre religieux et militaire d'Espagne, fondé en 1156, à l'imitation des Templiers, reconstitué sous la tutelle des rois d'Espagne, supprimé par la République en 1872, rétabli en 1874 par Alphonse XII.
https://www.wikidata.org/wiki/Q613611	Alcazar, nom des palais des rois maures à Tolède, Cordoue, Ségovie et Séville, où se trouve le plus remarquable.
https://www.wikidata.org/wiki/Q679269	ALCAZAR DE SAN-JUAN, v. d'Espagne, prov. de Ciudad-Real ; 9.700 h.
https://www.wikidata.org/wiki/Q52603	ALCAZAR-QUIVIR, v. du Maroc. 5.000 h. Sébastien de Portugal y fut battu et tué par les Maures (1578).
https://www.wikidata.org/wiki/Q142739	ALCÉE, fils de Persée, aïeul d'Hercule, qui prit de lui le nom d'Alcide (Myth.).
https://www.wikidata.org/wiki/Q212872	ALCÉE, poète lyrique grec (viie s. av. J.-C.), né à Mytilène, inventeur du vers et de la strophe alcaïques.
https://www.wikidata.org/wiki/Q320449	ALCESTE, fille de Pélias et femme d'Admète ; elle se dévoua à la mort pour sauver son mari. Hercule pénétra aux Enfers pour la ramener (Myth.).
https://www.wikidata.org/wiki/Q1246408	Alceste, tragédie d'Euripide (439 av. J.-C.) ; drame extrêmement touchant, fort admiré de Racine.
https://www.wikidata.org/wiki/Q2019911	Alceste, tragédie lyrique en 5 actes, paroles de Quinault, musique de Lulli (1674).
https://www.wikidata.org/wiki/Q1046495	Alceste, opéra en 3 actes, paroles du bailli du Rollet, musique de Gluck ; un de ses ouvrages le plus justement admirés du musicien (1776).
https://www.wikidata.org/wiki/Q67151539	Alceste, principal personnage du Misanthrope, de Molière. Ce nom a servi depuis à désigner un homme bourru, d'une impitoyable franchise, ennemi des ménagements qu'impose la vie de société.
https://www.wikidata.org/wiki/Q464471	ALCIAT [si-a] (André), jurisconsulte italien, né à Alzate. Il enseigna le premier le droit romain d'après la méthode historique (1492-1550).
https://www.wikidata.org/wiki/Q187982	ALCIBIADE, général athénien, plein de qualités brillantes, mais ambitieux et sans moralité. Il fut l'élève favori de Socrate. Devenu, plutôt par intérêt que par conviction, le chef du parti démocratique, il entraîna sa patrie dans l'aventureuse expédition contre la Sicile. Il en fut nommé le chef, mais bientôt rappelé comme coupable de la mutilation sacrilège des statues d'Hermès. Il s'enfuit alors auprès du satrape Tissapherne, servit un moment Lacédémone contre sa propre patrie, puis se réconcilia avec Athènes, et, finalement, mourut en exil, assassiné par ordre de Pharnabaze, satrape de Bithynie (450-404 av. J.-C.). Ce nom, passé dans la langue, sert à désigner un homme plein de qualités naturelles et d'esprit, mais que gâtent d'irrémédiables vices de caractère. On le représente aussi comme désireux de la renommée plutôt que de la vraie gloire et cherchant à occuper l'attention publique par tous les moyens possibles. C'est ainsi qu'il fit couper la queue d'un chien magnifique qui lui avait coûté 7.000 drachmes, et qui faisait l'admiration d'Athènes. De là cette expression proverbiale : Couper la queue de son chien ou Couper la queue du chien d'Alcibiade, qu'on applique à celui qui commet quelque extravagance pour attirer sur lui l'attention.
https://www.wikidata.org/wiki/Q106139111	ALCIBIADE (saint), un des premiers martyrs des Gaules, mort à Lyon en 177. Fête le 2 juin.
https://www.wikidata.org/wiki/Q122248	ALCIDE, petit-fils d'Alcée, surnom d'Hercule et de ses descendants (Myth.).
https://www.wikidata.org/wiki/Q496595	ALCINOÜS [no-uss], d'après l'Odyssée, roi des Phéaciens, père de Nausicaa ; accueillit Ulysse naufragé.
https://www.wikidata.org/wiki/Q559866	ALCIPHRON, rhéteur grec du iiie siècle ap. J.-C.
https://www.wikidata.org/wiki/Q931780	ALCIRA, v. d'Espagne, prov. de Valence, sur le Jucar ; 18.500 h.
https://www.wikidata.org/wiki/Q298850	ALCMAN DE SARDES ou ALCMÉON, poète grec du viie av. J.-C., fondateur de la poésie chorale, le premier en date des grands lyriques grecs.
https://www.wikidata.org/wiki/Q190543	ALCMÈNE, épouse du thébain Amphitryon et mère d'Hercule (Myth.).
https://www.wikidata.org/wiki/Q652086	ALCMÉONIDES, puissante famille venue de Messénie à Athènes. Elle prétendait descendre d'Alcméon, petit-fils de Nestor, et compta parmi ses membres Mégaclès, Périclès et Alcibiade.
https://www.wikidata.org/wiki/Q428	ALCORAN, v. Coran.
https://www.wikidata.org/wiki/Q494777	ALCOY [koi], v. d'Espagne, prov. d'Alicante ; 32.000 h.
https://www.wikidata.org/wiki/Q154332	ALCUIN, théologien et savant anglais, un des maîtres de l'Ecole palatine fondée sur l'ordre de Charlemagne (735-804).
https://www.wikidata.org/wiki/Q912904	ALCYONE, fille d'Eole et femme de Ceyx, roi de Trachis, changée en alcyon avec son mari (Myth.).
https://www.wikidata.org/wiki/Q213220	ALDE, prénom du chef de la famille des Manuce dont les éditions sont appelées Aldines.
https://www.wikidata.org/wiki/Q12170	ALDÉBARAN, étoile fixe de première grandeur dans la constellation du Taureau.
https://www.wikidata.org/wiki/Q271330	ALDEGONDE (sainte), première abbesse de Maubeuge (630-680).
https://www.wikidata.org/wiki/Q199968	ALDENHOVEN, v. d'Allemagne, région d'Aix-la-Chapelle ; sur le Merzbach, s.-affl. de la Meuse ; 1.250 h. Jourdan y battit les Autrichiens (1794).
https://www.wikidata.org/wiki/Q646980	ALDERSHOT [chot'], v. d'Angleterre (Hampshire) ; 26.000 h. Camp, établissements militaires.
https://www.wikidata.org/wiki/Q129090	ALDOBRANDINI (Sylvestre), jurisconsulte florentin (1499-1558) ; un de ses descendants, le cardinal Pietro Aldobrandini, neveu du pape Clément VIII, fut possesseur de la villa où furent transportées les fameuses fresques antiques appelées Noces Aldobrandines, découvertes en 1606 sur le mont Esquilin.
https://www.wikidata.org/wiki/Q321358	ALDROVANDI (Ulysse), savant naturaliste et voyageur italien, né à Bologne, auteur d'une Histoire naturelle fort méritoire pour son temps (1522-1607).
https://www.wikidata.org/wiki/Q918330	ALEANDRO (Jérôme), cardinal et littérateur italien (1480-1542).
https://www.wikidata.org/wiki/Q1643451	ALECTO, une des trois Erinnyes ou Furies (Myth.).
https://www.wikidata.org/wiki/Q316616	ALEMAN (Mathieu), écrivain espagnol, né à Séville, auteur du célèbre roman picaresque Guzman d'Alfarache, traduit plusieurs fois en français et embelli par Le Sage ; m. vers 1620.
https://www.wikidata.org/wiki/Q132990	ALEMANS ou ALAMANS, confédération de plusieurs tribus germaniques, établies sur le Rhin. Battus par Clovis à Tolbiac (416). De leur nom dérive le mot Allemands appliqué à l'ensemble des peuples germaniques.
https://www.wikidata.org/wiki/Q153232	ALEMBERT [lan-bèr] (Jean Le Rond d'), célèbre écrivain, philosophe et mathématicien français, fils naturel de Mme de Tencin, né à Paris, un des fondateurs de l'Encyclopédie. Sceptique en religion et en métaphysique, mais tolérant, il exposa, dans son célèbre Discours préliminaire sur l'Encyclopédie, la philosophie purement naturelle qui présidait à l'œuvre entreprise. Secrétaire perpétuel de l'Académie des sciences, il a laissé les remarquables Eloges des savants qu'il a vus mourir.
https://www.wikidata.org/wiki/Q26824	ALEMTEJO [lèm-té], prov. du Portugal ; 410.000 h. ; ch.-l. Evora, v. pr. Beja.
https://www.wikidata.org/wiki/Q181269	ALENÇON, ch.-l. du départ. de l'Orne, sur la Sarthe ; ch. de f. O., à 210 kil. O. de Paris ; 17.300 h. (Alençonnais). Fabrique de toiles ; dentelles, dites point d'Alençon. — Patrie d'Hébert, de Desgenettes, de Mlle Lenormand. L'arr. a 6 cant., 92 comm., 57.250 h.
https://www.wikidata.org/wiki/Q1848228	ALENÇON (comtes et ducs d'), titres portés par divers membres de la maison de Valois. Les plus célèbres sont : Charles de Valois, tué à la bataille de Crécy (1346) ; — Jean IV, tué à la bataille d'Azincourt (1415) ; — Jean V, compagnon d'armes de Jeanne d'Arc (1409-1476) ; — René, enfermé par Louis XI dans une cage de fer, m. en 1492 ; — Charles IV, époux de Marguerite de Valois, sœur de François Ier, m. en 1525 ; François, 4e fils de Henri II et qui devint duc d'Anjou (1554-1584).
https://www.wikidata.org/wiki/Q119285	ALÉOUTES ou ALÉOUTIENNES (îles), chapelet d'îles sur la côte N.-O. de l'Amérique du Nord ; aux Etats-Unis ; 6.000 h. (Aléoutiens ou Aléoutes).
https://www.wikidata.org/wiki/Q41183	ALEP [lèp], v. de Turquie d'Asie (Syrie) ; 127.200 h. (Alepins). Grand commerce.
https://www.wikidata.org/wiki/Q212399	ALERIA, com. de Corse, arr. de Corte ; 740 h. ; sur le site d'une grande ville romaine.
https://www.wikidata.org/wiki/Q835966	ALÉSIA, place forte gauloise où César assiégea et prit Vercingétorix, et qui est très probablement Alise Sainte-Reine (Côte-d'Or).