Q2696414	O (François, marquis d'), homme d'Etat français, né et mort à Paris, surintendant des Finances sous Henri III et Henri IV (1535-1594).
Q131347	OAHOU, île de Polynésie, la plus importante de l'archipel des Sandwich ; 42.000 h. Ch.-l. Honolulu.
Q17042	OAKLAND, v. des Etats-Unis (Californie), sur la baie de San-Francisco ; 47.000 h.
Q734446	OATES [ôts] (Titus), aventurier anglais, né à Oakham. Il imagina de toutes pièces, en 1678, un complot papiste, qui motiva la condamnation inique d'un grand nombre de personnes.
Q131429	OAXACA, v. du Mexique, ch.-l. de l'Etat d'Oaxaca ; 35.000 h. — Etat a 948.000 h.
Q309475	OBEID (El), v. du Soudan oriental et capit. du Kordofan ; 35.000 h.
Q503757	OBERAMMERGAU [ô-bèr-am'-mèr], v. d'Allemagne (Bavière) ; 1.400 h. ; célèbre par son théâtre populaire.
Q2838	OBERHAUSEN v. d'Allemagne, prov. du Rhin, près de l'Emscher ; 42.000 h. Houille, fer.
Q74518	OBERKAMPF (Christophe-Philippe), manufacturier et philanthrope français d'origine allemande, né à Wisenbach (Bavière). Il fonda à Jouy-en-Josas (Seine-et-Oise) la première manufacture de toiles peintes (1738-1815).
Q475403	OBERLAND BERNOIS, c'est-à-dire haut pays bernois, nom du massif montagneux qui se dresse dans le canton de Berne (Suisse) et comprend entre autres sommets, le Finsteraarhorn, la Jungfrau, le Schreckhorn et le Mœnch.
Q508976	OBERLIN (Jérémie-Jacques), savant théologien et bibliographe français, né à Strasbourg (1735-1800). — Son frère Jean-Frédéric, philanthrope, né à Strasbourg (1740-1826).
Q22727	OBERNAI [nè], ancien ch.-l. de c. (Bas-Rhin) ; cédé à l'Allemagne, sur l'Ehr ; 3.400 h.
Q1139234	OBÉRON, roi des génies aériens dans la mythologie scandinave.
Q1431054	Obéron, poème romantique de Wieland (1780), ainsi caractérisé par Gœthe : « Aussi longtemps que l'or sera réputé de l'or et le cristal du cristal, Obéron sera lu et admiré comme un chef-d'œuvre. »
Q690835	Obéron, opéra en trois actes, livret de Planché, tiré du poème de Wieland, musique de Weber (1820), chef-d'œuvre d'une inspiration légère et charmante.
Q973	OBI ou OB, le plus grand fleuve de Sibérie, né dans l'Altaï. Il reçoit l'Irtych et se jette dans l'océan Glacial arctique en formant le golfe de l'Obi, après un cours de 4.300 kil.
Q860179	OBOCK ou OBOK, port de la colonie française de la Côte des Somalis, à l'entrée de la mer Rouge (golfe d'Aden) ; 1.000 h.
Q638926	OBRÉNOVITCH, nom patronymique de la dynastie qui a régné en Serbie depuis 1815 jusqu'en 1903, sauf durant la période de 1842 à 1858.
Q3033095	O'BRIEN [bri-in], célèbre maison qui régna sur une partie de l'Irlande du xiie au xvie siècle.
Q247141	O'BRIEN (William-Smith), homme d'Etat irlandais, célèbre par l'agitation nationale qu'il provoqua contre les Anglais (1803-1804).
Q17277886	OBRY (Jean-Baptiste-François), orientaliste français, né à Albert [Somme] (1793-1871).
Q461340	Observatoire de Paris, fondé en 1667 par Louis XIV et destiné à l'étude et à l'observation des phénomènes célestes et atmosphériques. L'édifice, dû à l'architecte Claude Perrault, a été depuis sa fondation agrandi et modifié. Près de l'observatoire, dans le petit Luxembourg, belle fontaine du sculpteur Carpeaux.
Q957767	OCAÑA, v. d'Espagne, prov. de Tolède ; 5.000 h. Défaite des Espagnols par les Français en 1809.
Q43936	OCCAM [o-kam'] (Guillaume d'), cordelier anglais, une des gloires de la philosophie scolastique, surnommé le Docteur invincible (1270-1347).
Q42834	OCCIDENT [ok-si-dan] (empire d'), un des deux empires formés par le démembrement de l'empire romain sous le règne de Dioclétien. Il subsista de 395 à 476 et fut rétabli par Charlemagne en l'an 800.
Q161419	OCÉAN ou OKÉANOS, divinité grecque, l'aîné des Titans, fils d'Ouranos et de Gæa. Il personnifie la mer.
Q182406	OCÉANIDES, nymphes de la mer, filles de l'Océan et de Téthys.
Q538	OCÉANIE, une des cinq parties du monde. L'Océanie est un vaste archipel situé dans le grand Océan et compris entre l'Asie à l'O. et l'Amérique à l'E. C'est un véritable monde insulaire, où les terres forment de grandes rangées parallèles, alignées du N.-O. au S.-E. La plupart des îles sont de formation volcanique ; beaucoup ne sont que des attols madréporiques. L'Océanie se divise en trois grandes parties : la Malaisie, la Mélanésie et la Polynésie (v. chacun de ces mots). Ces divisions sont plutôt ethnographiques que géographiques. L'Océanie compte environ 40 millions d'h. (Océaniens) et a une superficie de 11.300.000 kil. carrés. Les îles de l'Océanie, placées sous l'influence de la mousson, jouissent d'un climat chaud pluvieux, mais tempéré par le voisinage de la mer et généralement sain. Les côtes sont dangereuses à cause des nombreux récifs. On n'y trouve ordinairement pas les animaux que l'on rencontre dans les autres parties du monde ; les plantes diffèrent également de presque toutes celles des autres contrées. Les grandes races qui l'habitent sont les Malayo-Polynésiens, les nègres océaniens, les Papous, etc. Les Français, les Anglais, les Hollandais, les Portugais, les Allemands et les Américains y possèdent de nombreux établissements. Le mahométisme et le paganisme y sont plus répandus que le catholicisme et le protestantisme.
Q822924	OCHIN ou OCHINO (Bernard), moine cordelier, puis réformateur italien, né à Sienne (1487-1564).
Q313213	OCHOSIAS [o-ko-zi-âss], roi d'Israël de 888 à 886 av. J.-C.
Q313214	OCHOSIAS, roi de Juda, père de Joas (ixe s. av. J.-C.).
Q676747	OCHS [oks] (Pierre), patriote suisse, né à Nantes, en Suisse. Il essaya d'introduire les idées de la Révolution française (1752-1821).
Q314917	O'CONNELL (Daniel), surnommé le Grand agitateur de l'Irlande, né à Carhen House. Il déploya dans le Parlement anglais, comme membre de la Chambre des communes, la plus grande énergie pour améliorer la situation de l'Irlande, sa patrie (1775-1847).
Q337488	O'CONNOR (Feargus), chef du parti chartiste en Angleterre, né à Connorville (1794-1855).
Q1405	OCTAVE, nom que porta Auguste avant d'être élevé à la dignité impériale.
Q229483	OCTAVIE, sœur d'Auguste, épouse en secondes noces du triumvir Antoine ; m. en l'an 11 av. J.-C.
Q231262	OCTAVIE, impératrice romaine, fille de Claude et de Messaline, et femme de Néron ; mise à mort en 62 par ordre de son mari.
Q646990	Octavie, tragédie de Sénèque, exercice de rhéteur, œuvre froide et déclamatoire (ier siècle).
Q2420328	OCTEVILLE, ch.-l. de c. (Manche), arr. de Cherbourg ; 3.800 h.
Q1151917	Octobre 1789 (journées des 5 et 6), journées célèbres marquées par le soulèvement du peuple de Paris, qui marcha sur Versailles, et à la suite desquelles Louis XVI et sa famille quittèrent Versailles pour venir habiter les Tuileries, à Paris.
Q1132026	Odelsthing, l'une des sections du Shorthing, assemblée législative de la Norvège.
Q348583	ODÉNATH [nat] (Septimius), prince arabe, gouverneur de Palmyre, qui força l'empereur Gallien à lui reconnaître le titre d'Auguste. Il était l'époux de la célèbre Zénobie ; m. en 267, assassiné avec la complicité de Zénobie.
Q25331	ODENSE, capit. et port de l'île de Fionie (Danemark) ; 41.000 h. Evêché.
Q2704249	Odéon, monument d'Athènes, où se faisaient les concours de musique et de poésie. — On a donné ce nom au second Théâtre-Français de Paris, fondé en 1797.
Q552	ODER [dèr], fl. d'Allemagne, qui naît dans le massif des Sudètes, traverse la Silésie, passe à Breslau, Francfort et Stettin, et se jette dans la mer Baltique ; cours 864 kil.
Q379733	ODERIC de Pordenone [rik], voyageur et franciscain italien ; visita Ceylan et la Chine (1286-1331).
Q19221357	Odes d'Anacréon, un des chefs-d'œuvre de la poésie lyrique grecque (viie siècle av. J.-C.).
Q1347171	Odes triomphales de Pindare, poésies lyriques composées en l'honneur des athlètes vainqueurs aux jeux du stade. Malgré de grandes beautés et le mouvement rapide du style, ces odes paraissent aujourd'hui souvent froides et obscures (ve siècle av. J.-C.).
Q943884	Odes d'Horace, poésies lyriques, tantôt élevées, tantôt familières et badines. Beaucoup de ces pièces sont des chansons, quelques-unes des hymnes, d'autres de véritables satires ; on y admire une grande variété de ton, de rythmes et de mètres (ier s. av. J.-C.).
Q19212064	Odes de Ronsard, poésies de ton très varié, d'une forme très belle par l'entente de l'harmonie et des rythmes, mais d'une certaine froideur (1550-1553).
Q19221337	Odes de J.-B. Rousseau. L'auteur s'y montre habile versificateur et étonne quelquefois par l'éclat des images, mais sans jamais atteindre à la véritable émotion (1712).
Q3349153	Odes et ballades, célèbre recueil de poésies lyriques, encore classiques de forme, mais romantiques par l'idée ; premières compositions de Victor Hugo, qui ouvrirent à la poésie française une carrière nouvelle (1822).
Q19224011	Odes et élégies de Klopstock, poésies d'une grande variété, mais auxquelles manque souvent le naturel (1771).
Q19221375	Odes funambulesques de Th. de Banville, recueil original, dont V. Hugo a dit : « Que de sagesse dans ce rire ! Que de raison dans cette démence ! » (1857).
Q1874	ODESSA, v. de Russie, gouvern. de Kherson, sur la mer Noire, où elle a deux ports ; 405.000 h. Entrepôt des blés du sud de la Russie ; commerce très important ; citadelle.
Q106989323	Odeurs de Paris (les), ouvrage de L. Veuillot, critique amère et virulente de la vie parisienne, écrite avec talent, mais avec l'exagération du parti pris (1866).
Q269867	ODILE (sainte), fille d'Adalric, duc d'Alsace. Fête le 13 décembre.
Q43610	ODIN, dieu de la mythologie scandinave, principe de toutes choses : éloquence, sagesse, poésie, etc., distributeur de la vaillance.
Q103333	ODOACRE, fils d'un ministre d'Attila, chef des Hérules, qui envahit l'Italie, détrôna Romulus Augustule et fut assassiné en 493.
Q454553	ODON (saint), abbé de Cluny, réformateur de l'ordre de Saint-Benoît, né près du Mans vers 879, m. à Tours en 943.
Q454265	O'DONNEL (Léopold), comte de Lucena, général et homme d'Etat espagnol (1809-1867).
Q35160	Odyssée (l'), poème épique, attribué comme l'Iliade à Homère, en 24 chants, retraçant les voyages d'Ulysse (Odusseus) après la prise de Troie, et le retour de ce chef dans son royaume d'Ithaque. Ses longs et intéressants récits de voyage, ses calmes peintures d'intérieur, ses nombreux épisodes où se révèle une parfaite connaissance du cœur humain, donnent à l'Odyssée plus de variété et de charme qu'à l'Iliade. Un des plus beaux fragments de l'Odyssée, l'épisode de Nausicaa est un gracieux tableau des mœurs primitives.
Q123450	ŒCOLAMPADE [é-ko-lan], (Jean Hausschein, dit), un des principaux auteurs de la Réforme, né à Weinsberg. Il fut l'ami de Zwingle, qu'il essaya inutilement de rapprocher de Luther (1482-1531).
Q168648	ŒDENBOURG, v. de Hongrie, ch.-l. du comitat de son nom ; 31.000 h.
Q130890	ŒDIPE [é], fils de Laïus, roi de Thèbes et de Jocaste. Laïus, averti par un oracle qu'il serait tué par tout fils qu'il pourrait avoir, fit exposer Œdipe, dès sa naissance, sur le mont Cithéron. Recueilli par des bergers, Œdipe fut porté au roi de Corinthe, qui l'éleva princièrement. Devenu grand et raillé sur sa naissance, il consulta l'oracle qui lui dit de ne jamais retourner dans son pays, sa destinée étant de tuer son père et d'épouser sa mère, s'il y retournait. Ne se connaissant pas d'autre patrie que Corinthe, il s'exila, mais il rencontra sur son chemin Laïus et le tua à la suite d'une querelle. A cette, époque, le sphinx désolait les environs de Thèbes, dévorant tout passant qui ne devinait pas ses énigmes. Créon, successeur de Laïus, avait promis le trône et la main de Jocaste à celui qui délivrerait le pays du Sphinx : Œdipe ayant deviné l'énigme devint roi et épousa sa mère sans la connaître. Un oracle ayant révélé ces faits, Jocaste se pendit et Œdipe, après s'être arraché les yeux, partit de Thèbes guidé par sa fille Antigone (Myth.). V. Sphinx. Le nom Œdipe est passé dans la langue pour désigner les personnes qui savent trouver le mot des énigmes, la solution des questions obscures.
Q148643	Œdipe roi, tragédie de Sophocle, peut-être la plus parfaite du théâtre ancien, dont le sujet est la découverte par Œdipe de sa véritable origine (415 av. J.-C.).
Q294001	Œdipe à Colone, tragédie de Sophocle, suite de l'Œdipe roi, dans laquelle l'auteur raconte l'arrivée d'Œdipe en Attique (401 av. J.-C.).
Q732629	Œdipe à Colone, opéra en trois actes, poème de Guillard, musique de Sacchini (1787) ; belle partition empreinte d'une grandeur antique.
Q972143	Œdipe, une des meilleures tragédies de Sénèque, imitée de l'Œdipe roi de Sophocle (ier s.).
Q3594073	Œdipe, tragédie de Pierre Corneille en cinq actes et en vers (1659) ; — Première tragédie de Voltaire, qui commença sa célébrité (1718).
Q5818528	Œdipe et le Sphinx, tableau d'Ingres, au Louvre (1827), toile remarquable par la pureté du dessin ; — tableau de Gustave Moreau (1864).
Q168356	ŒHLENSCHLÆGER [eu-lèn-chlè-ghèr] (Adam-Gottlob), poète danois, né et mort à Copenhague, créateur du théâtre national de son pays. Il a de la grandeur et de l'élévation, quelquefois de la force. Il est surtout original dans les ouvrages qu'il a consacrés à la peinture des anciennes mœurs scandinaves.
Q3470110	Œil-de-bœuf (l'), nom sous lequel on désignait une longue pièce, éclairée seulement par un œil-de-bœuf, qui précédait la chambre à coucher du roi à Versailles. C'est là que les courtisans attendaient le roi, que se nouaient les intrigues, que se commentaient les nouvelles, etc.
Q239276	ŒLAND [eu-land'], île de Suède, préf. de Calmar, dans la mer Baltique ; 38.000 h. V. princ. Borgholm.
Q138229	ŒLS [euls], v. d'Allemagne (Prusse, Silésie), sur l'Olsbach ; 11.000 h.
Q57929	ŒLSNITZ, v. d'Allemagne (Saxe), sur l'Olsnitz ; 12.000 h. Houille.
Q749966	ŒNÉE [é-né], roi de Calydon, père de Déjanire (Myth.).
Q24735884	Œnone, confidente de Phèdre, dans la tragédie de ce nom, de Racine. C'est elle qui, par ses conseils perfides, pousse Phèdre aux plus criminelles résolutions ; elle est éloquemment caractérisée par la malheureuse épouse de Thésée elle-même, qui s'écrie en expirant : Détestables flatteurs, présent le plus funeste Que puisse faire aux rois la colère céleste.
Q25732	ŒREBRO, v. de Suède, ch.-l. de département, sur le Svartau ; 14.500 h.
Q44412	ŒRSTED (Jean-Christian), physicien danois. Il s'est immortalisé par la découverte de l'électro-magnétisme (1777-1851).
Q951302	ŒSEL [eu-zèl], île russe de la mer Baltique ; elle compte avec les petites îles, ses voisines, 60.000 h. Chasse, pêche.
Q132378	ŒTA [é], auj. Katavothra, montagne de l'ancienne Grèce (Thessalie). C'est là que, suivant la Fable, Hercule monta sur le bûcher.
Q120261	ŒTTINGER [eu-tin'ghèr] (Edouard-Marie), littérateur et bibliographe allemand, né à Breslau (1802-1872).
Q841550	OFANTO, fl. d'Italie, tributaire de l'Adriatique ; 130 kil.
Q41555	OFFENBACH [o-fin-bak] (Jacques), compositeur, né à Cologne, naturalisé Français, auteur de nombreuses opérettes : la Belle Hélène, Orphée aux Enfers, les Brigands, la Grande-Duchesse de Gerolstein, Barbe-Bleue, la Périchole, etc. Sa musique, tout à fait primesautière, a un caractère très marqué d'originalité bouffonne et de verve entraînante (1819-1880).
Q3042	OFFENBACH, v. d'Allemagne (Hesse-Darmstadt) ; sur le Mein ; 51.000 h.
Q51252	Offices (Palais des), à Florence, construit de 1660 à 1574 par Georges Vasari. Il renfermait primitivement les différents services de l'administration, d'où son nom. Il est aujourd'hui occupé en partie par une célèbre galerie de peinture et de sculpture.
Q652963	OFFRANVILLE, ch.-l. de c. (Seine-Inférieure), arr. de Dieppe ; 1.700 h. Ch. de f. O.
Q675788	Oger ou Ogier le Danois, personnage légendaire du temps de Charlemagne, qu'on donne comme fils d'un roi de Danemark, dont le nom figure dans un grand nombre de chansons de geste.
Q709977	OGINSKI (Michel), homme politique et musicien polonais, né à Guzow (1765-1831).
Q268105	OGIVE, reine de France, fille d'Edouard Ier, roi d'Angleterre, épouse de Charles le Simple.
Q848670	OGLIO, anc. Ollius, r. d'Italie (Lombardie), affl. g. du Pô ; 280 kil.
Q1399542	OGMIUS [uss] dieu des Gaulois, qu'on a identifié avec Hercule.
Q286477	OGNON, riv. de France, affl. g. de la Saône ; 185 kil.
Q750021	OGOOUÉ, fl. d'Afrique, tributaire de l'Atlantique, dans le Congo français ; cours 800 kilom.
Q7519	OGOTAÏ-KHAN, troisième fils et successeur de Gengis-Khan ; il fut empereur de Chine (1185-1241).
Q1142802	OGYGÈS [jèss], ancien roi de Thèbes, sous le règne duquel aurait eu lieu un déluge partiel qui noya la Béotie et une partie de l'Attique (Myth.).
Q1232442	OGYGIE, île légendaire que l'on considérait comme l'île de Calypso, célébrée par Homère.
Q4915	OHIO, rivière des Etats-Unis, affluent principal de gauche du Mississipi. Il se forme par la réunion de l'Alleghany et de la Monongahela, passe à Cincinnati, Louisville, etc. ; 1.600 kil.
Q1397	OHIO, un des Etats unis d'Amérique ; 4.157.000 h. Capit. Columbus ; v. princ. Cincinnati. Grandes richesses agricoles et minières.
Q1585	OHM (Georges-Simon), physicien allemand, né à Erlangen. Il a découvert la théorie mathématique des courants électriques (1787-1854).
Q1393388	OHNET (Georges), romancier français, né à Paris en 1848, auteur du Maître de Forges, de la Grande Marnière, etc.
Q975447	OÏLÉE, héros grec, roi des Locriens, l'un des Argonautes, père de l'un des deux Ajax.
Q200231	OISE, riv. de France, originaire des Ardennes (Belgique), baigne La Fère, Compiègne, Creil, Pontoise, et se jette dans la Seine (riv. dr.) à Conflans ; 300 kil. Navigation active.
Q12675	OISE (dép. de l'), départ. formé d'une partie de l'Ile-de-France et de la Picardie ; préf. Beauvais, s.-préf. Clermont, Compiègne, Senlis ; 4 arr., 35 cant., 701 comm., 408.000 h. 2e corps d'armée ; cour d'appel d'Amiens ; évêché à Beauvais. Ce départ. doit son nom à la rivière qui l'arrose.
Q106989383	Oiseau (l'), œuvre charmante et fantaisiste de Michelet, où l'auteur, mêlant le lyrisme à l'histoire naturelle, s'indigne poétiquement contre ceux qui traitent l'instinct des animaux de force aveugle.
Q7718730	Oiseau bleu (l'), un des contes les plus charmants et les plus populaires de Mme d'Aulnoy.
Q1164079	Oiseaux (les), comédie ou plutôt féerie d'Aristophane, satire universelle, la plus charmante composition du poète, où l'on trouve de magnifiques pages lyriques (414 av. J.-C.).
Q388107	OISEMONT [mon], ch.-l. de c. (Somme), arr. d'Amiens ; 1.200 h. Ch. de f. N.
Q172089	OKA, riv. de la Russie d'Europe, puissant affl. dr. du Volga ; 1.500 kil.
Q55069834	OKEN [kèn'] (Laurent), naturaliste allemand, né près d'Offenburg (Bade) [1779-1851].
Q41602	OKHOTSK (mer d'), mer formée par le grand Océan, au N.-E. de l'Asie.
Q648799	OKHOTSK, v. de la Sibérie orientale, sur la mer d'Okhotsk ; 200 h.
Q1223508	OKHRIDA, v. de la Turquie d'Europe (Albanie), prov. de Janinal, près du lac d'Okhrida ; 8.000 h.
Q2017330	OKLAHOMA, territoire des Etats-Unis, ouvert à la colonisation en 1889 ; 398.000 h.
Q818070	OLARGUES, ch.-l. de c. (Hérault), arr. de Saint-Pons ; 920 h.
Q2712699	OLAUS. V. Olof.
Q381010	OLAUS PETRI (Olof Petersson, dit), érudit suédois, né à Œrebro (1493-1552).
Q1857563	OLDBURY, v. d'Angleterre (Worcester) ; 20.000 h. Métallurgie.
Q693669	OLDENBOURG [din-bour] (grand-duché d'). Etat de l'Allemagne du Nord, enclavé dans la prov. de Hanovre : 399.000 h. Terres basses, marécageuses, médiocrement fertiles. Elevage. Capit. Oldenbourg ; 27.000 h.
Q202628	OLDHAM [dam'] v. d'Angleterre, comté de Lancastre ; 140.000 h.
Q292568	OLÉRON, île de France (Charente-Inférieure), arr. de Marennes ; 18.000 h. A l'embouchure de la Charente ; v. pr. Saint-Pierre et Le Château.
Q650588	OLETTA, ch.-l. de c. (Corse), arr. de Bastia ; 1.200 h. Sériciculture.
Q752260	OLETTE, ch.-l. de c. (Pyrénées-Orientales), arr. de Prades, sur la Têt ; 920 h.
Q106999189	OLIBRIUS [uss], gouverneur dans les Gaules au ve s., qui, d'après une vieille légende, fit mourir sainte Reine. Il figurait dans une foule de mystères, où il était représenté comme un fanfaron, et son nom est demeuré synonyme de bravache, d'homme qui fait l'entendu et le glorieux.
Q776390	OLIER [o-li-é] (Jean-Jacques), curé de Paris, né à Paris, fondateur de l'église Saint-Sulpice et du Séminaire de ce nom (1608-1657).
Q1335907	Olifant [fan], nom que les chroniqueurs ont donné au fameux cor du paladin Roland, cor qui était d'ivoire (d'où son nom, déformation du mot éléphant), et rendait des sons effrayants. Les écrivains y font de fréquentes allusions pour désigner, par plaisanterie, un instrument en cuivre retentissant.
Q2019841	Olim [lim'] (les), anciens registres où étaient portés les arrêts du parlement de Paris, de 1254 à 1318. Ils sont du plus haut intérêt pour l'histoire du parlement et de la jurisprudence au moyen âge.
Q1447540	OLIVA, bourg d'Allemagne (Prusse) ; 4.300 h. Traité de 1660, entre la Suède et la Pologne.
Q371833	OLIVARÈS [rèss] (Gaspar de Guzman, duc d'), homme d'Etat espagnol, né à Rome, un des plus grands ministres de l'Espagne sous Philippe IV. Il fut l'adversaire politique de Richelieu (1587-1645).
Q1113824	Olivarès (portrait équestre du duc d'), chef-d'œuvre de Velasquez (Madrid).
Q488052	OLIVENZA [vin], v. d'Espagne (Estrémadure), à la frontière du Portugal ; 8.000 h.
Q2428893	OLIVET [vè] (Pierre-Joseph d'), grammairien français, né à Salines, auteur d'une Histoire de l'Académie, qui n'est pas sans mérite (1682-1708).
Q243866	OLIVET, comm. du Loiret, arr. d'Orléans ; 3.700 h., sur le Loiret. Bons fromages.
Q2962999	OLIVIER [vi-é], l'un des douze pairs de Charlemagne, ami de Roland. Dans les romans de chevalerie, en face de Roland, fougueux et emporté, il représente la sagesse et la modération.
Q3085482	OLIVIER (François), chancelier de France sous les rois François Ier et Henri II (1487-1560).
Q3190323	OLIVIER (Juste), poète suisse, né à Eysins (1807-1870).
Q205976	OLIVIERS [vi-é] (mont des), lieu près de Jérusalem, où Jésus alla prier la veille de sa mort.
Q2342701	OLLIER [ô-li-é] (Léopold), chirurgien français, né aux Vans (1825-1900).
Q245737	OLLIERGUES [èr-ghe], ch.-l. de c. (Puy-de-Dôme), arr. d'Ambert, sur la Dore ; 1.800 h. Ch. de f. P.-L.-M.
Q840237	OLLIOULES, ch.-l. de c. (Var), arr. de Toulon ; 4.000 h. Ch. de f. P.-L.-M.
Q3044468	OLLIVIER [vi-é] (Démosthène), homme politique français, né à Bausset (Var) [1799-1884] ; — Emile, son fils, avocat et homme politique, principal ministre de l'Empire libéral, né à Marseille en 1825.
Q633502	OLMETO, ch.-l. de c. (Corse), arr. de Sartène ; 1.600 h.
Q593770	OLMI-CAPPELLA, ch.-l. de c. (Corse), arr. de Calvi ; 900 h.
Q81137	OLMUTZ [muts], v. forte d'Autriche (Moravie), sur la Morava ; prise par les Suédois (1642) et par Frédéric II (1741) ; 22.000 h. Archevêché, université ; importante fabrication de draps.
Q2712699	OLOF, roi suédois du ixe siècle ; — Olof Bjœrnson, roi de Suède à sa naissance, vers 965, m. en 1022.
Q259114	OLOF Kvaran, roi norvégien, m. vers 980 ; — Olof Ier Tryggveson, roi de Norvège, m. en 1000 ; — Olof II Haraldsson, roi de Norvège vers 1015, m. en 1030 ; — Olof III Haraldsson, roi de Norvège de 1060 à 1093 ; Olof IV Magnusson, roi de Norvège de 1103 à 1115 ; — Olof V Haakanson, roi de Danemark en 1376, et de Norvège en 1380, m. en 1387.
Q49583	OLONETZ, v. de Russie (gouv. d'Olonetz), sur l'Olonka ; 1.500 h. — Le gouv. d'Olonetz, dont le ch.-l. est Petrozavodsk, a 355.000 h.
Q639659	OLONZAC [zak], ch.-l. de c. (Hérault), arr. de Saint-Pons ; 2.300 h. Vignobles.
Q1194777	OLORON (gave d'). V. Gave.
Q208407	OLORON-SAINTE-MARIE ou simpl. OLORON, ch.-l. d'arr. (Basses-Pyrénées), au confluent des gaves d'Aspe et d'Ossau ; 9.000 h. (Oloronais). Ch. de f. M., à 23 kil. S.-O. de Pau. — L'arrond. a 8 cant., 79 comm., 60.000 h.
Q959518	OLOZAGA (Salluste), homme politique espagnol, un des chefs du parti libéral, né à Logroño (1803-1873).
Q68129	OLTEN [tèn], v. industrielle de Suisse, cant. de Soleure, sur l'Aar ; 5.000 h.
Q80344	OLYMPE [lin-pe], nom de plusieurs montagnes de la Grèce ancienne. La plus fameuse était située entre la Macédoine et la Thessalie ; alt. 2.885 m. ; d'après la Fable, résidence des dieux. C'est auj. l'Elymbos Vouno.
Q1609579	OLYMPE ou OLYMPIADE (sainte), femme de Nébridius, préfet de Constantinople, née et morte dans cette ville (368-410). Fête le 17 décembre.
Q221956	Olympiades. V. Part. langue.
Q223134	OLYMPIAS [o-lin-pi-âss], reine de Macédoine, née vers 390 av. J.-C., mère d'Alexandre, répudiée par Philippe pour son caractère ombrageux. Elle dirigea, dit-on, le bras qui tua son époux en 336 av. J.-C.
Q38888	OLYMPIE [o-lin-pî], v. du Péloponèse (Elide), où se célébraient les jeux dits Olympiques. Ruines magnifiques du temple de Zeus.
Q188468	Olympiques (jeux). V. Part. langue.
Q1141669	OLYNTHE, v. de la Chalcidique. Démosthène essaya inutilement, par ses Olynthiennes, de décider les Athéniens à secourir cette ville, assiégée par Philippe de Macédoine.
Q7089276	Olynthiennes (les), harangues politiques de Démosthène contre les projets ambitieux de Philippe ; discours d'une éloquence admirable (ive s. av. J.-C.).
Q43199	OMAHA, v. des Etats-Unis (Nebraska), sur le Missouri ; 110.000 h.
Q79948	OMAN (mer d'), golfe de l'océan Indien, entre l'Arabie et l'Hindoustan. — Etat musulman indépendant du S.-E. de l'Arabie. Ch.-l. Mascate.
Q8467	OMAR, successeur d'Abou-Bekr et deuxième calife de 634 à 644. Il conquit la Syrie, la Perse, l'Egypte, et on l'a accusé d'avoir brûlé la riche bibliothèque d'Alexandrie sous prétexte qu'elle contenait des ouvrages contraires à la foi musulmane.
Q106989422	Ombre (l'), opéra-comique en trois actes, paroles de Saint-Georges, musique de Flotow ; livret intéressant, musique facile, coulante, qui ne manque pas de grâce (1870).
Q1280	OMBRIE [brî], contrée de l'Italie ancienne, traversée par le Tibre, entre le Picenum et l'Etrurie ; auj. prov. de Pérouse. (Hab. Ombriens.)
Q180921	OMDURMAN, v. du Soudan égyptien, sur la r. g. du Nil, en face du confluent du Nil Bleu ; elle eut autrefois 400.000 h. En 1898, grande défaite des derviches par Kitchener. La ville, insalubre, est aujourd'hui abandonnée au profit de Khartoum.
Q2885734	O'MEARA (Barry Edward), chirurgien anglais, médecin de Napoléon Ier à Sainte-Hélène ; auteur de mémoires, qui paraissent sincères, sur la captivité de l'empereur (1780-1836).
Q560045	OMER-PACHA, général ottoman, né à Plaski, en Croatie ; il força, en 1803, les Russes à lever le siège de Silistrie (1806-1871).
Q1109557	OMESSA, ch.-l. de c. (Corse), arr. de Corte ; 800 h. Vignobles.
Q45646	OMEYADES, OMMEYADES ou OMMIADES, dynastie arabe, qui régna à Damas de 661 à 744. Détrônée par les Abassides, elle vint en Espagne fonder une seconde dynastie à Cordoue (756-1031).
Q1087361	OMONT [o-mon], ch.-l. de c. (Ardennes), arr. de Mézières ; 300 h.
Q486698	OMPHALE [on-fa-le], reine de Lydie. Elle épousa Hercule après avoir forcé le héros de filer à ses pieds comme une femme, circonstance qu'on rappelle souvent pour marquer l'influence que la femme exerce sur l'homme (Myth.).
Q898	OMSK, v. de la Sibérie, sur l'Irtych ; 38.000 h. Commerce important.
Q184689	Oncle Sam. V. Sam.
Q78898	ONÉGA, fl. de Russie, qui se jette dans la mer Blanche ; 428 kil. — Lac au N. de la Russie ; il se déverse dans le lac Ladoga.
Q3024284	On ne badine pas avec l'amour, proverbe d'Alfred de Musset, représenté au Théâtre-Français en 1861. Œuvre pénétrante et profonde.
Q373042	ONOSANDROS [ross], philosophe platonicien du ier siècle de notre ère.
Q1062	ONTARIO, lac de l'Amérique septentrionale. Il reçoit par le Niagara les eaux du lac Erié et communique avec l'Océan par le fleuve Saint-Laurent.
Q1904	ONTARIO, anc. Haut-Canada, grande prov. du Canada, et la plus riche ; 2.183.000 h. Capit. Toronto.
Q187840	Opéra (théâtre de l'), superbe monument construit à Paris de 1862 à 1874, par l'architecte français Charles Garnier. Orné de sculptures et de peintures remarquables, cet édifice est le plus vaste et le plus beau théâtre du monde.
Q1800888	Ophélie, personnage d'Hamlet, tragédie de Shakspeare, et l'une des plus délicieuses créations de ce poète. Ophélie, devenue folle par désespoir, cueille des fleurs sur les bords d'une rivière, tombe dans les eaux et y trouve la mort.
Q914073	OPHIR, contrée de l'Orient, peut-être l'Yémen (peut-être en Afrique), où Salomon envoyait chercher de l'or. C'était le Pérou de l'antiquité. — Volcan de Sumatra, appelé aussi Gonnong-Ledang (2.929 m. d'alt.).
Q921693	OPIMIUS [uss] (Lucius), consul romain en 121 av. J.-C., adversaire de Caïus Gracchus, au meurtre duquel il participa.
Q60946	OPITZ (Martin), poète allemand, né à Bunzlau (Silésie). Il réforma la métrique (1597-1639).
Q92212	OPPELN, v. de Prusse (Silésie), sur l'Oder ; 30.000 h.
Q63488	OPPERT [o-pèr] (Jules), assyriologue français, né à Hambourg en 1825, auteur de remarquables travaux sur l'écriture cunéiforme.
Q116508	OPPIEN [o-pi-in], poète grec du iie siècle, auteur de poèmes sur la Pêche et sur la Chasse.
Q859392	OPS [opss], femme de Saturne, déesse de l'abondance chez les Romains (Myth.).
Q327717	Or du Rhin ou Rheingold, prologue en quatre tableaux de la tétralogie que Richard Wagner a intitulée l'Anneau du Nibelung, et dont il a écrit les paroles et la musique (1869).
Q5657747	Oracles. V. Part. langue.
Q1076759	ORADOUR-SUR-VAYRES, ch.-l. de c. (Haute-Vienne), arr. de Rochechouart ; 5.250 h.
Q106989508	Oraisons funèbres et panégyriques de Grégoire de Nysse, discours élégants de ce Père (ive s.).
Q3355020	Oraisons funèbres de Bossuet, admirables panégyriques, chefs-d'œuvre de l'éloquence de la chaire. Bossuet a fait de l'oraison funèbre un magnifique sermon, où il idéalise la vie du héros pour la faire servir à l'édification des fidèles. Il aime à y montrer le néant de l'homme : il suspend en quelque sorte l'éternité sur son auditoire, et à sa voix prophétique s'écroulent successivement et les grandeurs de la terre et les puissances d'un jour. Portraits, tableaux d'histoire, développements de morale et de politique s'y entremêlent avec un art profond. Les plus admirées des oraisons funèbres sont celles de la reine d'Angleterre, de Henriette d'Angleterre, de la duchesse d'Orléans et du grand Condé. La péroraison de cette dernière est le chef-d'œuvre du genre, et l'on rappelle surtout les nobles et touchantes paroles qui la terminent : « Au lieu de déplorer la mort des autres, grand prince, dorénavant je veux apprendre de vous à rendre la mienne sainte. Heureux si, averti par ces cheveux blancs du compte que je dois rendre de mon administration, je réserve au troupeau que je dois nourrir de la parole de vie les restes d'une voix qui tombe et d'une ardeur qui s'éteint ! » La littérature s'est également enrichie de ce sublime mouvement d'éloquence dans l'oraison funèbre de Henriette d'Angleterre : « Madame se meurt ! Madame est morte ! » mots qui rendent avec une saisissante énergie le passage subit de la vie à la mort. On cite encore dans ce même chef-d'œuvre ces mots célèbres : « Un je ne sais quoi qui n'a plus de nom dans aucune langue », par lesquels le grand orateur exprime les ravages physiques de la mort.
Q106999549	Oraisons funèbres de Mascaron, au nombre de cinq ; celle de Turenne est presque un chef-d'œuvre.
Q106999560	Oraisons funèbres de Fléchier, discours fleuris et harmonieux, parmi lesquels on distingue l'éloge de Montausier, celui de Marie-Thérèse, et surtout la belle oraison funèbre de Turenne, dont l'exorde est un des chefs-d'œuvre du genre (1672-1710).
Q3044591	ORAN (dép. d'), une des trois divisions administratives de l'Algérie, appelée aussi Oranie ; préf. Oran ; sous-préf. : Mascara, Mostaganem, Sidi-bel-Abbès, Tlemcen ; 5 arr., 1.107.000 h.
Q131818	ORAN, v. maritime et pl. forte d'Algérie, ch.-l. du dép. d'Oran. Port sur la Méditerranée ; à 421 kil. S.-O. d'Alger par ch. de f. ; 88.000 h. (Oranais.) Commerce important de vins, alfa. Cette ville fut prise par les Français en 1831. — L'arrond. a 41 comm., 265.000 h.
Q187796	ORANGE, ch.-l. d'arr. (Vaucluse), près l'Eygues ; 10.000 h. (Orangeois.) Ch. de f. P.-L.-M., à 21 kil. N. d'Avignon. Fut le ch.-l. d'une seigneurie réunie seulement à la couronne en 1673. Ruines d'un théâtre et d'un amphithéâtre romains ; bel arc de triomphe élevé en l'honneur d'Auguste. Patrie de Gasparin. — L'arrond. a 7 cant., 48 comm., 61.000 h.
Q181475	ORANGE ou GARIEB, fl. de l'Afrique australe, coulant de l'E. à l'O., très variable dans le régime de ses eaux, et tributaire de l'Atlantique ; 2.018 kil.
Q218023	ORANGE (colonie du Fleuve-), ancienne république de l'Afrique australe ; 200.000 h. Capit. Bloemfontein. Annexée aujourd'hui, après la défaite des Boers (1901), aux possessions anglaises de l'Afrique du Sud.
Q139425	Orange-Nassau (ordre d'), institué en 1892, par la reine Wilhelmine des Pays-Bas. Ruban orange à double bordure, blanche et bleue.
Q246289	Orateur (De l'), par Cicéron, traité de rhétorique en forme de dialogues (ier s. av. J.-C.).
Q2028309	Orateur (l'), traité de Cicéron sur l'art oratoire. Sorte de testament littéraire de l'éloquence antique.
Q1215277	Orateurs (Dialogue des) ou Des causes de la corruption de l'éloquence, ouvrage de Tacite, brillant parallèle entre l'éloquence contemporaine de l'auteur et celle du temps de Cicéron.
Q2744852	Oratoire (temple de l'), temple protestant de l'Eglise réformée (calviniste), situé à Paris, rue Saint-Honoré et adossée à la rue de Rivoli, près du Louvre. Belle statue de l'amiral Coligny.
Q247132	Oratoire (congrégation de l'), fondée à Rome en 1564 par saint Philippe de Néri et transportée en France par le cardinal de Bérulle (1611). Elle a donné à la France des prédicateurs, des professeurs et des savants de grande valeur.
Q2028483	ORB, fl. de France, qui naît dans les Cévennes, arrose Béziers et se jette dans la Méditerranée ; 115 kil.
Q53746	ORBE, rivière de Suisse, issue d'une source très puissante, affl. du lac de Neuchâtel, sous le nom de Thièle ; 106 kil. Vallée très pittoresque.
Q328304	ORBEC [bèk], ch.-l. de c. (Calvados), arr. de Lisieux ; 3.000 h. Chevaux, bœufs, moutons.
Q344661	ORBIGNY (Alcide d'), naturaliste français, né à Couëron [Loire-Inf.] (1802-1857). — Son frère Charles, naturaliste français, né à Couëron, auteur du Dictionnaire universel d'histoire naturelle (1806-1876).
Q100166	ORCADES, en angl. Orkneys, groupe de 67 îles au N. de l'Ecosse. Terres montagneuses, brumeuses, peu fertiles. Les Orcades forment un comté qui a 32.000 h. Ch.-l. Kirkwall.
Q366499	ORCAGNA (Andrea), peintre et architecte florentin, auteur des fresques du Campo-Santo de Pise (1308-1369).
Q389524	ORCHIES [chî], ch.-l. de c. (Nord), arr. de Douai ; 4.300 h. Ch. de f. N.
Q543895	ORCHOMÈNE [ko], v. de Béotie, où Sylla battit Archélaüs, général de Mithridate (87 av. J.-C.).
Q1855083	ORCHOMÈNE d'Arcadie, anc. capit. de l'Arcadie ; intéressantes ruines.
Q1020857	ORCIÈRES, ch.-l. de c. (Hautes-Alpes), arr. d'Embrun ; 1.100 h.
Q539130	ORDENER [nèr] (Michel), général français, né à Saint-Avold (1755-1811). — Son fils, Michel, né à Huningue, officier de cavalerie distingué, se couvrit de gloire à Waterloo (1787-1862).
Q356298	ORDERIC VITAL, historien français, né en Angleterre en 1075 ; m en 1142. Auteur d'une utile Histoire ecclésiastique.
Q18552825	Ordonnances. Les actes législatifs des rois de France portaient différents noms suivant leur importance. On distinguait : 1° les Ordonnances, qui avaient un caractère général et dont les prescriptions s'appliquaient à tout le royaume ; 2° les Edits, qui ne fixaient le droit que sur un point spécial ; 3° les Déclarations, par lesquelles le roi donnait l'interprétation des ordonnances et des édits. Les principales ordonnances sont l'ordonnance cabochienne de 1413, celles de Villers-Cotterets sur l'état civil (1539), d'Orléans sur la réforme ecclésiastique et judiciaire (1561), de Moulins sur la réforme judiciaire (1566), de Blois sur l'administration en général (1579), de 1669 sur la procédure civile, de 1670 sur l'instruction criminelle, de 1673 sur le commerce, de 1681 sur la marine, etc.
Q242663	ORÉADES, nymphes des monts et des grottes (Myth.).
Q2251	ORÉGON ou COLUMBIA, fl. des Etats-Unis. Il sort des montagnes Rocheuses et se jette dans l'océan Pacifique ; 2.000 kil.
Q824	ORÉGON, un des Etats unis de l'Amérique du Nord, sur le littoral du Pacifique ; 415.000 h. Capit. Salem.
Q3118	OREL, v. de Russie, ch.-l. de gouv., sur la riv. g. de l'Oka ; 70.000 h. Patrie d'Yvan Tourguéneff. — Le gouv. a 2.055.000 h.
Q886786	ORÉLIE-ANTOINE Ier, de son vrai nom Orélie-Antoine de Tonneins, avoué de Périgueux, qui fut proclamé roi par les tribus d'Araucanie en 1801 et renversé par les Chiliens l'année suivante (1820-1878).
Q207901	ORELLANA (Francisco), voyageur espagnol qui découvrit en 1541 l'embouchure du fleuve des Amazones ; m. en 1550.
Q119310	ORELLI (J.-Gasp. d'), philologue suisse, né à Zurich (1787-1849), auteur de remarquables éditions d'Horace, de Cicéron et de Tacite.
Q5337	ORENBOURG [rin-bour], v. de la Russie, sur l'Oural, capit. du gouv. d'Orenbourg ; 72.700 h. Pelleteries, pierres précieuses, étoffes. Le gouv. a 1.610.000 h.
Q131792	ORÉNOQUE, fleuve de l'Amérique du S., dans le Venezuela ; il se jette dans l'Atlantique par un vaste delta ; 2.800 kil.
Q928522	ORENS [ran] ou ORIENT [o-ri-an] (saint), évêque d'Auch et poète latin, né à Huesca (370-439).
Q99151	ORENSE [o-ran-se], v. d'Espagne, ch.-l. de province, près du Minho ; 14.000 h. Fonderie de fer. — La prov. a 402.800 h.
Q526163	ORERHAUSEN, village de Bavière, prov. de Neubourg, où fut tué La Tour d'Auvergne le 27 juin 1800.
Q192407	ORESTE [rèss], fils d'Agamennon et de Clytemnestre. Il tua sa mère de concert avec sa sœur Electre pour venger le meurtre de son père, fut poursuivi par les Erinnyes, mais acquitté par l'Aréopage et devint roi d'Argos et de Lacédémone. Son amitié pour Pylade, auquel il fit épouser Electre, est demeurée proverbiale (Myth.).
Q663886	Oreste, tragédie d'Euripide (408 av. J.-C.) ; — de Voltaire (1750), imitée de la tragédie d'Electre, de Sophocle ; — d'Alfieri, l'une de ses principales (1782)
Q311149	ORESTE le Pannonien, régent d'Italie, père de Romulus-Augustule, décapité en 476 par ordre d'Odoacre (ve s.).
Q249769	Orestie (l'), trilogie dramatique d'Eschyle, jouée à Athènes en 458 av. J.-C., et comprenant les trois tragédies intitulées Agamemnon, les Choéphores, les Euménides, et dont les aventures d'Oreste sont le sujet.
Q133118	ORFA ou OURFA, ancienne Edesse, v. de la Turquie d'Asie, dans l'Al-Djézireh (anc. Mésopotamie) ; 55.000 h.
Q2636374	ORFANI, v. marit. de la Turquie d'Europe (prov. de Salonique), sur le golfe d'Orfani ; 5.000 h.
Q704342	ORFILA (Mathieu), médecin et chimiste français, né à Mahon (Minorque). Il s'est distingué par ses travaux sur la toxicologie (1787-1853).
Q500930	Organon, ouvrage d'Aristote. V. Logique.
Q524231	ORGELET [lè], ch.-l. de c. (Jura), arr. de Lons-le-Saunier ; 1.500 h.
Q1072411	ORGÈRES, ch.-l. de c. (Eure-et-Loir), arr. de Châteaudun ; 700 h. Ch. de f. Et.
Q269268	ORGON, ch.-l. de c. (Bouches-du-Rhône), arr. d'Arles, sur la Durance ; 2.000 h. Huile.
Q63492368	Orgon, un des principaux personnages du Tartufe de Molière, type de l'homme entêté de ses idées, entiché de quelqu'un qui le trompe et ne voulant pas céder même à l'évidence.
Q953784	ORIBASE, médecin grec du ive siècle av. J.-C., attaché à la personne de l'empereur Julien.
Q12544	ORIENT [o-ri-an], un des deux empires formés après la mort de Théodose en 395, connu aussi sous les noms de Bas-Empire, Empire byzantin ou de Constantinople ; il fut détruit par les Ottomans en 1453. V. Byzantin.
Q51648	Orient (schisme d'), scission entre l'Eglise grecque et l'Eglise romaine, commencée au ixe siècle et consommée en 1054.
Q735165	Orient (question d'). Cet important problème de politique internationale, posé, peut-on dire, depuis la prise de Constantinople par les Ottomans en 1453, a pris diverses formes. Tant que l'empire turc est resté fort, une des préoccupations du monde occidental, particulièrement de la papauté, de l'Autriche et de la Pologne et de la Russie, a été d'expulser les envahisseurs. Mais, quand a commencé la décadence de l'empire des sultans, la question s'est posée de savoir à qui serait dévolu le riche héritage de Constantinople. Aujourd'hui, la question d'Orient peut donc se résumer ainsi : l'Europe maintiendra-t-elle l'intégrité de l'empire ottoman ou la laissera-t-elle détruire ? A ce point fondamental sont venus s'en joindre d'autres ; d'abord, l'antagonisme permanent des Turcs et des nations chrétiennes soumises à la domination de la Porte ; Grèce, Bulgarie, Serbie, etc., qui se sont successivement émancipées : ensuite, la tendance de la Russie à se rendre maîtresse de Constantinople, tendance que les puissances occidentales ont constamment cherché à réprimer. La question d'Orient s'est posée plusieurs fois en ce siècle, notamment lors de la guerre de l'indépendance grecque, du soulèvement de Méhémet-Ali, de la guerre de Crimée et de la guerre turco-russe en 1877-1878. La constitution en principautés indépendantes des principales races qui vivent dans la péninsule des Balkans a fait perdre à la question d'Orient une partie de son ancienne gravité, et les grandes puissances, pour éviter les terribles conflits qui pourraient naître d'un partage, paraissent s'être mises d'accord pour sauvegarder l'intégrité de l'empire du sultan.
Q45341	ORIENTALE (mer), située à l'E. de la Chine, au S. de la mer Jaune.
Q3085613	Orientales (les), recueil de poésies lyriques, inspirées en grande partie par le soulèvement de la Grèce, et d'une merveilleuse richesse de coloris, par Victor Hugo (1828).
Q170472	ORIGÈNE, exégète et théologien, né à Alexandrie. Apologiste de grande valeur, il a abusé, dans l'interprétation de la Bible, de la méthode allégorique (185-254).
Q20124	Origine des Espèces (sur l') par voie de sélection naturelle ; un des livres essentiels de Ch. Darwin, où est exposé le mécanisme du transformisme.
Q201261	ORION, chasseur que Diane changea en constellation (Myth.).
Q22048	ORISSA, région de l'empire anglais de l'Inde, sur le golfe du Bengale.
Q993904	ORIZABA, v. du Mexique, dominée par le beau volcan d'Orizaba (5.450 m.) ; 25.000 h.
Q133168	ORKHAN-GHAZI, sultan des Ottomans de 1320 à 1360, organisateur de la milice des janissaires.
Q1425908	ORLÉANAIS [nè], anc. prov. de France, qui, à plusieurs reprises, forma un duché apanage de la famille d'Orléans et fut définitivement réuni à la couronne en 1495 ; ch.-l. Orléans ; a formé trois départements : Loiret, Loir-et-Cher et Eure-et-Loir.
Q6548	ORLÉANS [lé-an], anc. capit. de l'Orléanais ; ch.-l. du dép. du Loiret, sur la Loire ; ch. de f. Orl., à 121 kil. S. de Paris ; 67.300 h. (Orléanais). Evêché, cour d'appel. Vinaigreries. Patrie de Pothier, Dolet, M. Touchet, Cailly, Foncemagne, S. Julien, Loiseleur, Amelot de La Houssaye, etc. Le siège de cette ville par les Anglais, en 1428 et 1429, est demeuré célèbre. C'est là que Jeanne d'Arc inaugura cette mission merveilleuse qui devait sauver la France de la domination anglaise. En 1870, importantes opérations militaires entre Français et Prussiens. — L'arr. a 14 cant., 107 comm., 172.000 h.
Q106689500	ORLÉANS, nom des 4 familles princières de France : 1° Philippe, cinquième fils de Philippe de Valois, obtint en apanage (1344) le duché d'Orléans, mais mourut sans postérité et son apanage fit retour à la couronne. 2° Un seconde maison d'Orléans eut pour chef Louis Ier, frère de Charles VI, assassiné à Paris par les partisans de Jean sans Peur (1372-1407) ; — Charles, fils aîné du précédent, poète délicat, chef du parti des Armagnacs sous Charles VI, père de Louis XII (1391-1465) ; — Lous II, fils du précédent, roi de France sous le nom de Louis XII (1462-1515). — 3° La troisième maison d'Orléans commence et finit avec J.-B. Gaston, frère de Louis XIII, esprit médiocre et pusillanime, qui prit part à tous les complots contre Richelieu, et fut nommé lieutenant général du royaume à la mort de son frère (1608-1660). — 4° La quatrième maison d'Orléans a pour premier représentant Philippe Ier, frère de Louis XIV (1640-1701). — Philippe II, le Régent, fils du précédent, gouverna pendant la minorité de Louis XV ; son gouvernement fut une période de réaction contre les tendances du règne de Louis XIV : il compromit les finances par le système de Law et la moralité publique par le mauvais exemple de sa vie dépravée (1674-1723) ; — Louis, son fils (1703-1752) ; — Louis-Philippe, fils du précédent, lieutenant général et gouverneur du Dauphiné (1725-1785) ; — Louis-Philippe-Joseph, son fils, connu sous le nom de Philippe-Egalité, joua un grand rôle sous la Révolution, à laquelle il n'avait pas tardé à adhérer au point de voter à la Convention la mort de son cousin Louis XVI. Il périt lui-même sur l'échafaud (1747-1793) ; — Louis-Philippe, son fils, devint roi des Français sous le nom de Louis-Philippe Ier (v. ce mot) [1773-1850]. Louis-Philippe Ier eut cinq fils et trois filles : Ferdinand-Philippe, duc d'Orléans (1810-1842), marié à la princesse Hélène de Mecklembourg, qui lui donna deux fils, le comte de Paris (1838-1894), et le duc de Chartres, né en 1840, qui servit en 1870-1871 sous le pseudonyme de Robert le Fort ; Louise, qui épousa en 1832 Léopold Ier, roi des Belges (1812-1850) [v. Louise] ; Marie, duchesse de Wurtemberg, qui se distingua dans le dessin, la peinture et la sculpture (1813-1839) ; le duc de Nemours (1814-1896) ; Clémentine, princesse de Saxe-Cobourg, née en 1817, mère de Ferdinand, proclamé en 1887 prince de Bulgarie ; le prince de Joinville (1818-1900) ; le duc d'Aumale, né en 1822, m. en 1897 (v. Aumale) ; le duc de Montpensier (1824-1890). — Le fils du comte de Paris, Philippe, duc d'Orléans, né en 1869, est aujourd'hui le représentant de la maison de France, et le chef du parti orléaniste.
Q849561	ORLÉANSVILLE, v. d'Algérie (Alger), ch.-l. d'arr., sur le Chélif ; ch. de f. d'Alger à Oran ; à 170 kil. S.-O. d'Alger ; 12.300 h. — L'arr. a 11 comm. ; 178.000 h.
Q540752	ORLOF (Grégoire), favori de Catherine II, incapable et vain, m. disgracié et fou (1734-1783).
Q179575	ORMAZD ou ORMUZD (en zend Ahouramazda), dieu suprême, dans la religion mazdéenne. Il a sous ses ordres six génies supérieurs ou Amsehaspands et des milliers de génies secondaires. Ormuzd est le principe du bien, tandis qu'Ahriman est le principe mauvais et destructeur.
Q3351148	ORMESSON (Le Fèvre d'), famille française de magistrats, dont le plus célèbre est Olivier III (1610-1686).
Q948569	ORMOND (James Butler, duc d'), homme d'Etat anglais, né à Londres (1610-1688).
Q695265	ORMUZ ou HORMOUZ, île à l'entrée du golfe Persique, dans le détroit d'Ormuz, par où communiquent le golfe Persique et la mer d'Oman.
Q1553526	ORNAIN, riv. de France, qui se jette dans la Marne (riv. dr.) ; 120 kil.
Q2651115	ORNANO (Alphonse), maréchal de France, un des meilleurs lieutenants de Henri IV (1548-1610) : — Jean-Baptiste, son fils, maréchal de France (1581-1626) ; — Philippe-Antoine, de la famille des précédents, maréchal de France, né à Ajaccio (1784-1863).
Q28427657	ORNANS [nan], ch.-l. de c. (Doubs), arr. de Besançon ; 3.200 h. Patrie du cardinal Granvelle et du peintre Courbet.
Q659526	ORNE, fleuve de France, qui passe à Argentan, devient navigable à Caen, se jette dans la Manche ; cours 152 kil.
Q12679	ORNE (dép. de l'), dép. formé d'une partie de la Normandie et du Perche : préf. Alençon ; s.-préf. Argentan, Domfront, Mortagne ; 4 arr., 36 cant., 512 comm., 327.000 h. 4e corps d'armés ; cour d'appel de Caen ; évêché à Séez. Ce dép. doit son nom à la rivière qui l'arrose.
Q313933	ORODÈS Ier, roi des Parthes, de la famille des Arsacides ; il régna de 56 à 37, fut constamment en lutte avec les Romains, et triompha de Crassus.
Q76398450	Oronte, personnage du Misanthrope, de Molière ; type de l'homme de cour qui vise au bel esprit, compose de petits vers dont il est très satisfait, et auquel il n'est pas toujours prudent de dire la vérité. On l'appelle aussi l'homme au sonnet, par allusion au sonnet qu'il soumet à l'approbation d'Alceste, et que le misanthrope déclare franchement être bon à mettre au cabinet.
Q188871	ORONTE, auj. Nahr-el-Assy, fleuve de Syrie. Il a sa source dans l'Anti-Liban, passe à Antioche, et se jette dans la Méditerranée ; 500 kil.
Q311456	OROSE (Paul), historien et théologien du ve s., né à Tarragone (Espagne), disciple de saint Augustin, auteur d'une Histoire contre les païens.
Q390796	OROSHAZA, v. d'Austro-Hongrie (Hongrie) ; 20.000 h.
Q106989900	Orosmane, un des principaux personnages de Zaïre, tragédie de Voltaire. Son caractère emporté, mais fier et généreux, est resté le type de la jalousie injuste, bien qu'elle repose sur des apparences spécieuses, et qui trouve sa punition dans ses propres excès.
Q174353	ORPHÉE [fé], fils d'Œagre, roi de Thrace, et de la Muse Calliope ; selon d'autres, d'Apollon et de Clio. Il est le plus grand musicien de l'antiquité. Il prit part à l'expédition des Argonautes et visita l'Egypte. Ses accords étaient si mélodieux que les bêtes féroces accouraient à ses pieds, dépouillant leur férocité. Sa femme Eurydice ayant été piquée d'un serpent le jour même de ses noces, Orphée descendit aux Enfers et charma par la douceur de son chant les divinités infernales, qui lui rendirent son épouse à la condition qu'il ne regarderait pas derrière lui avant d'avoir franchi les limites du sombre empire. Orphée transgressa la défense et revit Eurydice pour la dernière fois. Devenu sombre et insensible, il fut déchiré par les Bacchantes (Myth.).
Q6485124	Orphée et Eurydice, tableau de Poussin, où le paysage se lie admirablement à la composition historique.
Q723776	Orphée, drame lyrique en trois actes, poème italien de Calzabigi (traduction française de Moline), musique de Gluck (1774), une des œuvres les plus parfaites du grand compositeur. C'est là que se trouve l'air fameux : J'ai perdu mon Eurydice.
Q1137065	Orphée aux Enfers, opéra-bouffe en deux actes, paroles d'Hector Crémieux, musique d'Offenbach, amusante parodie des légendes mythologiques de la Grèce (1858).
Q3232036	Orphelines (les Deux), drame en cinq actes, par d'Ennery et Cormon (1874), pièce bien construite, d'un effet saisissant et qui fut longtemps populaire.
Q1313790	Orphiques (poèmes), ouvrages grecs attribués à Orphée, mais qui sont beaucoup plus rapprochés de nous ; ce sont des hymnes d'initiation aux mystères, un poème sur les Argonautes (Argonautiques), un traité sur les vertus magiques des pierres, etc.
Q478914	ORPIERRE, ch.-l. de c. (Hautes-Alpes), arr. de Gap, sur le Céans ; 650 h.
Q576733	ORRY (Jean), seigneur de Vignori, financier français, né à Paris. Il fut chargé par Philippe V de la réorganisation des finances de l'Espagne (1652-1719).
Q3557491	ORSEL (Victor), peintre français, né à Oullins ; s'est distingué dans la peinture religieuse (1795-1850).
Q855303	ORSINI, illustre famille romaine, longtemps rivale des Colonna. Elle donna cinq papes, vingt cardinaux et de nombreux condottieri.
Q708837	ORSINI (Félix), conspirateur italien, né à Meldola, qui attenta à la vie de Napoléon III le 14 janvier 1858. Défendu par Jules Favre, Orsini fut condamné à la peine de mort et exécuté (1819-1858).
Q47166	ORSK, v. de Russie (gouv. d'Orenbourg), sur l'Oural ; 24.000 h. Pelleteries.
Q750243	ORSOVA, nom de deux villes fortes, situées sur le Danube, près des Portes de Fer : Alt-Orsova, à l'Autriche ; Neu-Orsova, à la Serbie.
Q733167	ORTEGAL, cap au N.-O. de l'Espagne.
Q244248	ORTHEZ [tèz], ch.-l. d'arr. (Basses-Pyrénées), sur la gave de Pau ; ch. de f. M. ; à 39 kil. N.-O. de Pau ; 6.400 h. (Orthéziens). — L'arr. a 7 cant., 135 comm., 66.000 h.
Q3132201	ORTHEZ ou mieux ORTHE (vicomte d'), capitaine gascon, gouverneur de Bayonne sous Charles IX. Il refusa de faire massacrer les protestants lors de la Saint-Barthélemy et écrivit au roi qu'il n'avait trouvé parmi les habitants de la ville que de bons citoyens, braves soldats, mais pas un bourreau ; m. en 1578.
Q1375842	ORTIGUEIRA, v. d'Espagne (Galice), sur l'Atlantique ; 17.000 h. Bains de mer.
Q1706356	ORTOLAN (Joseph-Louis-Elzéar), jurisconsulte français, né à Toulon. On lui doit un remarquable commentaire des Institutes de Justinien (1802-1873).
Q35246	ORURO, v. de Bolivie, ch.-l. de département ; 14.000 h. Salpêtre, mines d'argent. — Le dép. a 86.000 h.
Q541	ORVIETO, v. d'Italie, prov. de Pérouse ; 7.900 h. Belle cathédrale. Le nom de cette ville a donné naissance au mot français orviétan.
Q933791	ORVILLIERS [li-é] (Louis d'), amiral français, né à Moulins (1708-1792).
Q240174	ORZESZKO (Elisa), femme de lettres polonaise, née près de Grodno en 1843.
Q1619907	OSAGE, fleuve de l'Amérique du Nord, affl. dr. du Missouri ; 700 kil.
Q947650	OSAGES, peuplade de Peaux-Rouges, de la famille des Dakotas, dans le N.-E. du territoire Indien, sur le fleuve Osage.
Q35765	OSAKA, ville du Japon (Nippon) ; 821.000 h. Port. Commerce de laque, riz.
Q565155	OSBORNE, résidence royale d'Angleterre, sur la côte de l'île de Wight. Remarquable château.
Q52926	OSCAR Ier, roi de Suède et de Norvège, fils de Bernadotte, né à Paris en 1799, régna de 1844 à 1857 et mourut en 1859 ; — Oscar II, roi de Suède et de Norvège, fils du précédent, né à Stockholm en 1829. Il a succédé en 1872 à son frère Charles XV.
Q665541	OSÉE [zé], l'un des douze petits prophètes hébreux.
Q319038	OSÉE ou HOSHEA, roi d'Israël de 726 à 718 av. J.-C., détrôné par Salmanasar V.
Q435547	OSIANDER [dèr] (André), théologien protestant allemand, né près de Nuremberg (1498-1552).
Q46491	OSIRIS [riss], l'un des dieux de l'ancienne Egypte, protecteur des morts, époux d'Isis et père d'Horus.
Q1882991	OSMANIÉ [Ordre impérial de l'], créé en 1861 par Abd-ul-Aziz, empereur des Turcs. Ruban vert, liséré de rouge.
Q193383	OSMANLIS [li], nom donné aux Ottomans, parce que l'empire turc eut pour fondateur Osman ou Othman Ier en 1304.
Q546595	OSMAN-PACHA, général turc, né à Amasia. Il s'illustra en défendant Plewna contre les Russes pendant la guerre de 1877 (1837-1900).
Q2916	OSNABRUCK, ville de Prusse (Hanovre), sur la Haase ; 52.000 h. Evêché. Industrie importante.
Q6185660	OSORIO (Jérôme), théologien et philosophe portugais, né à Lisbonne (1506-1580).
Q487908	OSQUES ou OPIQUES, peuplade pélasgique de l'Italie dont la langue subsista longtemps dans le patois populaire, à Rome même.
Q1471677	OSSA, auj. Kissoro, montagne de Thessalie, fameuse chez les poètes. V. Pélion.
Q2863243	OSSAT [o-sa] (le cardinal Arnaud d'), diplomate français, né à Larroque-Magnoac, près d'Auch ; ambassadeur de Henri IV à Rome. Ses Lettres sont précieuses à consulter (1537-1604).
Q2305607	OSSAU [o-sô] (vallée d'), vallée des Pyrénées (Basses-Pyrénées), parcourue par le gave d'Ossau affluent du gave d'Oloron.
Q106974	OSSÈTES, peuple du Caucase central, qui semble descendre des anciens Iraniens.
Q15837802	OSSIAN, barde écossais du iiie siècle, fils de Fingal, roi de Morven. Sous son nom, Mac-Pherson publia en 1760 un recueil de poésies d'un grandiose ombre et nuageux, qui firent une grande impression.
Q777902	OSSUN, ch.-l. de c. (Hautes-Pyrénées), arr. de Tarbes ; 2.000 h. (Ossunois). Ch. de f. M.
Q352438	OSTADE (Adrien van) peintre de l'école hollandaise, auteur d'admirables scènes d'intérieur ; né à Lubeck (1610-1685) — Isaac, son frère, peintre hollandais, né à Lubeck, peignit aussi des intérieurs, des scènes populaires, etc., d'un coloris admirablement dégradé et d'une grande intensité de vie (1621-1657).
Q12996	OSTENDE [tan-de], v. et port de Belgique (Flandre-Occidentale), sur la mer du Nord. Plage très fréquentée ; 38.500 h. Huîtres renommées.
Q96481352	OSTIAKS ou OSTIAQUE, peuple finnois de la Sibérie occidentale.
Q1012797	OSTIE, port des anciens Etats de l'Eglise, près de l'embouch. du Tibre ; aujourd'hui comblé par les alluvions ; 500 h.
Q186240	Ostracisme, juridiction établie dans un certain nombre de villes grecques, et particulièrement à Athènes après la chute du tyran Pisistrate et de ses deux fils. Elle consistait à prononcer pour dix ans, par voie de suffrage universel, l'exil des citoyens dont on redoutait la puissance ou l'ambition. Miltiade, Thémistocle, Aristide, Cimon furent successivement frappés de cette peine, qui n'était pas infamante, et n'entraînait pas la confiscation des biens. Les citoyens écrivaient leurs suffrages sur une coquille (en grec ostrakon).
Q103122	OSTROGOTHS [go], ou Goths de l'Est, peuple germanique qui, établi sur le Danube à la solde de l'empire romain, envahit l'Italie et y fonda, sous Théodoric, à la fin du ve siècle, un royaume détruit par Justinien en 552.
Q461287	OSTROLENKA [lin], v. de Russie (Pologne), sur la Narer ; 8.000 h. Victoire des Français sur les Russes, en 1807.
Q2058139	OSUNA ou OSSUNA (duc d'), né à Valladolid, homme d'Etat espagnol, vice-roi de Sicile, puis de Naples (1579-1624).
Q586018	OSUNA ou OSSUNA, v. d'Espagne, prov. de Séville ; 18.000 h. Sparterie.
Q1523	OSYMANDIAS [di-âss], roi légendaire de l'Egypte ancienne. Suivant la tradition classique, il aurait fait bâtir la première bibliothèque dont l'histoire fasse mention, et dont la porte présentait cette inscription remarquable : Trésor des remèdes de l'âme. Les anciens donnaient au Ramesseion le nom de tombeau d'Osymandias.
Q850072	OTCHAKOFF, v. de Russie (gouv. de Kherson), sur le Dniéper ; 12.000 h.
Q172324	Otello, opéra italien, livret italien du comte Berio, tiré de l'Othello de Shakspeare (traduction française d'Alph. Royer et Gust. Waez), musique de Rossini (1816) ; — drame lyrique en quatre actes, poème italien d'Arrigo Boïto, tiré également d'Othello (traduction française de Camille du Locle), musique de verdi (1887) ; belle partition.
Q26833	Othello, tragédie de Shakspeare et l'un de ses chefs-d'œuvre (1604). Othello, général maure au service de Venise, le principal personnage, est l'époux brutal et soupçonneux de la belle et vertueuse Desdémone, qu'il étouffe dans un accès de jalousie furieuse, provoquée par l'astuce de Iago. Son nom est devenu proverbial pour caractériser un mari jaloux, féroce, dont les défiances ne reposent que sur des motifs innocents, qu'il interprète au gré de sa passion. La tragédie de Shakspeare a été imitée par Ducis et traduite en vers par Alfred de Vigny. V. Otello.
Q37731	OTHMAN, 3e calife, de 644 à 656, assassiné par Mohammed, fils d'Abou-Bekr.
Q83100	OTHMAN ou OSMAN Ier, fondateur de l'empire des Turcs Ottomans (1259-1326) ; — Othman II, sultan des Turcs de 1618 à 1622, assassiné par les janissaires ; — Othman III, sultan de 1754 à 1757.
Q536485	OTHNIEL ou OTHONIEL, juge d'Israël (Bible).
Q1416	OTHON (Marcus-Sylvius), empereur romain en l'an 69. Proclamé par les prétoriens, il fut vaincu à Bédriac par les légions de Vitellius, et se tua, poussé, affirme Suétone, par l'horreur que lui inspirait la guerre civile.
Q43915	OTHON Ier, le Grand, roi de Germanie, né en 912. Elu en 936 empereur d'Allemagne, il gouverna avec habileté, réduisit le pouvoir des grands vassaux, contint les Slaves, arrêta l'invasion magyare ; m. en 973 ; — Othon II, fils du précédent, empereur d'Allemagne de 973 à 983 ; — Othon III, fils d'Othon II, empereur de 983 à 1002 ; — Othon IV, empereur d'Allemagne de 1209 à 1218, vaincu à Bouvines par Philippe Auguste en 1214.
Q77067	OTHON Ier, roi de Grèce, fils du roi Louis Ier de Bavière. Il monta sur le trône en 1832, et fut déposé en 1862 (1815-1867).
Q44825	OTHON Ier, roi de Bavière, né en 1848, monté sur le trône en 1886.
Q52174	OTRANTE, v. maritime de l'Italie méridionale, dans la terre de ce nom, qui forme le talon de la botte italienne ; auj. prov. de Lecce ; 2.500 h. Evêché.
Q164070	OTRANTE (canal d'), détroit entre la Turquie et l'Italie. Il joint l'Adriatique à la mer Ionienne.
Q60974	OTTAWA, riv. du Canada, tributaire du Saint-Laurent (r. g.) ; 900 kil.
Q1930	OTTAWA [oua] ou OUTAOUAIS, capitale fédérale du Canada (prov. d'Ontario), sur l'Ottawa ; siège du Parlement et résidence du gouverneur ; 50.000 h.
Q766841	OTTIN (Auguste), sculpteur français, né à Paris (1811-1890).
Q3260566	OTTO (Louis-Guillaume), diplomate français, d'origine allemande (1754-1817).
Q312938	OTTOKAR Ier, duc (1192), puis roi (1198) de Bohême ; — Ottokar II, duc de Bohême de 1253 à 1278.
Q12560	OTTOMAN (empire). V. Turquie.
Q84072	OTTOMANS [man], nom sous lequel on désigne aussi les Turcs, et qui provient d'Othman Ier, fondateur de l'empire turc.
Q955217	OTWAY [ouè] (Thomas), poète dramatique anglais. Ses nombreuses productions contiennent, à côté de réelles beautés, de regrettables négligences de langage et de style (1651-1685).
Q1132786	OUADAÏ, vaste contrée de l'Afrique (Soudan central), à l'E. du lac Tchad ; Nègres et Arabes fanatiques. Population évaluée à 2.500.000 h.
Q740865	OUADI-HALFA, v. d'Egypte (Haute-Egypte), sur le Nil ; 3.000 h. Grande cataracte.
Q2306376	OUALÉGA ou OUALLÉGA, région de l'Ethiopie, au N.-O. du Kaffa. Mines d'or.
Q852469	OUARGLA, v. et oasis du Sahara algérien, à 800 kilom. S.-E. d'Alger ; 3.000 h.
Q171649	OUBANGUI ou OUBANGHI, riv. d'Afrique, affl. dr. du Congo ; 1.300 kil. Il sert de frontière entre le Congo français et l'Etat indépendant du Congo. — Les territoires du Haut-Oubangui sont rattachés au Congo français.
Q248705	OUDE ou AOUDH, ancien royaume de l'Hindoustan, annexé aux possessions anglaises en 1856, province de Calcutta ; 12.600.000 h. Capit. Laknau.
Q12992	OUDENARDE et mieux AUDENARDE, v. de Belgique (Flandre-Orientale) ; 7.000 h. Défaite de Vendôme par le prince Eugène et Marlborough (1708).
Q3059657	OUDINÉ (Eugene-André), sculpteur et graveur en médailles français, né à Paris (1810-1887).
Q156373	OUDINOT [no] (Nicolas-Charles), duc de Reggio, maréchal de France, né à Bar-le-Duc, que Napoléon présenta à l'empereur de Russie, comme le Bayard de l'armée française (1767-1847) ; — Son fils, Nicolas-Charles-Victor, général français, prit Rome en 1849.
Q193802	OUDJA, v. du Maroc, près de la frontière algérienne, sur l'Isly ; 8.000 h.
Q200119	OUDJEÏN, v. de l'Inde (Malva) ; 35.000 h.
Q2431796	OU-DONG, v. de l'Indo-Chine française (Cambodge), ch.-l. de province, près du Mékong ; 10.000 h.
Q737137	OUDRY (Jean-Baptiste), peintre animalier et graveur français, né à Paris (1686-1755).
Q171436	OUELLÉ, fleuve de l'Afrique centrale (bassin du Congo) ; 1.300 kilom.
Q651657	OUEN [en] (saint), évêque de Rouen, né à Sancy (Aisne) ; chancelier de Dagobert Ier et ami de saint Eloi.
Q16685979	OUESSANT [san], île de France, ch. l. de c. (Finistère), arr. de Brest ; 2.300 h. (Ouessantins ou Ouessantais). En 1778, bataille navale indécise entre les Français et les Anglais.
Q602426	OUEZZAN ou OUAZIN, v. du Maroc, non loin du Sebou ; 4.000 h.
Q911	OUFA, v. de Russie, ch.-l. de gouv., sur la Biclaïa ; 50.000 h. Commerce de fourrures. — Le gouv. est peuplé de 2.196.000 h.
Q1036	OUGANDA, pays de la région du Haut-Nil, au N.-O. du lac Victoria. Aux Anglais.
Q46118	OUGRES ou OUIGOURS, embranchement de la race ouralo-altaïque, dont les descendants habitent aujourd'hui plusieurs régions de l'Asie centrale.
Q850031	OUIDAH, v. du Dahomey, près de la côte de l'Atlantique ; 15.000 h.
Q840984	OULCHY-LE-CHÂTEAU [tô], ch.-l. de c. (Aisne), arr. de Soissons ; 620 h.
Q8358	OULLINS [lin], comm. du dép. du Rhône, arr. de Lyon ; 9.500 h., sur le Rhône. Ch. de f. P.L-.-M. Cristalleries, tanneries, atelier des construction.
Q889897	OUNYORO, pays de l'Afrique orientale anglaise, près du lac Albert-Nyanza.
Q217397	OUOLOFS, WOLOFS ou YOLOFS, peuple nègre du Sénégal.
Q80240	OURAL, fleuve de Russie, qui naît dans la partie méridionale des monts Ourals, et se jette dans la mer Caspienne ; 2.300 kil.
Q728651	OURALO-ALTAÏQUE (famille), famille ethnographique qui comprend les Turcs, les Turcomans, les Hongrois, les Kirghiz, et autres peuples longtemps connus sous le nom générique de Tartares.
Q35600	OURALS (monts), chaîne de montagnes entre l'Europe et l'Asie ; 2.400 kil. de longueur ; plus grande élévation, 1.600 m. Mines d'or, de platine, de manganèse, de nickel.
Q487439	OURALSK, v. du S.-E. de la Russie, sur l'Oural ; 36.600 h. — La province a 644.000 h.
Q945377	OURCQ, petite rivière de France, sortant de l'Aisne, qui se jette dans la Marne et communique avec la Seine par le canal de l'Ourcq ; 80 kil.
Q133118	OURFA, v. de la Turquie d'Asie (Syrie), sur le Karatchaï ; 55.000 h.
Q23430	OURGA, v. de Chine (Mongolie septentrionale), sur la Selba ; 40.000 h.
Q188905	OURO-PRETO, autref. Villa-Rica, v. du Brésil au N. de Rio-Janeiro ; 20.000 h. Gisements d'or.
Q107000378	Ours et le Pacha (l'), vaudeville en un acte de Scribe et Saintine (1820). C'est dans cette pièce, pleine de folies burlesques, que se trouve cette phrase devenue proverbiale : Prenez mon ours, qu'on emploie, pour dire d'une manière piquante à quelqu'un, qu'il vante trop sa marchandise. — De ce scénario, Bazin a tiré un livret d'opéra-comique (1870).
Q8918	OURSE (Grande et Petite), nom de deux constellations boréales voisines du pôle arctique et qu'on a appelées aussi Grand Chariot (ou Chariot de David) et Petit Chariot. La petite Ourse renferme l'étoile polaire, cette étoile se trouve dans le prolongement d'une ligne passant par les deux étoiles, qui représentent les roues de derrière du Grand Chariot et à une distance égale à cinq fois la distance de ces deux mêmes étoiles.
Q945644	OURVILLE, ch.-l. de c. (Seine-Inférieure), arr. d'Yvetot ; 1.000 h.
Q17156283	OUSIRTASEN, nom de plusieurs rois égyptiens dont les principaux appartiennent à la xiie dynastie.
Q384	OUSKOUB, USKUB ou SKOPLIÉ, v. de la Turquie d'Europe, ch.-l. de la prov. de Kossovo, sur le Vardar ; 18.000 h.
Q1084626	OUST, ch.-l. de c. (Ariège), arr. de Saint-Girons ; sur le Sala ; 1.115 h.
Q1378013	OUTARVILLE, ch.-l. de c. (Loiret), arr. de Pithiviers ; 550 h.
Q1014420	OU-TCHANG, v. de Chine, capit. de la prov. de Hou-Pé, sur le Yang-tsé-Kiang ; 300.000 h.
Q1333883	OUVRARD [vrar] (Gabriel-Julien), financier français et munitionnaire des armées sous la République et l'Empire (1770-1846).
Q1170125	OUZOUER-LE-MARCHÉ, ch.-l. de c. (Loir-et-Cher), arr. de Blois ; 1.500 h.
Q1377364	OUZOUER-SUR-LOIRE, ch.-l. de c. (Loiret), arr. de Gien ; 1.100 h. Ch. de f. Orl.
Q169311	OVERBECK (Frédéric), peintre allemand, né à Lubeck, chef de l'école catholique romantique allemande, auteur de grandes fresques religieuses, d'une sentimentalité mystique aujourd'hui un peu démodée (1789-1869).
Q773	OVERYSSEL, prov. des Pays-Bas, anc. départ. franç. des Bouches-de-l'Yssel ; 355.000 h. Ch.-l. Zwolle.
Q7198	OVIDE (Publius Ovidius Naso), poète latin, né à Sulmone, auteur des Métamorphoses. Poète facile, gracieux et brillant, plutôt que réellement inspiré, il lut l'ami de Virgile et d'Horace, et jouissait des faveurs d'Auguste, très recherché par les hommes les plus distingués de Rome, lorsqu'il fut exilé en l'an 9, pour une raison restée mystérieuse, et mourut en exil, malgré les supplications de ses Tristes, dans la Mésie, près du Pont-Euxin (43 av. J.-C. — 16 ap. J.-C.).
Q14317	OVIEDO, v. d'Espagne, ch.-l. de prov., ancienne capit. du royaume des Asturies ; 48.000 h. Université. — La prov. a 627.000 h.
Q179374	OWEN (Robert), philanthrope anglais. Il inaugura les premières sociétés coopératives de production et de consommation (1771-1858).
Q151556	OWEN (Richard), naturaliste anglais, né à Lancastre ; il mérita le surnom de Cuvier anglais (1800-1892).
Q155127	OXENSTIERN (comte Axel d'), homme d'Etat suédois, conseiller de Gustave-Adolphe et tuteur de la reine Christine (1583-1654).
Q34217	OXFORD, v. d'Angleterre, ch.-l. du comté d'Oxford, au confluent du Cherwell et de l'Isis ; 45.800 h. (Oxoniens ou Oxfordiens). Université célèbre. — Le comté d'oxford a 180.000 h.
Q1630360	Oxford (statuts ou provisions d'), conditions imposées à Henri III par les barons anglais. Ils confirmaient la Grande charte et établissaient trois Parlements annuels (1258). Les statuts furent supprimés par Henri III dès 1261.
Q8493	OXUS [ok-suss], nom ancien de l'Amou-Daria, qui se jetait jadis dans la mer Caspienne.
Q359819	OYAMA (Yvao), maréchal et homme d'Etat japonais, né en 1843 ; généralissime des armées du Japon.
Q1541246	OYAPOK, fl. de Guyane, qui sépare la Guyane française du Brésil et se jette dans l'Atlantique 490 kil.
Q191856	OYONNAX [o-io-nax], ch.-l de c. (Ain), arr. de Nantua ; 6.100 h. Tabletterie.
Q378060	OZANAM [nam'] (Jacques), mathématicien français, né à Bouligneux [Ain] (1640-1717).
Q689600	OZANAM (Antoine-Frédéric), historien et littérateur français, né à Milan ; auteur de remarquables études sur Dante (1813-1853).
Q3103286	OZANEAUX [nô] (Jean-Georges), littérateur et historien français, né à Paris (1795-1852).
Q4894785	OZOLES, peuple de la Grèce ancienne, dans la Locride occidentale.
