Q201678	IABLONOÏ (monts), chaîne de montagnes boisées de la Sibérie orientale (Transbaïkalie). Long. 650 kil. ; point culminant, 1.450 m.
Q1655364	IAGO, un des principaux personnages de l'Othello de Shakspeare. C'est lui qui provoque, grâce à la jalousie qu'il éveille dans l'âme d'Othello, le meurtre de Desdémone. Il est resté le type du scélérat sceptique et cynique. On rappelle souvent le qualificatif d'une ironie méprisante que lui applique Shakspeare : « Honest Iago ! »
Q486316	IAKOUTES ou YAKOUTES, indigènes du N.-E. de la Sibérie.
Q6610	IAKOUTSK ou YAKOUTSK, v. de la Sibérie, ch.-l. de gouv. sur la Léna ; 6.200 h. Le gouvernement a 230.000 h.
Q726693	IALOMITZA, riv. de Roumanie, affl. du Danube ; 240 kil.
Q19174234	Ïambes et poèmes, recueil des poésies de Barbier, comprenant de célèbres satires morales et politiques, remarquables par l'énergie et le mordant d'un vers âpre jusqu'au cynisme. Ces ïambes, renouvelant le mètre et la tradition d'André Chénier, rappellent la verve brutale de Juvénal ; ils restent comme une des plus puissantes productions de la littérature du xixe siècle (1830-1831).
Q183199	IANINA ou JANINA, v. de la Turquie d'Europe, ch.-l. de prov., sur le lac homonyme ; 20.000 h. (autref. Dodone). — Le gouvernement est peuplé de 527.000 h.
Q929022	IANITZA ou IÉNIDJE-VARDAR, v. de Turquie, prov. de Salonique, dans la vallée du Vardar ; 10.000 h.
Q3807295	IAPYGIE [jî], contrée de l'Italie ancienne, en Apulie, en grande partie colonisée par les Grecs.
Q1655701	IARBAS [bâss], roi des Gétules, fils de Jupiter Ammon. Il voulut épouser Didon, qui préféra se donner la mort (Myth.).
Q2423	IAROSLAV ou YAROSLAV, v. de la Russie d'Europe, ch.-l. du gouvernement de même nom, sur le Volga ; 70.000 h. Industries importantes. — Le gouvernement a 1.100.000 h.
Q188943	IAROSLAV, grand-duc de Russie de 1015 à 1054.
Q46852	IASSY ou JASSY, v. de la Roumanie, anc. capit. de la Moldavie ; 78.500 h. Traité entre Catherine II et la Porte (1792).
Q483159	IAXARTE [iak-sar-te] ou IAXARTES [tèss], fleuve de l'Asie, tributaire du lac d'Aral ; auj. Syr-Daria.
Q183298	IBADAN [dan], v. de l'Afrique occidentale (colonie anglaise du Lagos) ; 100.000 h.
Q222755	IBAGUÉ, v. de Colombie, capit. de l'Etat de Tolima ; 16.000 h.
Q946384	IBARRA, v. de l'Equateur, ch.-l. de la prov. d'Imbabura, sur le rio Ajari ; 10.000 h.
Q876185	IBEA. V. Est-africain anglais.
Q190992	IBÈRES, peuple de l'antiquité, le plus ancien dont l'histoire fasse mention dans l'Europe occidentale. Les Ibères peuplèrent l'Espagne, la Gaule méridionale et les côtes de l'Italie du Nord.
Q12837	IBÉRIE [rî], ancien nom de l'Espagne. (Hab. Ibères.) — Ancien pays d'Asie, au S. du Caucase, arrosé par le Cyrus.
Q52631	IBIZA, IVIZA ou IVIÇA, la plus grande des Baléares ; 25.000 h. ; ch.-l. Ibiza ; 7.500 h.
Q168776	IBRAHIM [im'] sultan turc de 1640 à 1648.
Q2637668	IBRAHIM-BEY [im'-bè], chef des Mameluks d'Egypte, lors de l'expédition de Bonaparte (1798) ; il fut chassé par Méhémet-Ali en 1811 et mourut à Dongolah (1735-1817).
Q311789	IBRAHIM-PACHA, fils de Méhémet-Ali, vice-roi d'Egypte ; habile guerrier et bon administrateur, mais fourbe et cruel (1789-1848).
Q36661	IBSEN [sèn] (Henrik), écrivain norvégien, né à Skien en 1828, auteur de drames remarquables à tendances philosophiques et sociales : Maison de poupée, les Revenants, Hedda Gabber, Solness le Constructeur, le Canard Sauvage, etc.
Q332802	IBYCUS [kuss], poète lyrique grec du vie s. av. J.-C. On rappelle souvent les grues d'Ibycus, par allusion à une troupe de grues que le poète Ibycus, assassiné par des brigands au milieu d'une forêt, avait prises à témoin du crime. Quelque temps après, l'un des meurtriers, assistant aux jeux Olympiques et voyant passer en l'air une troupe de grues, s'écria imprudemment : Voilà les témoins d'Ibycus, mots qui occasionnèrent ainsi la découverte des coupables. Les grues d'Ibycus sont devenues proverbiales, pour caractériser les témoins imprévus qui viennent parfois miraculeusement en aide à la justice.
Q840712	ICA, v. du Pérou, ch.-l. de dép., sur la rive homonyme ; 9.000 h. Jadis célèbre par la fabrication de ses poteries. — Le départem. a 91.000 h.
Q34041	ICARE, fils de Dédale, avec lequel il s'enfuit du labyrinthe de l'île de Crète, au moyen d'ailes attachées avec de la cire. S'étant trop approché du soleil, la cire se fondit, ses ailes se détachèrent, et l'imprudent fut précipité dans la mer. Dans l'application, on compare à Icare ceux qui sont victimes de projets trop ambitieux.
Q209576	ICARIE [rî], île turque de l'Archipel, sur la côte occidentale de l'Anatolie ; aujourd'hui Nikaria,
Q7773128	Icarie (Voyage en), roman fantaisiste, exposant un système de bonheur imaginaire, fondé sur l'intervention de l'Etat en toutes choses, par Et. Cabet (1842).
Q143334	ICHIM [chim'] v. de Sibérie (Tobolsk), sur la rivière homonyme (1.675 kil.), sous-affl. de l'Obi par le Tobol ; 8.000 h. Foires très fréquentées.
Q1096303	ICHTYOPHAGES [ik-ti] (mangeurs de poisson), nom donné par les anciens à divers peuples des bords du golfe Persique et de la côte ouest d'Afrique.
Q79857	ICONIUM [om'], nom ancien de la ville actuelle de Konièh (Turquie d'Asie).
Q181543	Iconoclastes, c'est-à-dire briseurs d'images, nom d'une secte d'hérétiques du viie siècle, qui brisaient les images des saints et voulaient détruire le culte qu'on leur rendait. Approuvée par le concile de Constantinople en 754, condamnée par plusieurs autres, cette hérésie a disparu au ixe siècle ; mais elle s'est reproduite plus tard chez les albigeois, les hussites et les vaudois.
Q311502	ICTINUS [nuss], architecte grec du ve s. av. J.-C. Il construisit notamment le Parthénon d'Athènes et le temple d'Apollon à Phigalie.
Q1127771	IDA, nom de deux chaînes de montagnes, l'une en Mysie (Asie Mineure), l'autre en Crète.
Q1221	IDAHO, un des Etats du N.-O. des Etats-Unis ; 162.000 h. Sol montagneux et boisé. Grandes richesses minérales : or, argent, cuivre, mercure. Capit. Boisé-City.
Q1656624	IDALIUM [om'], anc. v. de l'île de Chypre, consacrée à Vénus.
Q106873918	Idées de Mme Aubray (les), comédie en cinq actes, par A. Dumas fils, œuvre humaine et généreuse (1867).
Q18172994	IDEVILLE (Henry, comte d'), diplomate français (1830-1887).
Q10752474	IDISTAVISUS CAMPUS [zuss-kan-puss], plaine de Germanie, près du Weser, où Germanicus battit les Chérusques d'Arminius l'an 16.
Q570434	IDOMÉNÉE, roi de Crète, petit-fils de Minos, un des héros de la guerre de Troie (Myth.).
Q723559	Idoménée, roi de Crète, opéra italien de Mozart (1781), une des plus belles et des plus nobles partitions du grand musicien.
Q15875	IDRIA, v. d'Austro-Hongrie (Carniole), sur l'Idria ; 6.000 h. Mines de mercure.
Q208475	IDUMÉE ou EDOM [dom'], pays comprenant le Sud de la Judée et une partie du Nord de l'Arabie Pétrée. (Hab. Iduméens ou Edomites.)
Q742530	Idylle [di-le], petit poème où l'on peut traiter toutes sortes de matières, mais qui roule ordinairement sur un sujet pastoral. Les idylles les plus connues sont celles de Théocrite, le chef-d'œuvre du genre : de Virgile, et ici le mot idylle est synonyme d'églogue ; de Bion et de Moschus ; de Mme Deshoulières ; de Jean-Paul Richter, un des plus grands poètes en prose de l'Allemagne ; de Léonard, poésie empreinte de grâce et de mélancolie ; de Gessner, compositions gracieuses et morales ; de Voss ; d'André Chénier, qui, remontant aux sources grecques, a retrouvé la fraîcheur et la beauté de l'idylle antique ; de Tennyson, qui sont de véritables épopées nationales, etc.
Q135616	IEISK, v. de Russie (Kouban), sur la mer d'Azov ; 28.000 h.
Q887	IÉKATÉRINBOURG [bour], v. de Russie (gouv. de Perm), au pied des monts Ourals ; 55.000 h.
Q3646	IÉKATÉRINODAR, v. de Russie (Kouban), sur le Kouban ; 66.000 h.
Q48256	IÉKATÉRINOSLAV, v. de la Russie d'Europe, ch.-l. de gouvernement, sur le Dniéper ; 121.000 h. — Le gouv. a 2.113.000 h.
Q158292	IÉLISAVETGRAD, v. de Russie (gouv. de Kherson), sur l'Ingoul ; 62.000 h.
Q131290	IÉLISAVETPOL, v. de la Russie d'Asie, ch.-l. de gouvernement, sur le Gandja Tchaï ; 21.000 h. — Le gouv. a 871.000 h.
Q3150	IÉNA, v. d'Allemagne (Saxe-Weimar), sur la Saale ; 21.000 h. (Iénois). Fabrication d'instruments de précision. Célèbre université. Près de là, Napoléon vainquit les Prussiens en 1806.
Q540781	Iéna (pont d'), pont de Paris qui unit le Champ-de-Mars à la rive droite de la Seine, construit de 1808 à 1810, et qui prit son nom de la bataille d'Iéna. En 1814, lors de l'invasion, l'armée prussienne, commandée par Blücher, voulut détruire ce pont qui lui rappelait une défaite. Louis XVIII l'en empêcha.
Q2887998	Iéna (bataille d'), tableau d'Horace Vernet (Versailles).
Q772781	IÉNIKALEH, forteresse de Crimée ; 500 h. Naphte. Sur le détroit d'Iénikaleh ou de Kertch (anc. Bosphore Cimmérien), qui fait communiquer la mer Noire et la mer d'Azof.
Q78707	IÉNISSÉI, fleuve de la Sibérie, qui se jette dans l'océan Glacial ; 4.300 kil. Eaux rapides et abondantes.
Q135686	IÉNISSÉISK, v. de la Sibérie orientale, sur l'Iénisséi ; ch.-l. de gouvernement ; 8.000 h. — Le gouv. a 560.000 h.
Q292522	IF, petite île de la Méditerranée à 2 kil. de Marseille. Château fort bâti par François Ier, et qui servit de prison d'Etat.
Q215115	IFFLAND (Auguste-Guillaume), acteur et auteur dramatique allemand, né à Hanovre (1759-1814).
Q183111	IGLAU [gla-ou], v. d'Austro-Hongrie (Moravie), sur l'Iglawa ; 24.000 h.
Q13661	IGLÉSIAS [zi-âss], v. d'Italie (Sardaigne) ; 12.000 h.
Q2214881	IGLI, oasis du Sahara septentrional, près de l'oued Ghir.
Q359824	IGNACE (saint), Père de l'Eglise, patriarche de Constantinople (799-878). Fête le 23 octobre.
Q44281	IGNACE DE LOYOLA (saint), fondateur de l'ordre des jésuites, né au château de Loyola [Guipuzcoa] (1491-1556). Fête le 31 juillet.
Q455205	IGNATIEF (Paul-Nicolas), général et diplomate russe, né à Saint-Pétersbourg en 1828.
Q15950	IGUALADA [i-ghou-a], v. d'Espagne (prov. de Barcelone), sur la Noza ; 11.000 h.
Q842681	IHOLDY, ch.-l. de c. (Basses-Pyrénées), arr. de Mauléon, près d'un affl. de la Joyeuse ; 800 h. (Iholdyens).
Q456069	ILDEFONSE ou ALPHONSE (saint), archevêque de Tolède (607-667). Fête le 23 janvier.
Q815489	ILE-BOUCHARD (L') [char], ch.-l. de c. (Indre-et-Loire), arr. de Chinon, sur la Vienne ; 1.500 h. Ch. de f. Et.
Q12060804	ILE DE FRANCE, ancien nom de l'île Maurice.
Q13917	ILE-DE-FRANCE, pays de l'ancienne France (capit. Paris), constitué en province au xve s., et qui est compris dans les dép. actuels de l'Aisne, de l'Oise, de la Seine, de Seine-et-Oise, de Seine-et-Marne, et d'une partie de la Somme.
Q7134	ILE-D'YEU (L'), ch.-l. de c. de la Vendée, arr. des Sables-d'Olonne, dans l'île d'Yeu ; 3.500 h.
Q467030	ILE-ROUSSE (L'), ch.-l. de c. (Corse), arr. de Calvi ; 1.850 h. (Isolani).
Q183416	ILES du Vent, nom donné par les marins à la chaîne d'îlots et d'îles qui réunissent Porto-Rico (Antilles) à la côte du Venezuela.
Q1999082	ILES sous le Vent, petit archipel d'Océanie, au N.-O. de Tahiti.
Q192567	ILI, rivière de l'Asie centrale (Dzoungarie), tributaire du lac Balkhach ; 1.500 kil.
Q8275	Iliade (l'), poème d'Homère, en vingt-quatre chants, le chef-d'œuvre de la poésie épique. C'est le récit des combats livrés devant Troie par les Grecs pendant la retraite d'Achille sous sa tente. La mort de Patrocle, tué par Hector, le réveil d'Achille, dont les armes ont été prises sur le cadavre du héros son ami, la rencontre entre Hector et Achille, qui triomphe du dernier soutien de Troie, promène son cadavre autour des remparts, mais le rend au vieux Priam suppliant, pour qu'il lui soit fait de magnifiques funérailles, tels sont les principaux épisodes de ce poème. Récits proprement dits, portraits, descriptions, batailles, discours, comparaisons, tout y est d'une vie intense. C'est un tableau complet de l'antique civilisation grecque.
Q22647	ILION, un des noms de Troie.
Q1658567	ILISSUS [suss], ruisseau de l'Attique, qui soldait du mont Hymette.
Q668472	ILL, riv. d'Alsace-Lorraine ; elle arrose Mulhouse, Schlestadt, Strasbourg, et se jette dans le Rhin (riv. g.) ; 205 kil.
Q1244595	ILLE, petite rivière de France, affluent de la Vilaine à Rennes (riv. dr.) ; 45 kil.
Q12549	ILLE-ET-VILAINE [lè-ne], département maritime du N.-O. de la France ; préf. Rennes, s.-préf. Fougères, Montfort, Redon, Saint-Malo, Vitré ; 6 arr., 43 cant., 360 comm., 614.000 h. 10e région militaire ; cour d'appel et évêché à Rennes. Ce dép. doit son nom à l'Ille et à la Vilaine, qui se rencontrent à Rennes.
Q380444	ILLIERS [li-é], ch.-l. de c. (Eure-et-Loir), arr. de Chartres, sur le Loir ; 2.800 h. (Islériens.) Ch. de f. Et.
Q1204	ILLINOIS, un des Etats unis de l'Amérique du Nord ; 4.822.000 h. Ch.-l. Springfield, v. pr. Chicago. Immense production de céréales.
Q2092894	Illusions perdues (les), roman de Balzac. Le héros, Lucien de Rubempré, est le type de l'homme qui, grisé de ses premiers succès, croit pouvoir remplacer le talent par le savoir-faire et, de chute en chute, tombe dans les capitulations de conscience auxquelles l'ambition conduit les gens peu scrupuleux.
Q24413307	Illusions perdues (Les) ou le Soir, célèbre tableau de Gleyre, au Louvre, touchante et gracieuse allégorie.
Q1311350	Illustration (l'), journal hebdomadaire illustré, fondé en 1843.
Q32047	ILLYRIE, anc. contrée montagneuse de l'empire d'Autriche, sur la côte orientale de l'Adriatique, formant auj. trois pays : Carniole, Carinthie, Trieste. (Hab. Illyriens.) — L'Autriche, en 1816, fit de l'Illyrie un royaume, qui subsista jusqu'en 1849.
Q203462	ILMEN [mèn], lac de la Russie (gouv. de Novgorod) ; 918 kil. carr.
Q3148527	Il ne faut jurer de rien, comédie en trois actes, en prose, d'Alfred de Musset, œuvre charmante, étincelante de verve et d'esprit (1848).
Q1495743	ILUS [luss], roi légendaire de Troie, petit-fils de Dardanus, fondateur d'Ilion.
Q2885973	IMBERT [in-bèr] (Barthélemy), poète français, né à Nîmes (1747-1790).
Q658437	IMBROS [in-brose] ou IMBRO, île de la mer Egée (Turquie), non loin des Dardanelles ; 6.000 h.
Q200045	IMÉRÉTHIE [tî], pays d'Asie, annexé à la Russie en 1810, et faisant partie du gouv. de Koutaïs.
Q1071439	IMERINA. V. Emyrne.
Q670350	Imitation de Jésus-Christ, livre de piété, unique en son genre, écrit dans un latin clair, vigoureux, très original. L'auteur en est inconnu. On a attribué l'imitation au chancelier de l'Université de Paris, Jean Gerson, au moine Thomas a Kempis, à Gerson, évêque de Verceil, etc.
Q105269040	Immortel (L'), roman par Alphonse Daudet, satire aiguë et amère du monde académique (1888).
Q50195	IMOLA, v. d'Italie (Emilie), sur le Santerno, affl. du Pô ; 30.250 h.
Q31347	Impérial (Canal), grand canal de l'empire Chinois, qui permet de traverser par eau la Chine.
Q1721681	Impériaux, soldats des empereurs d'Allemagne, qu'on appela ainsi de la fin du xve siècle jusqu'en 1806.
Q17358840	Impressions de voyage, par A. Dumas père, suite de narrations vives, animées, intéressantes, où s'épanouit la personnalité du grand conteur. Elles comprennent une vingtaine de volumes, parus de 1833 à 1859.
Q3149496	Imprimerie nationale, à Paris, affectée à l'impression des actes officiels du gouvernement et aux divers ouvrages publiés pour le compte de l'Etat et de quelques particuliers autorisés. Elle était située rue Vieille-du-Temple, dans les vastes bâtiments de l'ancien hôtel du cardinal de Rohan, dit hôtel de Strasbourg, avant d'être transférée rue de la Convention. Sa fondation remonte à François Ier.
Q3204061	Impromptu de Versailles (l'), comédie en un acte, en prose, de Molière (1663).
Q735623	INACHOS [koss], premier roi légendaire d'Argos, fils de l'Océan et de Téthys.
Q3404008	INCAS [ka], race de l'Amérique du sud, qui occupait, au moment de la conquête espagnole, le territoire actuel du Pérou.
Q106889862	Incas (les), poème en prose, de Marmontel, où l'on remarque des beautés littéraires de premier ordre, que la déclamation dépare trop souvent (1778).
Q3797591	INCE-IN-MAKERFIELD [kèr-fîd'], v. d'Angleterre (Lancastre) ; 20.000 h. Houille.
Q2531790	Incendie du Bourg (l'), fresque de Raphaël, au Vatican (Chambres) ; beaux groupes désolés, physionomies expressives, excellente perspective, superbes effets de lumière.
Q1152132	IN-CHAN, chaîne de montagnes de l'Empire chinois. C'est le rebord sud oriental du plateau de Mongolie.
Q935895	INCITATUS [tuss], cheval de Caligula. Son maître voulut l'élever au consulat, lui monta une maison magnifique, lui donna des meubles et des serviteurs pour recevoir splendidement ceux qui venaient pour le visiter ; enfin, ce fou le faisait souvent manger à sa table et lui servait lui-même de l'orge dorée.
Q43369882	Incroyables, nom donné sous le Directoire à des jeunes gens qui mettaient une grande affectation dans leur habillement, leurs manières et leur langage, dans lequel ils supprimaient les r. Ils devaient leur surnom à l'affectation avec laquelle ils répétaient à chaque instant : c'est incoyable, ma paole d'honneu.
Q60140	INDE, Vaste péninsule de l'Asie méridionale, divisée par le Gange en deux grandes régions : Inde cisgangétique ou Hindoustan et Inde transgangétique, appelée plus couramment Indo-Chine (v. ce mot). I. Géographie. L'Inde cisgangétique est séparée du Thibet par les monts Himalaya, au pied desquels circulent en de larges vallées déprimées, le Gange et l'Indus ; elle est sillonnée par les monts Vindhyâ et les Ghâtes ; elle est arrosée par le Brahmapoutra, le Gange et ses affluents, le Sind ou Indus. La partie centrale de la péninsule, qui est un haut plateau granitique et volcanique, porte le nom de Deccan. Climat très chaud ; alternances régulières de la mousson sèche et de la mousson pluvieuse. L'Inde, dont les ressources économiques sont aussi variées que considérables (riz, céréales, graines oléagineuses, épices, coton, tabac, thé bois précieux, nombreux gisements métallifères etc.), appartient pour la plus grande partie à l'Angleterre, mais le Portugal et la France y ont aussi quelques établissements. (Hab. Indous.) L'Inde anglaise ou empire des Indes comprend un certain nombre de provinces directement administrées et d'assez nombreux Etats indigènes tributaires et protégés (Nizam, Mysore, Baroda, etc.). En y ajoutant la Birmanie (Indo-Chine), les possessions anglaises de l'Inde comprennent 5.036.000 kil. c. et 295.000.000 d'h. — Le Boutan et le Népaul forment encore deux Etats indépendants de l'Angleterre. Les Indes portugaises comprennent les territoires de Goa, de Damao et de Diu ; 3.658 kil. c. ; 500.000 h. L'Inde française ou établissements français de l'Inde (Pondichéry, Chandernagor, Yanaon, Karikal, Mahé) a 509 kil. c. et 276.000 h. II. Histoire. A une époque très reculée, les Aryas, cantonnés dans le voisinage du plateau de Pamir, émigrèrent et se dirigèrent les uns vers le plateau de l'Iran (Iraniens), les autres dans la vallée de l'Indus (Indous), où ils vainquirent les Dasyous. Alors commença la première période de l'histoire de l'Inde, dite période védique, parce qu'elle nous est connue par les hymnes du Rig-Véda, et à laquelle succéda la période brahmanique. Le formalisme excessif des brahmanes amena une réaction, qui aboutit au triomphe du bouddhisme (ive s. av. J.-C.). Darius, roi de Perse, avait fait du pays entre le Paropamisus et l'Indus une satrapie de son empire, A leur tour, les armées d'Alexandre assurèrent aux Grecs la domination de l'Inde ; mais, après la mort du conquérant, Séleucus, roi de Syrie, reconnut l'indépendance de Sandracotos (Tchandra-Goupta). A la fin du ier siècle av. J.-C., l'Inde fut envahie par plusieurs poussées de peuples asiatiques venus du Nord, et partagée en plusieurs Etats. Elle tomba ensuite au pouvoir des Arabes (viie s.), qui furent supplantés par les Afghans (xiie s.), puis par les Mongols de Tarmerlan (xive s.), qui fondèrent une dynastie puissante pendant trois siècles. Au xve s., les Portugais s'étaient établis dans l'Inde ; ils y furent suivis par les Hollandais, les Français et les Anglais. Ces derniers, malgré les efforts de Dupleix, de La Bourdonnais, de Lally-Tollendal, restèrent en fin de compte maîtres de presque toute la péninsule, où ils eurent en 1857 à réprimer une terrible révolte des cipayes. La Birmanie a été en 1889, annexée à l'Inde.
Q40949	Indépendance (guerre de l'), nom donné à la lutte que soutinrent les colonies anglaises de l'Amérique du Nord contre leur métropole, et qui amena la fondation des Etats-Unis (1775-1782).
Q25381777	Indépendance belge (l'), journal politique fondé à Bruxelles depuis la séparation de la Belgique et de la Hollande.
Q1239	INDES (mer des). V. Indien (océan).
Q188161	INDES NÉERLANDAISES ou INDES ORIENTALES, nom sous lequel on désigne les colonies hollandaises des îles de la Sonde (Asie sud-orientale ; 1.915.500 kil. c. 38.000.000 d'h.).
Q669037	INDES OCCIDENTALES, nom donné tout d'abord à l'Amérique, parce que Christophe Colomb, en y abordant, trompé par l'idée trop faible qu'il se faisait des dimensions de la terre, s'imagina d'abord n'avoir découvert qu'un prolongement de l'Inde.
Q213663	Indes (Compagnie française des), fondée par la fusion, en 1719, de la fameuse Compagnie d'Occident, de Law, avec l'ancienne Compagnie des Indes orientales, organisée par Colbert. Elle lutta souvent avec bonheur avec Dupleix et La Bourdonnais, contre les Anglais dans l'Inde, mais mal soutenue par le gouvernement français, dut se dissoudre en 1770.
Q83164	Indes (Compagnie des), nom donné à la compagnie anglaise qui a fait la conquête presque entière de l'Hindoustan.
Q22765	Index [dèks], catalogue des livres dont l'Eglise proscrit la lecture ou même la possession. Il est dressé par la Congrégation de l'Index, tribunal fondé à Rome au xvie siècle, en exécution d'un canon du concile de Trente, et qui a pour objet d'examiner les livres que l'autorité ecclésiastique lui soumet et de les interdire s'ils sont jugés dangereux.
Q1415	INDIANA, un des Etats unis de l'Amérique du Nord, au S. du lac Michigan ; 2.516.000 h. Capit. Indianapolis. Elevage ; grande production de céréales.
Q2534897	Indiana, roman de G. Sand (1832). C'est une critique indignée du mariage tel qu'il est pratiqué dans une société mal organisée.
Q6346	INDIANAPOLIS [liss], v. des Etats-Unis, capit. de l'Indiana, sur le White-River ; 191.000 h.
Q868245	INDIEN [di-in] (territoire), territoire des Etats-Unis ; 329.000 h., en grande majorité de race indienne.
Q1239	INDIEN (océan) ou mer des INDES, mer située au S. de l'Inde, et qui va des côtes d'Afrique à l'Australie. L'océan Indien est caractérisé par son régime climatérique et par l'alternance des moussons d'été et d'hiver.
Q208643	INDIEN (archipel) ou INSULINDE. V. Malaisie.
Q36747	Indiens, Colomb, abordant en Amérique, crut découvrir un prolongement de l'Inde, ce qui fit donner le nom général d'Indiens aux peuples indigènes des deux Amériques. Ils forment le fond de la race rouge.
Q42189561	Indifférence en matière de religion (Essai sur l'), ouvrage célèbre de Lamennais, écrit dans un style plein de force et de noblesse, mais dont l'Eglise a repoussé en partie la doctrine.
Q82207	INDIGHIRKA, fl. de la Sibérie orientale, tributaire de l'océan Glacial ; 1.500 kil.
Q43467	INDO-CHINE (v. la carte), grande presqu'île située entre l'Hindoustan et la Chine, arrosée par l'Iraouaddy, la Salouen, le Ménam, le Mékong, le fleuve Rouge. Elle comprend la Birmanie, le Siam, le Cambodge, la Cochinchine française, l'Annam, le Tonkin, Malacca et le Laos (v. ces mots). (Hab. Indo-Chinois.)
Q185682	INDO-CHINE FRANÇAISE, nom officiel du gouvernement sous lequel sont réunies les colonies françaises du Cambodge, du Laos, de la Cochinchine, de l'Annam et du Tonkin.
Q475027	INDO-EUROPÉENNE (famille), famille des peuples qui ont pour ancêtres les Aryas, et qui se sont répandus entre l'Inde et l'extrémité de l'Europe : Hindous, Iraniens, Grecs, Italiotes, Celtes, Germains (Allemands, Anglo-Saxons, Scandinaves, etc.), les Slaves.
Q208643	INDONÉSIE, nom donné quelquefois à l'archipel Indien ou Malais.
Q66616	INDORE, v. de l'Inde, capit. de la principauté de Holkar ; 87.000 h.
Q5472	INDOU-KOH ou HINDOU-KOUCH, massif montagneux de l'Asie méridionale, entre le Pamir et les monts Kouen-Loun ; 6.000 m. d'alt.
Q60140	INDOUSTAN. V. Hindoustan.
Q128335	INDRA, l'atmosphère, l'un des trois termes de la trinité védique.
Q217347	INDRE, riv. de France, affl. g. de la Loire. Elle arrose La Châtre, Châteauroux, Châtillon-sur-Indre, etc. ; 266 kil.
Q12553	INDRE (dép. de l'), formé par le Berry, l'Orléanais, la Marche, la Touraine ; préf. Châteauroux ; sous-préf. Le Blanc, La Châtre, Issoudun ; 4 arr., 23 cant. 245 comm., 335.500 h. 9e région militaire ; cour d'appel et évêché de Bourges. Ce département doit son nom à l'Indre, qui l'arrose.
Q12556	INDRE-ET-LOIRE (dép. d'), dép. forme de la Touraine et de parties très minimes de l'Anjou, du Poitou et de l'Orléanais ; préf. Tours ; sous-préf. Chinon, Loches ; 3 arr., 24 cant., 282 comm., 335.000 h. 9e région militaire ; cour d'appel d'Orléans ; archevêché à Tours. Ce dép. doit son nom à la Loire et à l'Indre qui le traversent.
Q106913472	INDRET [drè], île de la Loire, à 8 kil. de Nantes ; et qui fait partie de la comm. d'Indre. Usines de l'Etat pour la construction des machines de la flotte.
Q106913509	Indulgences (Querelle des), conflit qui s'éleva, au début du xvie siècle, entre deux grands ordres religieux, les augustins et les dominicains, à l'occasion de la vente des indulgences, et d'où sortit la Réforme.
Q7348	INDUS [duss] ou SIND, fleuve de l'Inde, qui se jette dans la mer d'Oman en formant un vaste delta ; 2.900 kil.
Q3088872	Industrie (Palais de l'), vaste édifice construit à Paris, sur l'avenue des Champs-Elysées pour l'exposition de 1855. Long de 254 mètres, large de 110m,40, il servait depuis aux Salons de peinture, aux concours hippiques, etc. Il fut démoli pour l'exposition universelle de 1900.
Q683671	INDUTIOMARE [si], chef des Trévires, célèbre par sa résistance contre César ; m. en 54 av. J.-C.
Q313584	INDY (Vincent d'), compositeur français, né à Paris en 1851.
Q135598	Inégalité parmi les hommes (Discours sur l'origine et les fondements de l'), sorte de roman de la nature et de la société, que l'auteur, J.-J. Rousseau, a su embellir des plus brillantes couleurs (1755). C'était un sujet mis au concours par l'académie de Dijon. Le prix fut remporté par l'abbé Talbert ; mais le Discours de Rousseau était bien supérieur à l'ouvrage couronné, peut-être moins par le fond même des idées que par l'imagination qui inspire son éloquence passionnée.
Q234022	INÈS DE CASTRO, femme célèbre par sa beauté et ses malheurs, épouse de l'infant Pierre de Portugal, assassinée en 1355 par des courtisans jaloux de son influence.
Q18242748	Inès de Castro, tragédie du Portugais Ferreira, une des premières compositions régulières qui aient paru sur le théâtre moderne (xvie s.). Le même sujet a été traité en France, non sans talent, par Lamotte (1730).
Q231755	INGEBURGE ou INGELBURGE, fille du roi de Danemark Waldemar, femme de Philippe Auguste, que ce prince répudia pour épouser Agnès de Méranie ; m. en 1236.
Q434131	INGENHOUSZ (Jean), chimiste et physicien hollandais, né à Bréda. Il a laissé de beaux travaux sur la chaleur (1730-1799).
Q1985932	Ingénu [l'], conte de Voltaire (1767), amusant récit des mésaventures d'un homme qui dit toujours naïvement ce qu'il pense et fait ce qu'il veut.
Q3004	INGOLSTADT, v. de la haute Bavière, sur le Danube ; 22.000 h. Université catholique jadis célèbre.
Q614826	INGOUVILLE, anc. comm. de la Seine-Inférieure, qui fait maintenant partie de la commune du Havre.
Q23380	INGRES (Jean-Auguste-Dominique), peintre français, né à Montauban. Il se distingua par la perfection du dessin, par la pureté de la ligne, mais sa couleur est grise et en général un peu froide. Ses principales œuvres sont : la Chapelle Sixtine, le Vœu de Louis XIII, l'Apothéose d'Homère, etc. Elève de David, il s'écarta des traditions de son maître pour étudier et imiter Raphaël (1780-1867).
Q14688	INGRIE, nom donné à la partie méridionale de la Finlande.
Q2746989	INJALBERT [bèr] (Jean-Antoine), sculpteur français, né à Béziers en 1845.
Q752183	INKERMANN, v. de Crimée, à l'embouchure de la Tchernaïa, sur remplacement de l'ancienne colonie grecque de Calamita. Les Russes y furent vaincus par les Français et les Anglais le 5 novembre 1854.
Q14369	INN, riv. d'Allemagne, affl. du Danube (r. dr.). Elle a sa source en Suisse (Grisons), arrose Innsbruck, Muhldorf et Passau ; 525 kil. Sa vallée supérieure (Engadine) présente d'admirables sites.
Q134694	INNOCENT [san] Ier (saint), pape de 402 à 417 ; — Innocent II, pape de 1130 à 1143 ; — Innocent III, pape de 1198 à 1216 ; souverain actif et énergique, il lutta contre Philippe Auguste, contre Jean sans Terre, et prit l'initiative de la 4e croisade et de l'expédition contre les albigeois ; — Innocent IV, pape de 1243 à 1254 ; — Innocent V, pape en 1276 ; — Innocent VI, pape de 1352 à 1362 ; résida à Avignon ; — Innocent VII, pape de 1404 à 1406 ; — Innocent VIII, pape de 1484 à 1492 ; — Innocent IX, pape en 1591 ; — Innocent X, pape de 1644 à 1655 ; condamna les cinq propositions de Jansénius ; — Innocent XI, pape de 1676 à 1689 ; il eut de vifs démêlés avec Louis XIV au sujet de la Régale ; — Innocent XII, pape de 1691 à 1700 ; — Innocent XIII, pape de 1721 à 1724.
Q1240092	Innocent X (Portrait d'), tableau de Vélasquez (Rome, 1648) ; cette figure est une merveille d'art.
Q1247103	Innocents (Massacre des), tableau célèbre de Rubens (Munich) ; les expressions ont une véhémence, et les attitudes une animation d'une vérité extrême.
Q97292939	Innocents (marché des), d'origine fort ancienne, et remplacé actuellement par les Halles centrales, à Paris.
Q1435791	Innocents (fontaine des), célèbre monument, par Jean Goujon et Pierre Lescot ; situé à Paris, dans le square du même nom, près les Halles centrales.
Q1735	INNSBRUCK ou INSPRUCK, v. d'Autriche, capit. du Tyrol, sur l'Inn ; 27.000 h.
Q223690	INO, fille de Cadmus et d'Harmonie, et femme d'Athamas, roi de Thèbes (Myth.).
Q43173	Inquisition. On désigne sous ce nom les tribunaux établis, au moyen âge et dans les temps modernes, dans certains pays, pour la recherche et le châtiment des hérétiques. En ordonnant aux évêques lombards de livrer à la justice les hérétiques qui refuseraient de se convertir, le concile de Vérone (1183) posa les bases de l'inquisition, qui fonctionna dans le Languedoc contre les Albigeois, puis s'étendit peu à peu sur presque tout le reste de la chrétienté. En France, cependant, son rôle fut à peu près nul. Le trait principal de sa procédure, qui s'appliqua aussi à la répression des faits d'apostasie, de sorcellerie et de magie, était le secret le plus absolu de l'information judiciaire. Au xiiie siècle, cette regrettable institution, qui violait ouvertement la liberté de conscience, existait surtout en Italie et en Espagne. Dans ce dernier pays, où les noms des grands inquisiteurs Torquemada et Ximénès sont restés célèbres, elle laissa de lugubres souvenirs ; elle envoya au bûcher, d'abord par fanatisme, puis dans l'intérêt politique de la monarchie, des milliers de malheureux. Napoléon la supprima en 1808 ; mais elle fut remise en vigueur de 1814 à 1820.
Q255251	IN-SALAH, groupe d'oasis du Sahara algérien, dans le Tidikelt ; 2.000 h., soumis à la France depuis 1900.
Q106913606	Insecte (l'), ouvrage plus symbolique que scientifique de Michelet (1857).
Q42191499	Instauratio magna, ouvrage célèbre du philosophe anglais F. Bacon, qui a jeté les fondements de la science moderne en les établissant sur l'observation et sur l'induction (1620-1623).
Q5655	INSTERBOURG [tèr-bour] v. de la Prusse orientale, sur la Pregel ; 28.000 h.
Q979600	Institut (palais de l'), palais situé à Paris, à l'extrémité du pont des Arts, rive gauche de la Seine, et construit au xviie siècle par les architectes Levau, Lambert et d'Orbay, pour y installer le collège fondé par Mazarin. Le palais Mazarin fut affecté, en 1806, aux diverses classes de l'institut.
Q3152372	Institut agronomique. V. écoles.
Q391083	Institut Pasteur, institut fondé à Paris, rue Dutot, en 1886, pour le traitement de la rage selon la méthode de Pasteur, et le perfectionnement de la chimie biologique. La crypte contient la dépouille de Pasteur.
Q1055599	Institutes de Justinien, manuel du droit romain, composé en 533 par les jurisconsultes Tribonien, Théophile et Dorothée, sur l'ordre de Justinien.
Q3010439	Institution oratoire (l'), ouvrage de Quintilien, renfermant un plan d'études complet pour former un orateur, et qui est aussi, par certains côtés, un cours d'éducation, de morale et de littérature. Le style est d'une élégance remarquable, et la critique en est fort judicieuse ; mais c'est plutôt l'œuvre d'un artiste en langage que le livre d'un pur classique (iie s.).
Q371558	Institution de la religion chrétienne, livre célèbre de Calvin, exposant dans une langue simple et nette les doctrines des protestants français. Dans la pensée du réformateur, le protestantisme n'est ni une philosophie, ni une religion, mais simplement un retour à l'Ecriture interprétée par la conscience de chacun (1535).
Q19085020	Institutions divines, principal ouvrage de Lactance, dirigé contre le polythéisme et la philosophie païenne ; écrit avec une grande pureté de style (ive s.).
Q1097266	INSUBRES, peuple de la Gaule Cisalpine, qui habitait le Milanais actuel.
Q208643	INSULINDE, nom donné quelquefois à l'archipel Indien ou Malaisie. V. Malaisie.
Q42188529	Intelligence (De l'), par Taine, ouvrage philosophique où se trouve développé le système phénoméniste de l'auteur et ses théories sensationnistes sur la connaissance.
Q68103	INTERLAKEN, bourg de Suisse, au pied des Alpes Bernoises, entre les lacs de Thun et de Brienz ; 2.500 h. Station d'été très fréquentée.
Q24734316	Intimé (l'), un des personnages des Plaideurs, comédie de Racine. C'est lui qui plaide si comiquement en faveur du chien Citron, accusé du meurtre d'un chapon du Maine.
Q106915162	Intimes (Nos), comédie en quatre actes par Victorien Sardou, satire bien venue et parfois profonde des hypocrisies coutumières de la vie sociale (1861).
Q3153723	Introduction à la Vie dévote, par saint François de Sales (1608). L'auteur s'efforce de faire connaître les règles de la piété à tous ceux qui désirent la pratiquer tout en restant dans le monde.
Q188977	Invalides (hôtel des), célèbre monument, situé à Paris, boulevard et esplanade du même nom. L'institution de l'hôtel des Invalides est due à Louis XIV (1670). Le monument fut construit par Jules Hardouin-Mansart. L'église est surmontée d'un dôme majestueux, sous lequel ont été placés, par les soins de l'architecte Visconti, en 1840, les restes de Napoléon Ier.
Q160493	INVERNESS, ch.-l. du comté homonyme (Ecosse septentrionale) ; à l'issue du canal Calédonien dans le golfe de Murray ; 21.000 h. Le comté a 90.000 h.
Q154764	Investitures (querelle des), lutte entre les papes et les empereurs d'Allemagne au sujet de la collation des titres ecclésiastiques, de 1074 à 1122. Elle fut vive surtout sous les règnes du pape Grégoire VII et de l'empereur Henri IV, et aboutit au principe de la séparation des deux pouvoirs, l'investiture temporelle relevant du roi seul, et l'investiture spirituelle du pape seul.
Q179014	IO, fille d'Inachos, changée en génisse par Jupiter et gardée par Argus (Myth.).
Q662613	IÔLCOS [kôss], v. de Thessalie, d'où partirent les Argonautes pour la conquête de la toison d'or.
Q744147	IOLE, fille d'Eurytos, roi d'Œchalie, enlevée et épousée par Héraclès.
Q162163	ION, poète tragique athénien, né à Chio (ve s. av. J.-C.).
Q853462	ION, petit-fils d'Hellen, fils d'Apollon et de Créuse, ancêtre mythique des Ioniens.
Q620874	IONIE [nî], pays de l'ancienne Asie Mineure, sur la côte, entre les golfes actuels de Smyrne et de Mendelia, habitée par des Grecs émigrés ; v. pr. Milet, Samos, Ephèse, Colophon, Chios. (Hab. Ioniens.) Les Ioniens, les plus intelligents et les plus hardis des Grecs, créèrent de nombreuses colonies dans la mer Egée et dans la mer Noire.
Q37495	IONIENNE (mer), partie de la Méditerranée qui s'étend entre l'Italie, la Turquie et la Grèce.
Q170295	IONIENNES (îles), groupe d'îles situées dans la mer de ce nom, rendues à la Grèce par l'Angleterre en 1864. Pop. 250.000 h. Les principales sont Corfou, Leucade, Zante, Céphallonie, Thiaki (Ithaque), etc.
Q216993	IOS [i-oss] ou NIO, une des Cyclades, entre Naxos et Santorin. Commerce de raisins secs.
Q845960	IOUG, riv. de Russie (gouv. de Vologda), une des branches mères de la Dvina du Nord ; 439 kil.
Q1546	IOWA, un des Etats unis de l'Amérique du Nord, 2.232.000 h. Capit. Des Moines (50.000 h.). Immense production de céréales.
Q354424	IPHICRATE, général athénien. Il imagina un armement nouveau, créa les peltastes, et fut vainqueur des Spartiates en 390 ; mort vers 353 av. J.-C.
Q192673	IPHIGÉNIE, fille d'Agamemnon et de Clytemnestre. Son père, chef des Grecs assemblés contre Troie, ayant voulu la sacrifier à Diane afin d'obtenir la protection des dieux qui retenaient par des vents contraires la flotte hellène dans le port d'Aulis, la déesse substitua à Iphigénie une génisse et emmena la jeune fille en Tauride, où elle devint sa prêtresse.
Q1233770	Iphigénie à Aulis, tragédie posthume d'Euripide, le chef-d'œuvre de ce poète, que Racine n'a pas égalé en l'imitant (405 av. J.-C.).
Q106915246	Iphigénie en Aulide, tragédie de Rotrou, calquée sur l'œuvre d'Euripide (1640).
Q903424	Iphigénie en Aulide, tragédie en cinq actes et en vers de Racine, proclamée par Voltaire un des chefs-d'œuvre de la scène française (1674).
Q248892	Iphigénie en Aulide, tragédie-opéra en trois actes, paroles du bailli du Roullet, musique de Gluck (1774), le premier des grands chefs-d'œuvre que le compositeur ait donnés en France.
Q523227	Iphigénie en Tauride, tragédie d'Euripide ; scènes admirables (fin du ve s. av. J.C.).
Q687822	Iphigénie en Tauride, tragédie lyrique en quatre actes, paroles de Guillard, musique de Gluck (1779) ; musique d'une pureté et d'un charme inexprimables.
Q475063	Iphigénie en Tauride, tragédie en prose de Gœthe, chef-d'œuvre de style et de poésie ; représentée à Berlin en 1786.
Q2732880	IPSUS [suss], bourg de l'ancienne Phrygie, où fut livrée une grande bataille entre les généraux d'Alexandre le Grand (301 av. J.-C.). Antigone y fut vaincu et tué par Séleucus et Lysimaque.
Q184775	IPSWICH [ouitch'], v. d'Angleterre, ch.-l. du comté de Suffolk, près de l'Orwell ; 67.000 h.
Q14440	IQUIQUE, v. maritime du Chili ; ch.-l. de la prov. de Tarapaca ; 43.000 h. Salpêtre, guano.
Q17043605	IRAK-ADJEMI, province centrale de la Perse ; v. pr. Téhéran et Ispahan ; 1 million d'h.
Q1862138	IRAK-ARABI, région de la Turquie d'Asie, dans le bassin inférieur du Tigre et de l'Euphrate.
Q237660	IRAN, nom donné au vaste plateau, accidenté de hautes montagnes, qui s'étend, en Asie, entre l'Indus, le Tigre, la Caspienne et le golfe Persique. L'Arménie, la Perse, l'Afghanistan et le Béloutchistan y sont compris. Plus spécialement, on a donné à la Perse le nom d'Iran.
Q1672477	IRANIENS [ni-in], habitants de l'Iran ; nom d'une branche importante de la famille indo-européenne (Perses, Mèdes, etc.).
Q26076	IRAOUADDY ou IRAOUADDI, fleuve de l'Indo-Chine, né dans les monts Langtang, prolongement oriental de l'Himalaya. Il arrose la Birmanie, passe à Bhamo et se jette dans l'océan Indien par un vaste delta ; 2.000 kil.
Q143079	IRBIT [bit'], v. de Russie (gouv. de Penn), sur la Nitza ; 10.000 h. Forges.
Q206737	IRÈNE, impératrice de Byzance à deux reprises (780-790 et 792-802), morte en 803, célèbre par son dévouement à la foi orthodoxe.
Q3154634	Irène, tragédie de Voltaire en cinq actes et en vers (1778).
Q182123	IRÉNÉE (saint), évêque de Lyon, martyr vers 200.
Q719724	IRETON [a-i-re-ton'] (Henri), général anglais, gendre de Cromwell, un des adversaires les plus acharnés de Charles Ier (1611-1651).
Q184570	IRIS [riss], messagère des dieux, changée par Junon en arc-en-ciel, représentée avec des ailes (Myth.).
Q6576	IRKOUTSK, v. de la Sibérie orientale, sur l'Angara, ch.-l. du gouvernement de son nom ; 51.000 h. — Le gouvernement a 540.000 h.
Q22890	IRLANDE, une des îles Britanniques, limitée par le canal du Nord au N.-E., le canal Saint-George au S.-E. et l'océan Atlantique sur les autres points. (Hab. Irlandais.) Terre granitique, marécageuse, parfois boisée, sous un climat égal et brumeux, réchauffé par le Gulf-Stream. Magnifiques pâturages. Richesses minérales. Le Shannon est le principal cours d'eau. L'Irlande, peuplée primitivement par les Celtes et convertie au christianisme pendant le moyen âge, fut conquise par Henri II, roi d'Angleterre, au xiie siècle et soumise petit à petit dans les siècles suivants. L'Angleterre, ayant embrassé le protestantisme, persécuta, surtout au temps de Cromwell, les Irlandais catholiques et les soumit aux plus choquantes iniquités. La plus grande partie des terres fut confisquée au profit des grands seigneurs anglais, qui exploitèrent avec la plus grande dureté leurs fermiers ou tenanciers. Pendant la Révolution, l'Irlande chercha à tirer parti de l'hostilité de la République et du cabinet de Londres ; elle n'y put réussir, et en 1800 l'acte d'Union, voté par le Parlement britannique, aggrava la situation déjà si misérable des vaincus. Les Irlandais n'ont cessé de protester contre le joug dont ils souffrent ; grâce à O'Connell et au grand ministre anglais Gladstone, ils ont obtenu quelques concessions, mais ils réclament aujourd'hui un Parlement national et une large autonomie ou home-rule ; 4.500.000 h. (Irlandais). V. Grande-Bretagne.
Q41735	IRLANDE (mer d'), nom donné au bras de mer formé par l'Atlantique, entre la Grande-Bretagne et l'Irlande.
Q215089	IRLANDE (Nouvelle). V. Nouvelle-Irlande.
Q257785	IRMAK, mot arabe (signif. fleuve) qui entre dans la composition des noms de différents fleuves d'Asie-Mineure et d'Anatolie, dont les principaux sont : le Kizil-Irmak (v. ce mot), et le Iékil-Irmak, fleuve d'Anatolie (400 kil.).
Q76386	IRMINSUL ou IRMINO, idole des anciens Saxons, qui lui avaient élevé une statue sur la montagne d'Eresberg, sous les traits d'Arminius.
Q208962	IROISE (canal des Irois ou Irlandais ou), passage entre les îles de Sein et d'Ouessant. Dangereux et nombreux écueils.
Q68518	IROQUOIS [koi], nom général donné par les Européens à six groupes d'indiens Peaux-Rouges établis au S.-E. des lacs Erié et Ontario.
Q128102	IRTYCH, riv. de Sibérie, affl. de l'Obi ; 3.712 kil.
Q200201	IRUN, v. d'Espagne, prov. de Guipuzcoa, sur la Bidassoa ; 7.800 h.
Q1774629	IRVINE, v. d'Ecosse, comté d'Ayr, près de la Clyde ; 8.000 h.
Q181667	IRVING [vin'gh'] (Washington), écrivain américain, né à New-York, auteur d'ouvrages historiques, d'esquisses, nouvelles, etc., d'une haute valeur. Son œuvre principale est une Histoire de Christophe Colomb (1783-1859).
Q671872	ISAAC, fils d'Abraham et de Sara, père de Jacob et d'Esaü (Bible).
Q41643	ISAAC Ier, Comnène, empereur d'Orient de 1057 à 1059 ; — Isaac II, l'Ange, empereur en 1185, détrôné par son frère Alexis en 1195, rétabli en 1203 par les Croisés et renversé de nouveau six mois après (1204).
Q154064	ISABEAU [bô] DE BAVIÈRE, fille d'Etienne II, duc de Bavière, reine de France, femme de Charles VI. Frivole et cupide, plusieurs fois régente pendant la folie de son mari, elle livra la France aux Anglais (traité de Troyes, 1420) et mourut méprisée des Anglais comme des Français (1371-1435).
Q236952	ISABELLE ou ÉLISABETH (sainte), sœur de saint Louis, fondatrice du monastère de Longchamp (1224-1270).
Q228642	ISABELLE DE FRANCE, fille de Philippe le Bel ; épousa Edouard II, roi d'Angleterre (1292-1358).
Q45859	ISABELLE Ire, la Catholique, reine de Castille. Son mariage avec Ferdinand d'Aragon réunit sous le même sceptre les couronnes d'Aragon et de Castille et facilita l'unité de l'Espagne, qui fut complétée par la chute du royaume maure de Grenade en 1492. Elle favorisa l'inquisition et soutint constamment son ministre Ximénès (1451-1504). V. Ferdinand.
Q931502	Isabelle la Catholique (Ordre royal d'), institué en Espagne par Ferdinand VII, en 1815. Ruban blanc moiré, avec une raie jaune de chaque côté.
Q183085	ISABELLE II (Marie-Louise), fille de Ferdinand VII, né à Madrid, reine d'Espagne en 1833, détrônée en 1868 par la guerre civile (1830-1904).
Q551132	ISABEY [bè] (Jean-Baptiste), peintre miniaturiste français, né à Nancy (1767-1855). Il fut le peintre favori et inimitable des Incroyables et de la société impériale. — Son fils, Eugène-Louis-Gabriel, né à Paris, peintre d'histoire et de paysage (1804-1886).
Q188794	ISAÏE, conseiller du roi d'Israël Ezéchias, le premier des quatre grands prophètes juifs ; auteur du Livre d'Isaïe, remarquable par la vigueur du style et l'éclat de la poésie ; né vers 774, m. vers 690 av. J.-C.
Q347268	ISAMBERT [i-zan-bèr] (François-André), jurisconsulte et homme politique français, né à Aunay (1792-1857).
Q106588	ISAR, riv. d'Allemagne, née dans le Tyrol, elle arrose Munich et se jette dans le Danube (r. dr.) ; 350 kil.
Q2980546	ISAURE [i-zô-re] (Clémence), dame toulousaine, qui aurait vécu au xve siècle et aurait fondé les Jeux floraux. La critique moderne a démontré la fausseté de cette légende.
Q914218	ISAURIE [zô-rî], ancienne contrée de l'Asie Mineure, dans les montagnes du Taurus. Séleucie fut sa ville principale.
Q171031	ISBARTA, v. d'Asie Mineure, prov. de Konieh, sur l'Aléosa, 20.000 h. Vignobles.
Q313238	ISBOSETH, fils de Saül. Après deux ans de règne il fut tué par Rochab et Baana.
Q81018	ISCARIOTE, surnom donné à l'apôtre Judas qui était né à Iscarioth.
Q189387	ISCHIA [is-ki-a], île volcanique d'Italie, à l'entrée du golfe de Naples. La comm. d'Ischia a 6.500 h. (Ischiotes), et l'île 25.000 h. Ruinée par un tremblement de terre en 1883.
Q365097	ISÉE [i-zé], orateur grec. Il tint à Athènes une école de déclamation, où il eut pour élève Démosthène (ive s. av. J.-C.).
Q2083652	ISELIN (Henri-Frédéric), statuaire français, né à Clairegoutte (Haute-Saône) [1826-1905].
Q15648	ISEO (lac d'), lac d'Italie en Lombardie, traversé par l'Oglio. Tire son nom de la petite ville d'Iseo, sur ses bords (2.500 h.).
Q547474	ISERAN, massif et col des Alpes Grées. Le col (2679 m.) fait communiquer les vallées françaises de l'Arc et de l'Isère.
Q201341	ISÈRE, riv. de France, arrose Moutiers, Grenoble, et se jette dans le Rhône (riv. g.) ; 290 kil.
Q12559	ISERE, dép. formé par divers pays du Dauphiné ; préf. Grenoble ; s.-préf. Saint-Marcellin, La Tour-du-Pin, Vienne ; 4 arr., 45 cant., 563 comm., 569.000 h. (Isèrois ou Iserans). 14e région militaire ; cour d'appel et évêché à Grenoble. Ce dép. doit son nom à la riv. qui le baigne.
Q1130	ISERLOHN, v. de Prusse (Westphalie), sur la Baar ; 27.000 h. Métallurgie.
Q166876	ISIDORE (saint), né à Carthagène, évêque de Séville, savant prélat du moyen âge (560-636). Il donna à l'Eglise d'Espagne son organisation définitive. Fête le 4 avril.
Q567956	ISIGNY, ch.-l. de c. (Calvados), arr. de Bayeux ; 2.600 h. Ch. de f. O. Beurre renommé.
Q97368715	ISIGNY, ch.-l. de c. (Manche), arr. de Mortain ; 320 h.
Q79876	ISIS [i-ziss], déesse des Egyptiens, qui l'appelaient Saît ou Tsît, sœur et femme d'Osiris, mère d'Horus. Déesse de la médecine, du mariage, de la culture du blé, etc., elle personnifie la première civilisation égyptienne.
Q3084062	Isis, opéra de Quinault et l'une de ses principales tragédies lyriques ; musique de Lulli (1677).
Q344093	ISKELIB, v. de la Turquie d'Asie (prov. de Kastamouni, non loin de l'Ak-Tchaï) ; 10.000 h.
Q432	ISLAM, Islamisme ou Mahométisme, nom donné à la religion des musulmans ou mahométans. L'Arabie fut le berceau de l'islamisme ; le Coran, œuvre de Mahomet, fut son point de départ. Après la mort du prophète il s'étendit en Asie et sur les rivages de la Méditerranée, des bords de l'Indus aux rivages de l'Atlantique. Théocratique avec les quatre premiers califes orthodoxes, l'islam devient une monarchie militaire avec les Ommiades de Damas et les Abbassides de Bagdad ; mais la constitution des dynasties locales en Perse (Saffarides, Bouiides, Ghaznévides, Seldjoukides) détruit peu à peu la puissance du califat, qui disparaît en 1242 ; chacun des pays musulmans vit désormais indépendant, tandis que l'islam s'étend peu à peu à l'ouest et au sud sur les confins de la Chine, l'Inde, l'Afrique centrale. A l'occident la bataille de Poitiers, gagnée par Charles Martel, avait arrêté dès 732 les progrès des musulmans ; mais ceux-ci ne furent expulsés d'Espagne qu'au xve siècle, tandis que se fondait le puissant empire turc de Constantinople. Depuis ce temps, le domaine de l'islam est resté à peu près stationnaire, offrant les obstacles les plus redoutables surtout en Afrique, au progrès de la colonisation européenne. C'est pour mieux comprendre le texte sacré que les premiers croyants fondèrent la grammaire ; c'est du Coran que sortit la jurisprudence ; c'est enfin dans le Coran que les institutions politiques et sociales trouvèrent le point d'appui de leur développement. L'organisation de l'Etat musulman était la suivante : au sommet de la hiérarchie, un calife, chef des croyants, ayant droit de vie et de mort sur ses sujets, juge suprême dans les questions de dogme ; au-dessous des ministres (dont le premier avait le titre de vizir), des ommâl pour représenter le chef des croyants dans les provinces, des généraux chargés de le défendre contre les infidèles, des câdis pour assurer le bon fonctionnement de justice, des imâns chargés de réciter à la mosquée les cinq prières quotidiennes. Le droit musulman a une base essentiellement religieuse. Les codes s'occupent de la purification, de la prière légale, des funérailles, de la dîme et de l'aumône, du jeûne légal, du pèlerinage à la Mecque, des transactions commerciales, des successions, du mariage et du divorce, de la foi, des délits, de la justice, du pouvoir temporel et spirituel, des rapports du sujet avec son souverain, etc. Il y a donc, dans ces livres, à la fois des matières civiles et religieuses ; celles-ci pénètrent les premières et les expliquent. Le monde musulman a eu ses lexicographes, ses grammairiens, ses poètes, ses historiens, ses voyageurs, ses géographes, ses astronomes, ses mathématiciens ; seules les sciences physiques, chimiques et naturelles demeurèrent sans représentants dignes d'être notés.
Q189	ISLANDE, grande île danoise de l'Europe, dans l'océan Glacial arctique ; 104.785 kil. car. ; 78.500 h. (Islandais). Capit. Reykjavik. Sol volcanique, accidenté ; côtes très découpées. Climat humide, très brumeux, peu d'agriculture. Gisements de spath, cuivre, plomb. Volcans (Oërafa, Oskjadja, Hékla) et geysers. Aux environs, pêcheries importantes.
Q935535	ISLE [i-le], riv. de France, qui naît sur les bas plateaux du Limousin, arrose Périgueux, reçoit la Dronne et se jette dans la Dordogne (riv. dr.), à Libourne ; 235 kil.
Q911450	ISLE-ADAM (L') [lî-la-dan], ch.-l. de c. (Seine-et-Oise), arr. de Pontoise ; sur l'Oise ; 3.700 h. (Islois). Ch. de f. N. Patrie de Villiers de l'Isle-Adam.
Q1163737	ISLE-EN-DODON (L') [lî-lan], ch.-l. de c. (Haute-Garonne), arr. de Saint-Gaudens, sur la Save ; 2.300 h. (Islois).
Q1409781	ISLE-JOURDAIN (L') [lî-le-jour-din], ch.-l. de c. (Vienne), arr. de Montmorillon, sur la Vienne ; 1.200 h. (Islois).
Q735931	ISLE-JOURDAIN (L'), ch.-l. de c. (Gers), arr. de Lombez, sur la Save ; 4.200 h. (Islois). Ch. de f. M. Chevaux, bestiaux, volailles. Patrie du prédicateur Anselme.
Q504204	ISLE-SUR-LA-SORGUE (L') [lî-le] ch.-l. de c. (Vaucluse), arr. d'Avignon ; 6.500 h. (Islois). Ch. de f. P.-L.-M.
Q922699	ISLE-SUR-LE-DOUBS (L') [lî-le, dou], ch.-l. de c. (Doubs), arr. de Baume-les-Dames, sur le Doubs et le canal du Rhône au Rhin ; 2.600 h. (Islois). Ch. de f. P.-L.-M.
Q124868	ISLE-SUR-SEREIN (L') [lî-le, rin], ch.-l. de c. (Yonne), arr. d'Avallon, sur le Serein ; 900 h. (Islois).
Q60847126	ISLY [is-li], riv. d'Algérie, affl. de la Tafna ; sur ses bords, le maréchal Bugeaud vainquit les Marocains le 14 août 1844.
Q183403	ISMAËL, fils d'Abraham et d'Agar, ancêtre des Ismaélites ou Arabes (Bible). V. Agar.
Q147739	ISMAÏL ou SMIL, v. de Russie (Bessarabie), sur le Danube ; 32.000 h.
Q214559	ISMAÏL Ier, roi de Perse, fondateur de la dynastie des Séfévis ou Sofis (1485-1523). — Ismaïl II, roi de Perse, m. en 1577.
Q217156	ISMAÏLIA, v. d'Egypte sur le lac Timsah et le canal de Suez ; 4.000 h.
Q159378	ISMAÏL-PACHA, né au Caire, khédive d'Egypte de 1863 à 1879. Sous son règne eut lieu le percement de l'isthme de Suez. Les puissances l'obligèrent à abdiquer (1830-1895).
Q17379669	Ismen, personnage de la Jérusalem délivrée, l'enchanteur sarrasin.
Q753902	ISMÈNE, fille d'Œdipe et de Jocaste, sœur d'Antigone (Myth.).
Q129649	ISMID, v. de la Turquie d'Asie (prov. de Constantinople), sur la mer de Marmara ; 20.000 h. Soie. Arsenal maritime.
Q1344594	ISNARD [is-nar] (Maximin), conventionnel girondin, né à Grasse, un des Cinq-Cents ; il rentra dans la vie privée au 18-Brumaire (1755-1825).
Q221182	ISOCRATE, orateur athénien. Il professa l'éloquence à Athènes, prêcha l'union de tous les Grecs contre la Perse, ne reculant même pas devant l'alliance de la Macédoine, dont il ne sentait pas les dangers. Les événements lui ayant donné un cruel démenti, il se laissa mourir de faim après la bataille de Chéronée, pour ne plus survivre à l'asservissement de la Grèce (436-338 av. J.-C.). On lui doit entre autres discours, un magnifique Panégyrique d'Athènes.
Q202760	ISONZO, fl. d'Autriche, qui naît dans le massif alpestre du Terglou, arrose Goritz, Gradiska, et se jette dans le golfe de Trieste ; 180 kil.
Q42053	ISPAHAN ou ISFAHAN, v. de la Perse, dont elle fut longtemps la capitale ; 80.000 h. Ch. de la prov. de l'Irak-Adjémi.
Q230407	ISRAËL (royaume d'), un des deux royaumes qui se formèrent en Palestine après la mort de Salomon, et qui comprenait dix tribus. V. Palestine.
Q106915844	Israël (Histoire du peuple d'), par E. Renan (1887-1893). L'auteur a cherché à reconstituer l'histoire politique et sociale du peuple juif à l'aide d'hypothèses ingénieuses.
Q51669	ISRAÉLITES, descendants de Jacob ou Israël, appelés aussi Juifs ou Hébreux.
Q528460	ISRAËLS (Joseph), peintre hollandais, né à Groningue en 1824. Il a excellé dans la peinture des pauvres gens et les milieux populaires.
Q651256	ISSACHAR [kar], l'un de douze fils de Jacob, qui donna son nom à l'une des douze tribus (Bible).
Q202124	ISSIGEAC (jak), ch.-l. de c. (Dordogne), arr. de Bergerac, sur la Banège, affl. du Drot ; 800 h. Ch. de f. Orl. Vignobles.
Q42191	ISSIK-KOUL, grand lac de l'Asie centrale (Turkestan russe) ; 5.780 kil. carrés.
Q133824	ISSOIRE, ch.-l. d'arr. (Puy-de-Dôme), sur la Couze, affl. de l'Allier ; ch. de f. P.-L.-M. ; 48 kil. S. de Clermont ; 5.800 h. (Issoriens). Patrie du chancelier Duprat. L'arr. a 9 cant., 117 comm., 88.500 h.
Q210772	ISSOUDUN, ch.-l. d'arr. (Indre), sur la Théols, s.-affl. du Cher ; ch. de f. Orl., à 28 kil. N.-E. de Châteauroux ; 14.500 h. (Issoldunois ou Issoudunois). L'arrond. a 4 cant., 49 comm., 63.800 h.
Q55345	IS-SUR-TILLE [ll mll.], ch.-l. de c. (Côte d'Or), arr. de Dijon ; 1.750 h. Ch. de f. P.-L.-M. et E. Filature, fer.
Q1360503	ISSUS [i-suss], ancienne ville de l'Asie Mineure (Cilicie), au fond du golfe Issique, où Darius Codoman fut vaincu par Alexandre le Grand en 333 av. J.-C., et où Septime Sévère battit Pescennius Niger en 194 ap. J.-C.
Q135265	ISSY-LES-MOULINEAUX [nô] comm. du dép. de la Seine, arr. de Sceaux, sur la Seine ; 16.500 h. (Issisois).
Q832690	ISSY-L'ÉVÊQUE, ch.-l. de c. (Saône-et-Loire), arr. d'Autun ; 2.100 h.
Q826488	ISTALIF, v. d'Afghanistan, sur les flancs du Paghmân oriental ; 18.000 h.
Q406	ISTAMBOUL. V. Constantinople.
Q1653	ISTER [is-tèr], nom ancien du Danube.
Q675181	Isthmiques (jeux) jeux solennels de la Grèce, qui se célébraient à l'isthme de Corinthe en l'honneur de Poséidon (Neptune).
Q19175126	Isthmiques, odes de Pindare, consacrées aux vainqueurs des jeux Isthmiques.
Q147243	ISTIB, v. de la Turquie d'Europe, en Macédoine, sur un affluent du Vardar ; 12.000 h.
Q203759	ISTRES, ch.-l. de c. (Bouches-du-Rhône), arr. d'Aix, sur l'étang de Berre ; 3.500 h. (lstrens, au fém. Istrenques). Salines, soude. Ch. de f. P.-L.-M.
Q639912	ISTRIE, pays d'Autriche, presqu'île triangulaire, au sol calcaire, baignée par l'Adriatique, qui y forme le golfe du Quarnero ; 345.000 h. (Istriens). v. princip. Trieste.
Q38	ITALIE, roy. de l'Europe méridionale. I. Géographie. L'Italie a la forme d'une botte, dont la pointe, opposée à la Sicile, serait tournée vers le détroit de Messine. C'est une vaste péninsule bornée au N. par les Alpes, qui la séparent de la France, de la Suisse et de l'Autriche ; à l'O., par la Méditerranée ; au S., par la mer Ionienne ; à l'E., par la mer Adriatique. Elle est arrosée par divers fleuves, dont les plus importants sont le Pô, dont la fertile vallée forme, au pied des Alpes, la Lombardie ; l'Adige, l'Arno et le Tibre. Ses principaux lacs sont : les lacs Majeur, de Côme, d'Iseo, de Garde, de Trasimène ou de Pérouse, de Bolsena. Des caps nombreux découpent ses côtes, le long desquelles sont des îles parfois importantes (la Sicile, la Sardaigne, l'île d'Elbe, Ischia, etc.). Les montagnes qui forment le relief de la péninsule (sont les Alpes au N., et les Apennins, qui la sillonnent du N. au S. Ces montagnes la divisent en trois versants principaux : Méditerranée, Adriatique et mer Ionienne. La superficie est de 286.680 kil. carr. ; la population de 33.220.000 h. (Italiens). Le climat est chaud et relativement sec. Les principales productions de la péninsule sont : le fer, le soufre, le marbre, le riz, le vin, l'huile. L'Italie est une monarchie constitutionnelle. Le pouvoir exécutif appartient au roi et à ses ministres, le pouvoir législatif à deux Chambres. Le royaume est divisé en 69 province ; la capitale est Rome. II. Histoire. L'histoire de l'Italie se confond avec l'histoire même de Rome (v. ce mot) jusqu'en 395. A cette époque, lors du partage de l'empire par Théodose, l'Occident, dans lequel était enclavée l'Italie, échut à Honorius. Survinrent les invasions barbares : Odoacre se proclama roi de la péninsule en 476, après avoir mis fin à l'empire d'Occident en détrônant Romulus Augustule, le dernier empereur. En 493, Théodoric conquit avec ses Ostrogoths toute l'Italie, mais, à sa mort, la décadence du vaste empire qu'il avait fondé fut rapide. A la domination des Goths succéda celle des empereurs de Byzance, qui se firent représenter en Italie par un exarque siégeant à Ravenne. Dès 568 les Lombards, conduits par Albion, envahirent la péninsule et la partagèrent en un certain nombre de duchés, partage qui prépara le régime de la féodalité en Italie. Ce pays comptait alors trois capitales : Pavie, siège de la domination lombarde ; Ravenne, siège de l'exarchat byzantin ; Rome, résidence des papes. Au viiie siècle, grâce à la protection des souverains carolingiens, se constituait l'Etat pontifical. Au xiie siècle, les papes et les villes lombardes s'unirent contre l'Allemagne, mais lorsque les guelfes eurent triomphé des gibelins, l'Italie, délivrée des empereurs, demeura en proie aux rivalités locales. Florence, Pise, Lucques, Gênes, Venise, républiques puissantes, dominaient en Lombardie. Au S., le royaume de Naples était disputé entre Français, Aragonais et Allemands. Au xve et au xvie siècle, pendant les guerres d'Italie, la péninsule servit de champ de bataille aux Français, aux Espagnols, aux Allemands ; finalement, la France, au traité de Cateau-Cambrésis, renonça à ses prétentions au delà des Alpes, et les Espagnols, héritiers de Charles-Quint en Italie, restèrent les maîtres, et cela pendant deux siècles. Les efforts des princes étrangers imposés à l'Italie par les traités d'Utrecht (1713), de Rastadt (1714), de Vienne (1738), etc. ne purent lui donner ce qui lui manquait : l'unité. Cependant, il se formait dans le nord de l'Italie, une domination plus puissante que les autres, celle des ducs, puis des rois de Savoie, qui étendaient peu à peu leur autorité sur le Piémont, la Lombardie et la Sardaigne. Les guerres de la Révolution aboutirent, en 1797, à la fondation de la république Cisalpine, qui devint en 1806 le royaume d'Italie, mais les traités de 1815 rendirent la Lombardie à l'Autriche, qui, malgré des tentatives d'insurrection nationale, poursuivies avec l'appui des rois de Sardaigne, conserva cette conquête jusqu'à ce que Napoléon III la lui enlevât en 1859, à la suite d'une courte guerre, pour la donner au roi de Sardaigne. Cette date marque le début d'une nouvelle période pour l'Italie, dont l'unité, préparée par Cavour, presque réalisée par la conquête du royaume de Naples et de l'Etat pontifical par Garibaldi, fut définitivement achevée en 1870 par Victor-Emmanuel, dont les armées occupèrent Rome. Depuis cette date, l'Italie n'a cessé de développer ses ressources économiques et militaires, malgré une tentative malheureuse de colonisation en Abyssinie. Elle est entrée dans la triple alliance, mais le souci de ses intérêts commerciaux l'a de nouveau poussée à se rapprocher de la France.
Q3973880	Italie (Histoire d'), par Guichardin (1561). C'est le récit, impartial et en quelque sorte impersonnel, des événements dont l'Italie fut le théâtre de 1490 à 1534.
Q106916009	Italie (Voyage en), par H. Taine (1866). Très belles descriptions dans un style éclatant et concis, parfois un peu tendu.
Q589932	Italienne à Alger (L'), opéra-bouffe, poème d'Arelli, musique de Rossini (1813) ; partition d'une gaieté franche et vive.
Q1581237	Italiens [li-in] (théâtre des), ancien théâtre de Paris, consacré au répertoire des maîtres italiens (drame ou opéra).
Q2755872	ITALIOTES, nom général qu'on donne aux populations primitives de l'Italie centrale : Latin Ombriens, Samnites, etc.
Q191359	Italique (école), nom donné à l'école de Pythagore, qui enseigna longtemps en Italie.
Q71266	I-TCHANG, v. de la Chine (Hou-Pé), sur le Yang-tsé-Kiang ; 40.000 h. Important commerce ; port fluvial ouvert aux Européens.
Q187471	ITHAQUE, une des îles Ioniennes, aujourd'hui Thiaki ou Théaki. D'après les poèmes homériques, Ulysse y régnait quand il partit pour le siège de Troie. Après la prise de la ville, il voulut revenir près de Pénélope ; mais Neptune, irrité, le tint errant pendant dix ans sur les flots, lui présentant constamment, par une sorte de mirage, l'image de sa chère Ithaque, qui s'éloignait au moment où il espérait y aborder. (V. Odyssée.) On compare à Ithaque une chose ardemment désirée, que l'on poursuit et qui échappe au moment où l'on se croit sur le point de la saisir.
Q602538	ITHOME (mont), mont fortifié situé en Messénie. Il fut longtemps le siège de la résistance que les Messéniens opposèrent aux Lacédémoniens.
Q3825645	Itinéraire de la Grèce, par Pausanias, le répertoire archéologique le plus utile que l'antiquité nous ait laissé.
Q3155952	Itinéraire de Paris à Jérusalem, un des ouvrages les plus intéressants et les plus instructifs de Chateaubriand, un de ceux où l'Orient a été le mieux peint sous tous les rapports (1811).
Q1242878	ITON, riv. de France, qui arrose Evreux et se jette dans l'Eure (riv. g.) ; 118 kil.
Q133808	ITURBIDE (don Agostin), général mexicain, né en 1783. Il se fit proclamer empereur en 1821 et fut fusillé en 1824, après avoir été déposé l'année précédente.
Q1514777	ITURÉE, pays de l'ancienne Asie, au N.-E. de la Palestine. (Hab. Ituréens.)
Q16073	ITZEHŒ, v. de Prusse (Slesvig), sur la Stör ; 13.000 h.
Q655566	IULE, autre nom d'Ascagne, fils d'Enée, dont la famille Julia, à Rome prétendait descendre.
Q185316	IVAN Ier, grand-duc de toutes les Russies de 1328 à 1341 ; — Ivan II, son fils, grand-duc de 1333 à 1359 ; — Ivan III, grand-duc de Russie, surnommé le Bon ; il ruina la domination tartare et régna de 1462 à 1505 ; — Ivan IV, le Terrible, prit le premier le titre de tsar mérita le surnom de « Grand rassembleur de la terre russe », et régna de 1533 à 1584 ; — Ivan V, tsar de 1682 à 1689 ; — Ivan VI, tsar en 1740, détrôné par Elisabeth et mis à mort sous le règne de Catherine II, en 1764.
Q840974	Ivanhoë, roman historique de Walter Scott, une des plus brillantes compositions du romancier, où est mise en lumière la rivalité entre Saxons et Normands, qui a suivi la conquête de l'Angleterre par Guillaume le Conquérant (1820).
Q2630	IVANOVO-VOSENENSK, v. de Russie (gouv. de Vladimir), sur l'Ouvod ; 21.000 h.
Q52631	IVIZA. V. Ibiza.
Q497656	IVORY (James), mathématicien anglais, né à Dundee (Ecosse) [1765-1842].
Q9409	IVRÉE, v. d'Italie (prov. de Turin), sur la Doire Baltée ; 11.000 h. Vins, soie.
Q381493	IVRY-LA-BATAILLE, bourg du dép. de l'Eure, arr. d'Evreux, sur l'Eure ; 1.000 h. (Ivryens). Henri IV y vainquit Mayenne et les ligueurs en 1590. C'est avant la bataille d'Ivry qu'Henri IV prononça la harangue célèbre : « Si vous perdez vos enseignes, cria-t-il à ses troupes, ralliez-vous à mon panache blanc : vous le trouverez toujours au chemin de l'honneur et de la victoire. »
Q193877	IVRY-SUR-SEINE, comm. du dép. de la Seine, arr. de Sceaux ; 28.600 h. (Ivryens). Ch. de f. Orl. Industries nombreuses et variées ; forges et aciéries importantes ; hospice d'incurables.
Q208713	IXELLES, un des principaux faubourgs de Bruxelles ; 53.000 h. verreries, porcelaine ; musées.
Q271891	IXION [ik-si-on], roi des Lapithes, auquel Jupiter avait accordé un asile dans l'Olympe. Ayant manqué de respect à Junon, il fut précipité par le maître des dieux dans le Tartare et condamné à tourner éternellement une roue entourée de serpents. Il fut l'ancêtre des Centaures. (Myth.)
Q242639	IZERNORE, ch.-l. de c. (Ain), arr. de Nantua, sur l'Anconnans ; 900 h. Soieries, commerce de bois ; restes gallo-romains.
