Q29466	Kaaba, petit édifice carré qui se trouve dans la principale mosquée de La Mecque, et vers lequel se tournent les musulmans en prières.
Q924833	KAARTA, pays de l'Afrique-Occidentale française, sur la r. dr. du Sénégal ; 300.000 h. environ. Ch.-l. Nioro.
Q1678011	KABLÉ (Jacques), homme politique alsacien, né à Brumath (1830-1887).
Q5838	KABOUL ou CABOUL, capit. de l'Afghanistan, sur la rivière de Kaboul, affl. de l'Indus ; 60.000 h. Forte citadelle.
Q46178	KABYLIE, partie de l'Algérie à l'E. d'Alger, dans les dép. d'Alger et de Constantine. Elle se divise en Grande Kabylie et Petite Kabylie. Le Djurdjura est dans la Grande Kabylie. Les principaux cours d'eau sont l'Isser, le Sahel et le Sebaou. Les Kabyles, sédentaires et agriculteurs, sont de race berbère.
Q240475	KÂCHAN, v. de Perse (Irak-Adjemi), au centre du plateau de l'Iran ; 70.000 h.
Q170521	KACHGAR, v. du Turkestan chinois, sur le Kachgar-Daria ; 50.000 h. Commerce important.
Q189326	KADJARS, dynastie turcomane qui occupe le trône de Perse depuis 1786.
Q4135566	KAFFA. V. Caffa.
Q1377990	KAFFA, prov. d'Ethiopie, au S. du Choa. C'est la patrie du café.
Q1721082	KÂFIRISTAN, pays situé dans la vallée de l'Hindou-Kouch, au N. de l'Afghanistan ; 200.000 h.
Q15674	KAGOSIMA, v. et port du Japon, dans l'île de Kiou-Siou ; 60.000 h.
Q208471	KAÏ-FOUNG, v. de la Chine centrale, ch.-l. du Ho-Nan ; 100.000 h. environ.
Q2346358	KAÏNARDJI. V. Koutchouk.
Q179570	KAIROUAN, v. de Tunisie ; 25.000 h. (Kairouannais). Occupée par les Français en 1881.
Q48338	KAISARIÈH, v. de la Turquie d'Asie (Anatolie), sur un affl. du Kara-Sou ; 72.000 h. C'est l'ancienne Césarée (Cæsarea).
Q83485	KAISERSBERG, anc. ch.-l. de c. (Haut-Rhin), cédé à l'Allemagne en 1871 ; 2.700 h. Vignoble.
Q3758	KAISERSLAUTERN, v. de la Bavière rhénane, près de la Lauter ; 48.000 h.
Q47700	KALAHARI (désert de), entre le lac Ngami et le fleuve Orange (Afrique méridionale).
Q167895	KALAMATA, v. et port de Grèce (Messénie), sur le Nedon ; 4.000 h.
Q58650	KALGAN, v. de Chine (Pétchili), sur le tracé de la Grande Muraille ; 70.000 h. environ.
Q216161	KALGOUIEV, île russe de l'océan Glacial arctique, au N. de la Russie. Chasse des oiseaux de mer et des animaux à fourrure.
Q7011	KALIDASA ou CALIDASA, poète sanscrit du ier siècle av. J.-C., auteur de deux beaux drames : Sakountala et Ourvaçi.
Q52842	KALISZ, v. de Russie (Pologne), sur la Prosna, près de la frontière de Prusse ; 22.000 h. En 1813, l'empereur de Russie et le roi de Prusse y conclurent un traité d'alliance contre Napoléon. — Le gouv. a 847.000 h.
Q372718	KALKBRENNER, nom de deux musiciens allemands : Chrétien (1755-1806) et Frédéric-Guillaume (1784-1849).
Q190209	KALMOUKS, peuple bouddhiste de la Mongolie, dont la plus grande partie est tributaire de la Russie.
Q694698	KALNOKY (Gustave de), homme d'Etat autrichien, né à Lettowitz (1832-1898).
Q2837	KALOUGA, v. de la Russie, ch.-l. du gouvernement de Kalouga ; sur l'Oka ; 50.000 h. — Le gouv. a 1.132.000 h.
Q79082	KAMA (la), riv. de la Russie orientale, née dans les monts Ouvalli, affl. du Volga (r. g.) ; 1.280 kil.
Q193965	KAMENETZ, v. de Russie (Podolie) ; 35.000 h.
Q10014	KAMPEN [pèn], v. forte de la Hollande, prov. d'Over-Yssel ; sur l'Yssel ; 19.000 h.
Q993	KAMTCHATKA, péninsule montagneuse de la Sibérie orientale, entre les mers de Behring et d'Okhotsk ; 10.000 h. (Kamtchadales).
Q431382	KANA. V. Cana.
Q365201	KANARIS [riss] (Constantin), intrépide marin grec, qui s'immortalisa dans la guerre de l'indépendance (1790-1877).
Q191130	KANAZAVA ou ISIKAVA, v. du Japon (Nippon) sur l'Asano-Gava ; 84.000 h.
Q45604	KANDAHAR, ville de l'Afghanistan central, près de l'Arghandab ; 50.000 h.
Q1139762	KÂNEM [nèm'], pays du Soudan au N.-E. du Bornou ; cap. Mao. Sous le protectorat de la France.
Q19491	KANH-HOA ou KHA-TRANG, v. d'Annam au S. de Hué, non loin de la côte ; 6.000 h.
Q656982	KANNSTADT ou CANNSTADT, v. d'Allemagne (Wurtemberg) ; 26.500 h. Filatures ; vignobles. Eaux minérales. Victoire des Français sur les Autrichiens (1796).
Q182984	KANÔ, v. du Soudan (colonie angl. du Niger) ; 100.000 h. Grand commerce ; cotonnades.
Q1367638	KANSAS [sass] (le), riv. des Etats-Unis, affl. du Missouri (r. dr.) ; environ 1.000 kil.
Q1558	KANSAS, un des Etats unis de l'Amérique ; 1.470.000 h. Capit. Topeka.
Q41819	KANSAS-CITY, v. du Missouri (Etats-Unis) ; sur le Missouri ; 164.000 h.
Q42392	KAN-SOU, prov. de Chine, près du Turkestan russe ; 10.500.000 h. Ch.-l. Lan-Tchéou.
Q9312	KANT [kan't'] (Emmanuel), célèbre philosophe allemand, né à Kœnigsberg, auteur de la Critique de la raison pure, de la Critique de la raison pratique et de la Critique du jugement, trois traités très estimés. Il entreprit de réformer l'ensemble de nos connaissances. Partant du doute, il reconstitue la certitude au moyen de la raison pratique, et conclut à la loi du devoir, à l'existence de Dieu et à l'immortalité de l'âme (1724-1804).
Q33629	KARA (mer de), formée par l'océan Glacial arctique entre la Nouvelle-Zemble et le continent. Elle tire son nom de son principal tributaire, la petite rivière Kara.
Q239379	KARA-BOGHAZ, golfe, peu profond et en voie de dessèchement, sur la côte E. de la mer Caspienne.
Q317578	KARAGEORGEVITCH [jor] (Alexandre), prince de Serbie de 1842 à 1858, fils de Karageorges (1806-1885). V. Czerny.
Q211827	KARAGEORGEVITCH (Pierre). V. Pierre Ier, roi de Serbie.
Q5469	KARAKORUM ou KARAKORAM, chaîne de montagnes du centre de l'Asie, à l'O. du plateau du Thibet.
Q609840	KARAKOUL, v. de Boukharie ; 12.000 h.
Q1469100	KARAMANIE, pays de l'Asie Mineure méridionale. Au xive s., elle forma une principauté turque, avec Laranda (auj. Karaman, 7.500 h.) pour capitale.
Q191598	KARAMZIN (Nicolas), historien russe, auteur d'une remarquable Histoire de Russie (1765-1826).
Q161750	KARANGOLAK, un des sommets principaux de de l'Asie centrale, près du Pamir ; 7.300 m.
Q251019	KARA-SOU (rivière noire), nom que portent de nombreuses rivières de la Turquie, de l'Asie mineure et de l'Asie centrale.
Q8660	KARATCHÎ ou KURRACHEE, v. maritime de l'Inde (présid. de Bombay), sur une baie de la mer d'Oman ; 117.000 h. Commerce important de coton et céréales.
Q277258	KARIKAL, v. de l'Hindoustan, sur la côte de Coromandel ; à la France ; 93.000 h. (Karikalais).
Q522862	KARNAK. V. Carnac.
Q1122041	KARNATIC [tik], partie de la Présidence de Madras située le long de la côte de Coromandel.
Q1288	KARPATHES ou CARPATHES, chaîne de montagnes de l'Europe centrale, au-dessus des plaines de la Hongrie et du plateau de Transylvanie ; ils commencent non loin de Vienne, au-dessus de Presbourg, et aboutissent aux Portes-de-Fer sur le Danube ; 1.450 kil. de longueur.
Q186221	KARR (Alphonse), littérateur français, né à Paris, écrivain satirique et humoristique, auteur de Sous les Tilleuls et des pamphlets mensuels : les Guêpes (1808-1890).
Q127063	KARS ou CARS, v. forte de l'Arménie russe, sur l'Arpa-Tchaï ; 12.000 h. Les Russes l'ont prise trois fois, en 1828, en 1855 et en 1878. — La prov. a 290.000 h.
Q625139	KARST (le), région de plateaux calcaires (Autriche), entre la Carniole et l'Istrie.
Q25409	KASCHAU, KASSA ou CASSOVIE, v. de Hongrie, sur le Hernad, affl. du Danube ; 30.000 h.
Q16510018	KASR-SAÏD, village de Tunisie, où fut signé, en 1881, le traité établissant notre protectorat sur la Tunisie.
Q17396881	KASSABA, v. de la Turquie d'Asie, prov. d'Aïdin, 24.000 h. Coton.
Q155915	KASTAMOUNI, v. de la Turquie d'Asie (Anatolie), ch.-l. de la prov. de même nom ; 40.000 h.
Q441628	KATKOF (Michel), publiciste russe, né à Moscou, l'un des apôtres les plus ardents du panslavisme (1818-1887).
Q207324	KATTAK, v. de l'Hindoustan (Bengale) ; 51.000 h.
Q131716	KATTEGAT. V. Cattégat.
Q123098	KAUFFMANN [ka-ou] (Angélica), femme peintre de la Suisse (1741-1807).
Q604107	KAULBACH [ka-oul] (Guillaume de), peintre allemand (1805-1874).
Q279924	KAUNITZ (Venceslas-Antoine, prince de), homme d'Etat autrichien sous Charles VI et Marie-Thérèse. Il signa le traité d'Aix-la-Chapelle (1748) et s'allia avec la France durant la guerre de Sept ans (1711-1794).
Q187352	KAVALA, v. maritime de la Turquie d'Europe, au fond du golfe ancien de Pieris, en face de l'île de Thasos ; 5.000 h. C'est l'antique Néopolis.
Q325164	KAYES [ka-î], ch.-l. de cercle du Haut-Sénégal-Niger (Afrique-Occidentale française), sur le Sénégal ; 10.000 h. Ch. de f. vers le Niger.
Q900	KAZAN, v. de la Russie d'Europe, ch.-l. de gouvernement, sur la Kazanka ; 130.000 h. — Le gouv. a 2.170.000 h.
Q192926	KAZANLIK ou KÉZANLIK, v. de la Turquie d'Europe (Roumélie orientale), sur le Ketchidéré ; 25.000 h. Commerce d'essence de rose.
Q207680	KAZBEK, montagne du Caucase central ; 5.043 m.
Q181578	KAZBIN ou KAZVIN, v. de Perse (Irak-Adjemi) ; 25.000 h. Etoffes.
Q242360	Kchatriyas, nom de la caste des guerriers dans l'Inde védique.
Q704385	KEAN [kîn] (Edmond), acteur anglais, né à Londres. Il fut l'interprète inoubliable des drames de Shakspeare (1787-1833).
Q171357	KECSKEMET, v. de la Hongrie centrale ; 57.000 h.
Q27155	KEF (Le) v. de Tunisie, sur la route de Tunis à Alger ; 6.000 h.
Q15979	KEHL, v. du grand-duché de Bade, en face de Strasbourg ; 5.600 h. ; pont célèbre sur le Rhin.
Q436126	KEISER [zèr] (Reinhard), compositeur allemand, né en 1674, mort en 1739.
Q215996	KEITH [James], général anglais, né près de Peterhead, se distingua pendant la guerre de sept ans aux côtés de Frédéric II (1696-1758).
Q337525	KEITH [kèt'] (George), amiral anglais (1746-1823).
Q76784	KÉKULÉ (Frédéric-Auguste), chimiste allemand, né à Darmstadt (1829-1896).
Q2581527	KÉLAT [la], v. du N.-E. du Béloutchistan, capit. du khanat de Kélat, placé sous le protectorat anglais ; 14.000 h.
Q4219116	KELLER (Jacques) ou Cellarius, théologien allemand, né à Seckingen (1560-1631).
Q121360	KELLER (Jean-Balthazar), habile fondeur, né à Zurich (1638-1702).
Q356933	KELLERMANN (François-Christophe), duc de Valmy, maréchal de France, né à Strasbourg. Vainqueur à Valmy (1792), il commanda successivement les armées de la Moselle et des Alpes (1735-1820). — Son fils, François-Etienne, général, né à Metz (1770-1825) ; — François Edmond, fils du précédent, homme politique (1802-1868).
Q249996	KE-LUNG ou KÉ-LOUNG, port du nord-est de l'île Formose ; 5.000 h.
Q220976	KEMPIS (Thomas a), écrivain mystique allemand (1379-1471) auquel on attribue parfois l'imitation de Jésus-Christ.
Q336661	KÈNÈH, v. d'Egypte, sur le Nil ; 25.000 h.
Q172070	KÉNIA, montagne volcanique de l'Afrique-Orientale anglaise ; 5.200 m.
Q298263	KENNETH, nom de trois rois d'Ecosse, le premier de 834 à 860, le second de 971 à 995, le troisième de 997 à 1005. Le dernier publia un recueil de lois.
Q20639851	KENOUS, habitant de la basse Nubie.
Q288781	KENSINGTON, paroisse d'Angleterre, devenue un quartier de Londres. Beau château royal servant de musée d'art.
Q328818	KENT [kèn't'] (royaume de), le plus ancien royaume de l'heptarchie anglo-saxonne ; capit. Cantorbéry.
Q23298	KENT, comté maritime du S.-E. de l'Angleterre ; 1.025.000 h. Ch.-l. Maidstone.
Q1544834	KENTUCKY (le), affl. de l'Ohio (riv. g.) [Etats-Unis] ; 375 kil.
Q1603	KENTUCKY, un des Etats unis de l'Amérique du Nord ; 2.147.000 h. Capit. Frankfort.
Q8963	KEPLER [plèr] (Jean), illustre astronome allemand, né à Weil (Wurtemberg) en 1571, mort en 1630. Il s'adonna de bonne heure à l'étude des mathématiques et les cultiva toute sa vie, en dépit d'infortunes de toutes sortes. Sa singulière existence explique le bizarre mélange des traits géniaux et des folles élucubrations astrologiques dont ses ouvrages sont remplis. Il eut du moins la gloire de donner une très belle théorie de la planète Mars et d'énoncer les lois dites lois de Kepler, d'où Newton sut dégager le grand principe de l'attraction universelle : 1° les orbites planétaires sont des ellipses dont le soleil occupe un des foyers ; 2° les aires décrites par les rayons vecteurs sont proportionnelles aux temps ; 3° les carrés des temps des révolutions planétaires sont proportionnels aux cubes des grands axes des orbites.
Q3260532	KERALIO (Louis-Félix de), érudit français, né à Rennes (1731-1793).
Q201095	KÉRASSUNDE, KÉRAZONDE ou KIREZUN, v. de la Turquie d'Asie, port actif de la mer Noire ; 8.000 h.
Q603987	KÉRATRY (Auguste-Hilarion, comte de), écrivain et homme politique français, né à Rennes (1769-1859).
Q199909	KERBÉLA, v. de la Turquie d'Asie (Irak-Arabi), non loin de l'Euphrate ; 65.000 h.
Q189371	KERFERÈS [rèss] ou mieux SNOFROU, roi égyptien de la iie dynastie.
Q3074234	KERGOLAY [lè] (Louis, comte de), homme politique français (1769-1856).
Q46772	KERGUÉLEN (îles), groupes d'îles de l'océan Indien, à égale distance du S. de l'Afrique et de l'Australie. La principale s'appelle Kerguélen ou île de la Désolation ; à la France.
Q560266	KERGUÉLEN-TRÉMAREC [ghé-lèn, rèk] (Yves-Joseph de), navigateur français, né en Bretagne ; il découvrit en 1772 les îles Kerguélen (1734-1797).
Q761460	KERKENA ou KERKENNAH, petit archipel de la côte tunisienne, à l'entrée du golfe de Gabès ; 10.000 h. Pêcheries de poulpes, d'éponges.
Q173310	KERKOUK, v. forte de la Turquie d'Asie (Mésopotamie), sur le Kaza-Tchaï ; 25.000 h.
Q171714	KERMAN, v. de la Perse méridionale, ch.-l. de la prov. de Kerman ; 60.000 h.
Q180078	KERMÂNCHÂH ou KERSMANSCHAN, capit. du Kourdistan persan, ville forte ; 12.000 h.
Q77999062	Kermesse flamande (la) ou la Fête villageoise, tableaux de Teniers, au Louvre et aux musées de Dresde, d'Amsterdam, de Madrid, etc. Teniers y a déployé un grand talent d'observation, un esprit charmant et de précieuses qualités d'exécution ; — de Rubens, au Louvre.
Q1303505	KERN (Jean-Conrad), diplomate suisse (1808-1888).
Q233201	KÉROUAL (Louise Penancoët), duchesse de Portsmouth, favorite de Charles II d'Angleterre, vendue à la politique française (1649-1734).
Q184469	KERRY, comté d'Irlande (prov. de Munster) ; 200.000 h. Ch.-l. Tralee.
Q3121785	KERSAINT [sin] (Simon, comte de), marin français, né au château de Kersaint (Finistère) [1707-1759]. — Son fils, conventionnel, né à Paris ; mort sur l'échafaud (1742-1793).
Q157065	KERTCH, v. de Russie (Crimée), sur le détroit de Kertch ou d'Iénikaleh ; 25.000 h.
Q569045	KEYSER [ka-i-zèr] (Nicaise de), peintre belge, né à Sandvliet (Brabant) en 1813, mort à Anvers en 1887.
Q42034	KHADIDJA, première femme de Mahomet et mère de Fatima, née vers 563, m. en 628.
Q191333	KHAÏBER (passe de), défilé qui fait communiquer l'Inde et l'Afghanistan.
Q26918	KHALED ou CALED, lieutenant de Mahomet, conquérant de la Syrie (582-642).
Q1191194	KHAMITIQUE ou CHAMITIQUE (famille), famille qui comprend les groupes égyptien, libyen et éthiopien (descendants de Cham, second fils de Noé).
Q42956	KHARBINE, v. de la Sibérie orientale (Transbaïkalie), près du Soungari ; 10.000 h. Nœud important de chemins de fer, vers Vladivostok et Port-Arthur.
Q42308	KHARKOF, v. du S.-O. de la Russie, ch. l. du gouv. homonyme, sur l'Oudaï ; 175.000 h. — Le gouv. à 2.510.000 h.
Q1963	KHARTOUM, v. du Soudan, au confluent du Nil Blanc et du Nil Bleu. Gordon y fut tué par les Soudanais après un siège célèbre (1885).
Q3037	KHATMANDOU, v. de l'Inde septentrionale, capit. du Népaul ; 50.000 h.
Q156732	KHERSON, v. forte de Russie, ch.-l. de gouv., sur le Dniéper ; 69.000 h. — Le gouv. a 2.733.000 h.
Q486195	KHIVA, v. de Turkestan, capit. de la Khivie ou khanat de Khiva ; 12.000 h. Sous le protectorat de la Russie. — Le khanat de Khiva a 700.000 h. (Kiviens).
Q201705	KHMER (empire), vaste Etat du Cambodge, très puissant au moyen âge ; sa civilisation a laissé des restes imposants, comme la pagode d'Angkor.
Q489890	KHOKAND [kan], v. du Turkestan russe, sur le Kara-Sou, affl. du Syr-Daria ; 82.000 h.
Q6178890	KHORAÇAN ou KHORASSAN, prov. du N.-E. de Perse ; 1 million d'h. Capit. Meched.
Q253208	KHORSABAD, village de la Turquie d'Asie, près Mossoul. Ruines assyriennes.
Q241119	KHOUZISTAN ou ARABISTAN, prov. du S.-O. de la Perse ; capit. Chouster.
Q1570917	KHROUMIRS ou KROUMIRS [mir], tribus pillardes de la frontière algéro-tunisienne.
Q156337	KIAKHTA, v. de la Sibérie orientale (Transbaïkalie), sur la rivière homonyme ; 10.000 h. Commerce actif.
Q57052	KIANG-SI, prov. du S.-E. de la Chine ; 20.500.000 h. Capit. Nan-Tchang.
Q16963	KIANG-SOU, prov. maritime de la Chine orientale ; 18 millions d'h. Capit. Nan-King.
Q675321	KIAO-TCHÉOU, v. et baie de l'empire Chinois (prov. du Chan-Toung), cédées à bail à l'Allemagne.
Q21197	KICHINEF, v. du S.-O. de la Russie ; capit. de la Bessarabie, sur le Byk ; 110.000 h.
Q1707	KIEL, v. de Prusse (Slesvig-Holstein), sur la Baltique ; 122.000 h. Port militaire sur la Baltique.
Q144825	KIEL (canal de), va de Kiel à l'embouchure de l'Elbe et fait communiquer la Baltique avec la mer du Nord.
Q65958	KIEPERT [kî-pèrt'] (Henri), géographe allemand, né à Berlin (1818-1899).
Q176873	KIERSY-SUR-OISE. V. Quierzy.
Q1899	KIEV, v. de Russie, ch.-l. de gouv., sur la rive droite du Dniéper ; 250.000 h. Le gouv. a 3.576.000 h.
Q917865	KILDARE, v. d'Irlande, ch.-l. du comté de Kildare (Leinster) ; 2.100 h. — Le comté a 82.000 h.
Q889966	KILIA, v. de Russie (Bessarabie), sur la branche N. du delta du Danube ; 12.000 h.
Q7296	KILIMA-N'DJARO, massif montagneux de l'Afrique, à l'O. de Zanzibar (altitude 6.000 m.).
Q109092	KILKENNY, v. d'Irlande, ch.-l. du comté de Kilkenny (Leinster) ; 15.000 h. — Le comté a 107.000 h.
Q623382	KILLARNEY, v. d'Irlande (Kerry), près du lac homonyme ; 10.000 h. Toiles ; cuivre.
Q2960764	KILMAINE (Charles-Joseph), général français, né à Dublin (1754-1799).
Q125905	KIMBERLEY, v. de la col. anglaise du Cap, dans le Griqualand ; 10.000 h. Gisements diamantifères.
Q184445	KING, comté d'Irlande (Leinster) ; 70.000 h. Capit. Tullamore.
Q353238	KINGSLEY (Charles), romancier anglais, un des promoteurs du mouvement socialiste chrétien, né à Holne (1819-1875).
Q34692	KINGSTON [ton'], capit. de la Jamaïque ; 40.000 h. Port sur la côte méridionale de l'île.
Q2321706	KINGSTON-UPON-THAMES, v. d'Angleterre (Surrey), sur la Tamise ; 35.000 h.
Q68325	KINKEL (Jean-Gottfried), poète et homme politique allemand (1815-1882).
Q82019	KINTCHINDJINGA, un des sommets des monts Himalaya (8.480 m.).
Q740246	KIÔTO ou MIACO, v. du Japon, dans l'île de Nippon, sur le Kamo-Gava ; 354.000 h.
Q216077	KIOU-KIANG, v. de la Chine orientale (prov. de Kiang-Si), sur le fleuve Bleu ; 55.000 h.
Q1506615	KIOUNG-TCHÉOU, port ouvert de l'île Haï-nan ; 35.000 h.
Q13987	KIOU-SIOU, l'une des quatre grandes îles de l'archipel du Japon ; 6.809.000 h. V. pr. Kagosima, Koumamoto.
Q34743	KIPLING (Rudyard), écrivain et poète anglais, né à Bombay en 1865.
Q76738	KIRCHER (Athanase), jésuite allemand (1601-1680).
Q60052	KIRCHHOFF (Gustave-Robert), savant physicien, né à Kœnigsberg. Il a attaché son nom à la découverte de l'analyse spectrale, en collaboration avec Bunsen (1824-1887).
Q484479	KIRGHIZ, peuple de race tartare, entre l'Oural et l'Irtych. Vit en tribus généralement nomades.
Q17582096	KIRKCUDBRIGHT [keud'-bra-it'], comté d'Ecosse ; 45.000 h. Capit. Kirkcudbright ou East-Galloway ; 3.000 h. Port.
Q456366	KISS (Auguste), sculpteur allemand (1802-1865).
Q578014	KITA, poste français sur le haut Sénégal.
Q216129	KITCHENER (lord Herbert), général anglais, né en 1851. Il s'est distingué en Egypte et au Transvaal.
Q257785	KIZIL-IRMAK, fl. d'Asie Mineure. Il a sa source dans l'Anti-Taurus et se jette dans la mer Noire ; 900 kil.
Q446743	KLACZKO (Julien), publiciste polonais, né à Wilna en 1828.
Q41753	KLAGENFURTH [ghèn] v. d'Autriche, ch.-l. de la Carinthie, sur le Glau, prise par Masséna en 1797 ; 21.000 h.
Q160196	KLAPROTH (Martin-Henri), chimiste allemand (1743-1817) ; — Klaproth (Henri-Jules), orientaliste, fils du précédent (1783-1835).
Q100188	KLAUSENBOURG [zèn] ou KOLOSZVAR, v. de Hongrie (Transylvanie) ; 30.000 h. Patrie de Mathias Corvin.
Q319302	KLÉBER [bèr] (Jean-Baptiste), célèbre général de la Révolution, né à Strasbourg. Fils d'un maçon et engagé volontaire en 1792, il assista au siège de Mayence, commanda en Vendée, se distingua à Fleurus, puis en Egypte, où il fut assassiné par un mameluk (1753-1800).
Q28494	KLEIST [kla-ist'] (Henri de), auteur dramatique allemand, né à Francfort-sur-l'Oder en 1777, m. à Potsdam en 1811.
Q1539595	Klephtes. V. Armatoles.
Q602965	KLONDIKE et fautivement KLONDYKE, région de l'Alaska (territoire du Yukon), rude et froide, mais où la population va sans cesse croissant à cause de l'or qu'on y rencontre.
Q577879	KLOPICKI ou CHLOPICKI (Joseph), général polonais, qui combattit sous Kosciuszko (1771-1854).
Q154367	KLOPSTOCK (Frédéric), poète allemand, né à Quedlimbourg (Saxe prussienne). Sa vie entière est dans le grand poème qu'il passa trente ans à édifier (la Messiade), et où il chante la venue du Messie (1724-1803).
Q896699	KLOSTERCAMP. V. Clostercamp.
Q567361	KNAUS (Louis), peintre de genre et portraitiste allemand, né Wiesbaden (Nassau) en 1829.
Q3435589	KNOLLES (Robert), général anglais, un des adversaires de Du Guesclin (1317-1407).
Q550678	Know-nothing, nom d'un parti qui, aux Etats-Unis, voudrait réserver le droit de citoyen aux seuls individus nés en Amérique ou d'un père américain.
Q189937	KNOX [knoks] (Jean), réformateur écossais, un des fondateurs du presbytérianisme (1505-1572).
Q834149	KOCH (Christophe-Guillaume de), publiciste français, né à Bouxwiller (1737-1813).
Q37193	KOCH (Robert), médecin et microbiologiste allemand, né à Klausthal (Hanovre) en 1843. Il a publié de remarquables recherches sur la tuberculose.
Q59737	KOCHANOWSKI (Jean), poète polonais, né à Sycynna (1530-1584).
Q982058	KOCK (Charles-Paul de), fécond romancier français, né à Paris (1794-1871). — Son fils Henri, romancier et auteur dramatique, né à Paris (1819-1892).
Q64773	KŒNIG [keu-nigh] (Samuel), mathématicien allemand, né à Buedingen (1712-1757).
Q3093823	KŒNIGS (Paul-Xavier-Gabriel), mathématicien français, né à Toulouse en 1858.
Q4120832	KŒNIGSBERG [keu-nighs-bèrgh] v. de la Prusse orientale ; 189.000 h. Port sur le Pregel. Université célèbre. Patrie de Kant, de Bitaubé. Soult s'en empara en 1807.
Q104302	KŒNIGSHUTTE [keu-nighs-hu-té], v. de Prusse (Silésie) ; 58.000 h. Fonderies, forges.
Q68163	KŒNIGSMARK (Jean-Christophe de), un des généraux de Gustave-Adolphe (1600-1663).
Q62344	KŒRNER (Théodore), poète allemand, né à Dresde, tué pendant la campagne de 1813 (1791-1813).
Q165608	KOLA (presqu'île de), péninsule de la Russie septentrionale, dans la prov. d'Arkhangel ; à peu près déserte, couverte de toundras.
Q209698	KOLAPOUR, v. de l'Inde, ch.-l. de la principauté homonyme, dans le bassin du Krichna ; 40.000 h.
Q3198497	KOLÉA, v. d'Algérie (dép. et arr. d'Alger), près de la mer ; 5.700 h. Vignobles.
Q470369	KOLLIN [lin'] ou NEU-KOLIN, v. de Bohême, sur l'Elbe ; 13.000 h. Le maréchal Daun y vainquit Frédéric II en 1757.
Q463521	KOLTZOV-MASSALSKY. V. Dora d'Istria.
Q625154	KOMAROM [rom'] ou KOMORN, v. de la Hongrie occidentale, sur le Danube ; 13.500 h.
Q3733	KONAKRY ou CONAKRY, ch.-l. de la Guinée française (gouv. de l'Afrique occidentale française), dans l'île de la Tumba ; 10.000 h. Factoreries.
Q1781497	KONG (monts de), chaîne de l'Afrique qui sépare de la Guinée le haut bassin du Niger.
Q79857	KONIÈH [ni-è], v. de la Turquie d'Asie (Anatolie) ; 40.000 h, Etoffes. C'est l'antique Iconium.
Q931814	KOPROLI. V. Kupruli.
Q485732	KORAÏSCHITES. V. Coraïschites.
Q867052	KORDOFAN, contrée du Soudan oriental, à l'O. du Nil Blanc.
Q191479	KOSCIUSZKO (Thadéo), général polonais, qui prit part à des insurrections contre la Russie, fut nommé dictateur par ses concitoyens en 1794, tomba entre les mains des Russes, et, mis en liberté par le tsar Paul Ier, passa le reste de sa vie en dehors de toute agitation (1746-1817).
Q157040	KOSSUTH (Louis), patriote hongrois, chef de la révolution de 1848 (1802-1894).
Q2592	KOSTROMA, v. de la Russie centrale, ch.-l. du gouv. de Kostroma, sur le Volga ; 41.000 h. Le gouv. a 1.387.000 h.
Q43595	KOTONOU, v. de la Guinée septentrionale (Dahomey). Port sur l'Atlantique.
Q57242	KOTZEBUE (Auguste-Frédéric-Ferdinand), littérateur allemand, poignardé par l'étudiant Sand (1761-1819) ; — Son fils Otto, voyageur dans les mers arctiques (1787-1846).
Q15176	KOUANG-SI, prov. de la Chine méridionale 5.200.000 d'h. Capit. Koué-Lunq.
Q15175	KOUANG-TOUNG, prov. du Sud de la Chine ; elle a, avec l'île d'Haï-Nan, 22 millions d'h. Capit. Canton.
Q82308	KOUBAN (le), fleuve de la Russie méridionale, tributaire de la mer Noire et de la mer d'Azof ; 800 kil. La prov. du même nom a 1.923.000 h. Capit. Iékatérinodar.
Q47097	KOUEI-TCHÉOU, province de la Chine méridionale ; 3.400.000 h. Capit. Kouei-Yang.
Q187871	KOUEN-LOUN, chaîne de montagnes de l'Asie, entre le Thibet et le Turkestan.
Q128665	KOUKA ou KOUKO, anc. capit. du Bornou (Soudan central) ; 60.000 h.
Q201294	KOUKOU-NOR, lac de l'Asie centrale entre la Chine, la Mongolie et le Thibet.
Q199889	KOUMAMOTO, v. du Japon (Kiou-Siou) ; 62.000 h.
Q156557	KOUR ou KOURA (le), fl. de Russie, tributaire de la Caspienne. Il baigne Souram, Gori et Tiflis ; 1.050 kil.
Q41470	KOURDISTAN ou KURDISTAN, pays d'Asie, compris partie dans la Turquie, partie dans la Perse. (Hab. Kourdes ou Kurdes.)
Q4247962	KOURG, COURG ou KOURGH, prov. de l'Inde ; 173.000 h. Ch.-l. Merkara.
Q80389	KOURILES, archipel japonais d'Asie ; longue chaîne d'îles, du Kamtchatka à l'île Yéso.
Q527156	KOUROPATKINE (Alexis-Nicolaïewitch), général russe, né en 1848 ; il a commandé l'armée russe en Mandchourie pendant la campagne de 1904-1905.
Q53842	KOURO-SIVO (fleuve noir), courant chaud du Pacifique qui baigne les côtes E. du Japon.
Q3159	KOURSK, v. de Russie, ch.-l. du gouv. homonyme, sur le Koura ; 53.000 h. — Le gouv. a 2.396.000 h.
Q172415	KOUTAÏS [ta-iss], v. de la Transcaucasie au N-.O. de Tiflis, ch.-l. du gouv. homonyme ; 12.740 h. — Le gouv. a 1.100.000 h.
Q2346358	KOUTCHOUK-KAÏNARDJI, village de Bulgarie, où fut signé un traité célèbre entre la Turquie et la Russie, en 1774.
Q185801	KOUTOUZOF (Michel), général russe, vaincu à la Moskova (1745-1813).
Q184535	KOVALEVSKA (Sonia), mathématicienne russe, née à Moscou (1850-1891).
Q4115712	KOVNO v. de Russie, ch.-l. du gouv. de Kovno ; 73.500 h., sur le Niémen. Les Français s'en emparèrent en 1812. — Le gouv. a 1.550.000 h.
Q322356	KRA, isthme qui unit à l'Indo-Chine la presqu'île de Malacca.
Q380545	KRASICKI (Ignace), littérateur polonais, né à Dubiecko, surnommé le Voltaire de la Pologne (1735-1801).
Q245355	KRASINSKI (Sigismond-Napoléon), poète polonais, né et mort à Paris (1812-1859).
Q254524	KRASZEWSKI (Joseph-Ignace), romancier polonais, né à Varsovie (1812-1887).
Q78695	KRAY [kra-i] (Paul, baron de), général autrichien, né à Kesmarck (Hongrie) (1735-1804).
Q156724	KREMENTCHOUG, v. de Russie (gouv. de Poltava), sur le Dnieper ; 58.600 h. Cuirs, machines.
Q133274	KREMLIN (le), forteresse de Moscou, où se trouvent le palais, ancienne résidence des tsars, et la fameuse cloche qui pèse 165.000 kilogr.
Q135104	KREMLIN-BICÊTRE, comm. de la Seine ; 11.800 h. C'est sur le territoire de cette commune qu'est situé l'asile de Bicêtre. V. ce mot.
Q336692	KREUTZER [tsèr] (Rodolphe), violoniste et compositeur, né à Versailles (1766-1831).
Q7047	KREUZNACH, v. de Prusse (prov. du Rhin) ; 15.450 h. Eaux salines.
Q42891	Krichna, dieu hindou, représenté comme la huitième incarnation de Vichnou.
Q191480	KRILOF (Ivan), fabuliste, né à Moscou, le La Fontaine de la Russie (1768-1844).
Q82174	KRONSTADT, v. de Hongrie. V. Brasso.
Q82174	KRONSTADT. V. Cronstadt.
Q1570917	KROUMIRS. V. Khroumirs.
Q63784	KRUDENER [nèr] (Mme Juliana de), mystique russe, née à Riga (1764-1824).
Q244407	KRUGER [kru-jèr] (Paul), président de la république Sud-Africaine (aujourd'hui colonie anglaise), né à Rastenburg (colonie du Cap) en 1825, mort en Suisse en 1904.
Q72492	KRUMMACHER (Frédéric-Adolphe), écrivain allemand, auteur de Paraboles devenues classiques (1767-1824).
Q455937	KRUPP [kroup'] (Alfred), industriel allemand, fondeur des canons d'acier qui portent son nom (1812-1887).
Q160888	KRUSENSTERN (Adam-Jean), navigateur russe (1770-1846).
Q159879	KULTURKAMPF [koul-tour-kam'pf], (lutte pour la civilisation), nom donné à la guerre religieuse faite par Bismarck au haut clergé catholique au moyen des lois dont les principales, rendues en mai 1873, sont connues sous le nom de lois de mai.
Q931814	KUPRULI ou KOPROLI, famille d'origine albanaise, dont cinq membres furent, de 1656 à 1710, vizirs de l'empire ottoman.
Q41470	KURDISTAN, KURDES. V. Kourdistan.
Q8660	KURRACHEE. V. Karatchî.
Q306696	KÜSTENLAND [kus-tèn-lan'd'], pays d'Autriche, qui comprend Trieste et son territoire, Goritz et l'Istrie.
Q297855	KYAXARÈS. V. Cyaxare.
Q3196922	KYMRIS [riss] ou BELGES, peuple de race celtique établi au temps de César entre la Seine, la Marne, les monts Faucilles, le Rhin et l'Océan.
