Q209530	VAAL (le), rivière de l'Afrique du Sud, affl. de l'Orange, a donné son nom au Transvaal ; 1.125 kil.
Q1618398	VABRE, ch.-l. de c. (Tarn), arr. de Castres, sur le Gijou ; 2.200 h.
Q207408	VAC ou VACS, v. d'Austro-Hongrie (Hongrie), sur le Danube ; 17.000 h.
Q288951	VACCARÈS ou VALCARÈS [rèss] (étang de), étang littoral des Bouches-du-Rhône, en Camargue ; 6.000 hectares.
Q2310278	VACCÉENS [vak-sé-in], anc. peuple de l'Ibérie (Tarraconaise), subjugué en 178 av. J.-C. par Posthumius.
Q290140	VACHEROT [ro] (Etienne), philosophe et homme politique français, né à Torcenay, près de Langres (1809-1897).
Q940439	VACQUERIE [ke-rî] (Auguste), littérateur, journaliste et auteur dramatique français, de l'école romantique, fondateur du Rappel, né à Villequier (Seine-Inférieure) [1819-1893).
Q276675	VADÉ (Jean-Joseph), poète français, né à Ham, créateur du genre poissard (1720-1757).
Q3826072	VADIMON (lac), auj. lac de Bassano (Toscane). Victoire des Romains sur les Etrusques (310 av. J.-C.) et sur les Gaulois Senons (283).
Q106822859	Vadius [uss], personnage des Femmes savantes, type du pédant bourré de grec et de latin, que Philaminte, Bélise et Armande embrassent pour l'amour du grec, mots auxquels les écrivains font de fréquentes allusions. V. Trissotin.
Q1844	VADUZ, ch.-l. de la principauté de Liechtenstein ; 1.200 h.
Q207677	VAÏGATCH (île de), île russe de l'océan Glacial arctique, séparée du continent par le détroit de Vaïgatch.
Q3172080	VAILLANT [ll mll., an] (Jean-Foi), numismate français, né à Beauvais (1632-1706).
Q737706	VAILLANT (Sébastien), botaniste français, né à Vigny (Seine-et-Oise), auteur d'une célèbre flore des environs de Paris (1669-1722).
Q115694	VAILLANT (J.-B.-Philibert), maréchal de France, ministre de la Guerre et grand maréchal du Palais sous le second Empire ; né à Dijon (1790-1872).
Q589513	VAILLY [ll mll.], ch.-l. de c. (Aisne), arr. de Soissons, sur l'Aisne ; 1.680 h. (Vailliciens).
Q578039	VAILLY-SUR-SAULDRE [sôl-dre], ch.-l. de c. (Cher), arr. de Sancerre ; 1.100 h.
Q504887	VAISON [vè], ch.-l. de c. (Vaucluse), arr. d'Orange ; 2.800 h. Carrières ; truffes.
Q114640	Vaisseau fantôme (le), opéra en trois actes, paroles et musique de R. Wagner (1843).
Q978353	VAISSETTE [vè] (dom Joseph), bénédictin français, né à Gaillac ; auteur d'une remarquable Histoire du Languedoc (1685-1756).
Q389004	VALACHIE, une des principautés danubiennes ; forme avec la Moldavie l'Etat indépendant de Roumanie ; 3.200.000 h. (Valaques). Capit. de la Valachie et de la Roumanie, Bukarest.
Q834	VALAIS [lè], un des cantons suisses, dans la vallée supérieure du Rhône ; 115.000 h. (Valaisans). Ch.-l. Sion.
Q2960763	VALAZÉ (Charles), conventionnel girondin, né à Alençon ; il se poignarda pour échapper à l'échafaud (1751-1793).
Q475869	VALBONNAIS [nè], ch.-l. de c. (Isère), arr. de Grenoble ; 1.100 h.
Q288951	VALCARÈS (étang de). V. Vaccarès.
Q194196	VALDAÏ, massif de collines (Russie) de 322 mètres, couronnement du plateau d'Alaoun, sur la ligne de partage de l'Europe, entre le versant de l'Océan et celui de la Méditerranée.
Q3662242	Val d'Andorre (le), charmant opéra-comique en trois actes, paroles de Saint-Georges, musique de F. Halévy (1848.)
Q1339583	Val-de-Grâce, célèbre monument de Paris, situé rue Saint-Jacques et construit de 1645 à 1665, par ordre d'Anne d'Autriche, sous la direction de François Mansard et Lemercier. Il est aujourd'hui transformé en hôpital et Ecole de santé militaires, et la statue de Larrey en orne la cour principale. Un dôme majestueux surmonte l'église.
Q297194	VALDEMAR Ier, roi de Danemark de 1157 à 1182. — Valdemar II, roi de Danemark de 1202 à 1241. — Valdemar III, roi de Danemark de 1226 à 1231, durant la captivité de son père Valdemar II. V. Marguerite.
Q898563	VAL-DE-PEÑAS [pé-gnass], v. d'Espagne (Nouvelle-Castille) ; 15.000 h. Vignobles renommés.
Q1619106	VALDERIÈS [èss], ch.-l. de c. (Tarn), arr. d'Albi ; 934 h.
Q106822896	VALDIEU (seuil de), le point le plus bas de la trouée de Belfort, entre le Jura et les Vosges.
Q203534	VALDIVIA (Pierre de), un des compagnons de Pizarre. Il acheva la conquête du Chili (1510-1569).
Q160687	VALDIVIA, v. du Chili ; 6.000 h. Port de guerre.
Q312939	VALDO (Petrus), nom latin de Pierre de Vaux, hérésiarque du xiie siècle et chef des vaudois.
Q1743317	VALÉE (Sylvain-Charles), maréchal de France, né à Brienne-le-Château. Il dirigea, en 1837, la prise d'assaut de Constantine (1773-1840).
Q474503	VALENÇAY [lan-sè], ch.-l. de c. (Indre), arr. de Châteauroux ; 3.400 h. (Valencéens). Très beau château bâti par Philibert Delorme.
Q8818	VALENCE [lan-se], v. d'Espagne, ch.-l. de la prov. de son nom ; 214.000 h. Près l'embouchure du Guadalaviar. Archevêché, université. Ce fut jadis le chef-lieu d'un important royaume musulman, qui subsista jusqu'en 1238. — La prov. a 807.000 h.
Q8848	VALENCE, ch.-l. du dép. de la Drôme. Sur le Rhône ; ch. de f. P.-L.-M. ; à 600 kil. S.-E. de Paris ; 27.000 h. (Valentinois). Evêché, école d'artillerie. Soies, vins, pâtes alimentaires, papeterie, cartoucherie. Patrie du général Championnet et d'Emile Augier. — L'arr. a 10 cant., 119 comm., 160.000 h.
Q495485	VALENCE, ch.-l. de c. (Gers), arr. de Condom, sur la Baïse ; 1.400 h.
Q1467944	VALENCE ou VALENCE-D'AGENAIS [nè], ch.-l. de c. (Tarn-et-Garonne), arr. de Moissac ; 3.400 h. Ch. de f. M. Vins.
Q1467992	VALENCE-D'ALBIGEOIS [joi], ch.-l. de c. (Tarn), arr. d'Albi ; 1.500 h.
Q54880	VALENCIA, v. du Venezuela ; 40.000 h.
Q163795	VALENCIENNES [lan-si-è-ne] ch.-l. d'arr. (Nord) ; sur l'Escaut ; ch. de f. N. ; à 51 kil. S.-E. de Lille ; 31.000 h. (Valenciennois). Camp retranché. Commerce de batistes et de sucre, manufactures de tissus, fabriques de chicorée ; bassin houiller. Patrie de Froissart, des peintres Watteau et Abel de Pujol. — L'arr. a 8 cant., 82 comm., 240.000 h.
Q172471	VALENS [linss], empereur romain, frère de Valentinien Ier, né en Pannonie vers 328. Il régna de 364 à 378. Cruel et maladroit, il fut vaincu par les Goths à Andrinople.
Q466634	VALENSOLE [lan], ch.-l. de c. (Basses-Alpes), arr. de Digne ; 2.500 h. (Valensolais).
Q1146838	VALENTIA [lin-si-a], petite île et bourg de l'O. de l'Irlande. Tête de ligne de trois câbles transatlantiques. Importante station météorologique.
Q168733	VALENTIN [lan], pape en 827. Il ne régna que quelques semaines.
Q192151	VALENTIN (saint), prêtre italien, martyr vers 270. En Angleterre, la Saint-Valentin (14 février) est la fête des garçons et des jeunes filles.
Q309864	VALENTIN, hérésiarque du iie siècle, né en Egypte, chef d'une secte de gnostiques ; mort en 161.
Q1337275	VALENTIN (Valentin de Boulongne dit le), peintre français, né à Coulommiers (1591-1634).
Q3291757	VALENTIN (Edmond), homme politique français, né à Strasbourg. Nommé en 1870, par le gouvernement de la Défense nationale, préfet de cette ville alors assiégée, il franchit, déguisé et sous le feu de l'ennemi, les lignes prussiennes et françaises, et réussit à gagner son poste (1823-1879).
Q124682	VALENTINE de Milan. V. Visconti.
Q46720	VALENTINIEN Ier [lan-ti-ni-in], empereur romain de 364 à 375. Il se signala par sa sévérité et son intolérance chrétienne ; — Valentinien II, empereur romain, assassiné par ordre de son tuteur Arbogast (375-392) ; — Valentinien III, empereur romain d'Occident de 425 à 455.
Q335108	VALENTINOIS [lan-ti-noi], ancien pays de France, ch.-l. Valence ; aujourd'hui dans le dép. de la Drôme.
Q105847335	Valère, valet et confident dans la comédie française, au xviie et au xviiie siècle.
Q379991	VALÈRE MAXIME, historien latin du temps de Tibère ; rhéteur médiocre, bassement flatteur à l'égard de Tibère.
Q46750	VALÉRIEN [ri-in], empereur romain de 252 à 260, fait prisonnier par le roi des Perses Sapor.
Q529385	VALÉRIEN (mont), la plus haute colline des environs de Paris ; 136 m. Fort.
Q316090	VALERIUS FLACCUS [uss-fla-kuss], poète latin, auteur des Argonautiques (ier s.).
Q318726	VALERIUS PUBLICOLA, l'un des fondateurs de la république romaine, collègue de Brutus dans le Consulat en 509 av. J.-C.
Q23800	VALETTE (La), capit. de l'île de Malte, sur la côte E. ; 70.000 h. Fortifications.
Q2977275	VALETTE (Auguste), jurisconsulte français, né à Salins (1805-1878).
Q205409	VALGORGE, ch. de c. (Ardèche), arr. de Largentière ; 1.100 h.
Q3163775	VALINCOUR (Jean-Henri de), littérateur français, ami de Boileau, historiographe de Louis XIV, né à Paris (1653-1730).
Q214115	VALLA (Laurent), philologue, historiographe du roi d'Espagne, né à Rome (1405-1457).
Q8356	VALLADOLID, v. d'Espagne, ch.-l. de prov., sur le Pisuerga ; 69.000 h. (Valisolétains). Archevêché, université, magnifique cathédrale. — La prov. a 278.000 h.
Q200252	VALLADOLID, ancien nom de Morelia, v. du Mexique.
Q234205	VALLAURIS [lô-riss], comm. des Alpes-Maritimes, arr. de Grasse, non loin du golfe Jouan ; 7.000 h. Distilleries d'essence de fleurs. Faïencerie.
Q1240654	VALLE-D'ALESANI, ch.-l. de c. (Corse), arr. de Corte ; 660 h.
Q322688	VALLERAUGUE [rô-ghe], ch.-l. de c. (Gard), arr. du Vigan, sur l'Hérault ; 2.500 h. (Valleraugois).
Q551597	VALLÈS [lèss] (Jules), publiciste socialiste, auteur de Jacques Vingtras ; né au Puy (1832-1885).
Q936372	VALLET [lè], ch.-l. de c. (Loire-Inférieure), arr. de Nantes ; 4.600 h.
Q401861	VALLIÈRE (Jean-Florent de), général d'artillerie, né à Paris. Il réorganisa l'artillerie française et dirigea en 1744 le siège de Fribourg (1667-1759) ; — Joseph-Florent, fils du précédent, officier du génie qui, comme son père, introduisit dans son arme des perfectionnements importants (1717-1776).
Q971123	Vallombreuse, abbaye de bénédictins, située en Toscane, auj. occupée par un institut forestier.
Q238386	VALLON, ch.-l. de c. (Ardèche), arr. de Largentière ; 2.300 h.
Q715607	VALMÎKI, poète hindou d'une époque incertaine, auteur, peut-être légendaire, du Râmâyana.
Q628033	VALMONT [mon], ch.-l. de c. (Seine-Inférieure), arr. d'Yvetot ; 800 h.
Q421765	VALMONT DE ROMARE (Jacques-Christophe), naturaliste français, né à Rouen (1731-1807).
Q1060595	VALMY, village du dép. de la Marne, près de Sainte-Menehould, où Dumouriez et Kellermann vainquirent les Prussiens le 20 septembre, aux cris de : Vive la nation ! (1792) ; 400 h.
Q26689526	Valmy (Bataille de), tableau d'Horace Vernet, au musée de Versailles (1831).
Q326879	VALOGNES, ch.-l. d'arr. (Manche) ; ch. de f. O. ; à 60 kil. N.-O. de Saint-Lô ; 6.000 h. (Valognais). Beurre, volailles, bestiaux et dentelles. Patrie de Dacier et de Vicq d'Azyr. — L'arr. a 7 cant., 120 comm., 70.000 h.
Q2509453	VALOIS [loi], pays de l'ancienne France ; ch.-l. Crépy aujourd'hui compris dans les dép. de l'Aisne et de l'Oise.
Q182135	VALOIS, famille issue des Capétiens, qui monta sur le trône de France en 1328 dans la personne de Philippe VI. On divise cette famille en Valois directs, qui commencèrent avec Philippe VI et finirent avec Charles VIII ; en Valois-Orléans, représentés par Louis XII ; en Valois-Angoulême, qui commencent avec François Ier pour finir avec Henri III.
Q33986	VALPARAISO [rè-zo], v. du Chili, sur le Pacifique ; 142.000 h. Port de commerce. — La prov. a 250.000 h.
Q3531273	VALPERGA DI CALUSO (Thomas), savant orientaliste et astronome italien, né et mort à Turin (1737-1815).
Q478921	VALRÉAS [âss], ch.-l. de c. (Vaucluse), arr. d'Orange, sur un affluent du Lèz de Bollène ; 5.400 h. (Valréasiens). Patrie du cardinal Maury.
Q2509499	VALROMEY, ancien petit pays de France (dép. de l'Ain).
Q603325	VALSALVA (Antoine-Marie), anatomiste italien, auteur de travaux remarquables sur l'ouïe (1666-1723).
Q323660	VALS-LES-BAINS, comm. de l'Ardèche, arr. de Privas ; 4.000 h. Sur la Volane, affl. g. de l'Ardèche. Eaux minérales gazeuses.
Q685105	VALTELINE, petit pays de l'Italie septentrionale, entre le lac de Côme et l'Adda. (Hab. Valtelins.) Ch.-l. Sondrio. Pendant la guerre de Trente ans, Richelieu empêcha l'Espagne d'occuper ce point de passage important entre la Lombardie et l'Allemagne du Sud (1626).
Q557360	VAMBÉRY [van] (Herman ou Arminius), voyageur et orientaliste hongrois, né à Szerdahely en 1832. Il explora la Perse et le Turkestan.
Q83061	VAN, v. de la Turquie d'Asie ; ch.-l. de prov. (Arménie), sur le lac de Van ; 30.000 h.
Q170479	VANCOUVER, île du Pacifique (Colombie britannique) ; 51.000 h., appelée autref. Quadra et Vancouver. — Ville de la Colombie britannique, sur le détroit de Géorgie ; 20.000 h.
Q205485	VANCOUVER [vèr] (George), navigateur anglais ; il doubla le cap Horn (1757-1798).
Q2627420	VANDAL (Albert), historien français, né à Paris en 1853, membre de l'Académie française ; auteur d'estimables travaux sur la période napoléonienne.
Q42211	VANDALES, ancien peuple germanique, en partie slave, entre l'Oder et la Vistule. Il envahit successivement la Gaule, l'Espagne et l'Afrique (ve et vie s.).
Q506328	VANDAMME (Dominique-René), général français, né à Cassel. Il fut cerné et fait prisonnier dans les défilés de Kulm, mais se distingua à la journée de Ligny (1770-1830).
Q2859788	VAN DEN VELDE [dèn'], nom de trois peintres hollandais du xviie siècle. Le plus fameux, Guillaume, né à Amsterdam, fut un peintre de marine de grand talent (1633-1707).
Q349377	VAN DER MEULEN. V. Meulen.
Q315996	VAN GOYEN [gho-ièn'] (Jean-Joseph), peintre hollandais, né à Leyde ; auteur de paysages et de marines remarquables (1596-1666).
Q3160138	VANIÈRE (le Père Jacques), jésuite français et poète latin (1664-1739).
Q1536424	VANIKORO, île de la Polynésie, au N. des Nouvelles-Hébrides. C'est là que périrent assassinés en 1788 La Pérouse et son équipage.
Q553128	VANINI (Lucilio), philosophe italien, brûlé à Toulouse comme criminel d'athéisme, d'astrologie et de magie (1585-1619).
Q542541	VANLOO [lô] (Jean-Baptiste), peintre français, né à Aix (Bouches-du-Rhône) ; grande facilité, coloris remarquable (1684-1745) ; — Carle, frère du précédent, peintre distingué, né à Nice. Il brillait par le coloris et l'agrément de la composition (1705-1765).
Q2510451	VANNE (la), riv. de France ; a sa source dans le dép. de l'Aube, se jette dans l'Yonne (riv. dr.) à Sens ; ses eaux canalisées servent depuis 1874 à l'alimentation de Paris.
Q6593	VANNES, ch.-l. du dép. du Morbihan, près de l'Océan : ch. de f. O. et Orl. ; à 480 kil. O. de Paris ; 24.000 h. (Vannetais). Evêché, école d'hydrographie et école d'artillerie. Navigation et cabotage. Grains, beurre, bestiaux, dentelle. — L'arr. a 11 cant., 82 comm., 145.000 h.
Q324022	VANS (Les) [van], ch.-l. de c. (Ardèche), arr. de Largentière ; 2.000 h. (Vanséens.)
Q234728	VANVES, ch.-l. de c. (Seine), arr. de Sceaux ; 11.000 h. (Vanvistes). Ch. de f. O.
Q1619168	VAOUR, ch.-l. de c. (Tarn), arr. de Gaillac, non loin de l'Aveyron ; 500 h.
Q933979	VAR (le), fl. torrentueux de France, prend sa source dans les Alpes-Maritimes, arrose Puget-Théniers et se jette dans la Méditerranée ; 135 kil.
Q12789	VAR (départ. du), départ. formé de portions de la Provence ; préf. Draguignan ; s.-préf. Brignoles, Toulon ; 3 arr., 30 cant., 148 comm. ; 326.000 h. 13e corps d'armée ; cour d'appel d'Aix ; évêché à Fréjus. Ce département ne devrait plus garder le nom de Var, ce torrent arrosant l'arrondissement de Grasse, qui a été réuni au territoire du département des Alpes-Maritimes (1860).
Q1113912	VARADES, ch.-l. de c. (Loire-Inférieure), arr. d'Ancenis ; 3.100 h. ; ch. de f. Orl.
Q189596	VARDAR (le), fl. de la Turquie, qui arrose la Roumélie, baigne Gostivar, Uskub, et se jette dans le golfe de Salonique ; 340 kil.
Q48343	VARÈGUES [rè-ghe], tribu scandinave qui, pendant la seconde moitié du ixe siècle, pénétra en Russie et soumit les Finnois et les Slaves. Leur chef, Rurik, prit le titre de grand-duc et fonda l'empire russe.
Q59220	VARENNES-EN-ARGONNE, ch.-l. de c. (Meuse), arr. de Verdun, sur l'Aire ; 1.200 h. C'est dans ce bourg que Louis XVI fut arrêté le 22 juin 1791, au moment où il fuyait à l'étranger.
Q512351	VARENNES-SUR-ALLIER, ch.-l. de c. (Allier), arr. de La Palisse, sur le Valançon ; 3.200 h. Ch. de f. P.-L.-M.
Q1615680	VARENNES-SUR-AMANCE, ch.-l. de c. (Haute-Marne), arr. de Langres, à 7 kilom. de l'Amance (malgré son nom) ; 880 h.
Q6285	VARÈSE, v. d'Italie, prov. de Côme, sur le lac de Varèse ; 14.200 h. (Varésans).
Q30727132	Variations des Eglises protestantes (Histoire des), par Bossuet (1668). Le grand évêque y attaque le protestantisme en faisant le récit des variations de sa doctrine, qu'il oppose à l'unité nécessaire et à l'identité dans le cours des temps de la foi catholique. Polémique vigoureuse, érudition très sûre, style d'une fermeté et d'une vie intenses.
Q379219	VARIGNON (Pierre), géomètre français, né à Caen, un des créateurs de l'analyse infinitésimale (1654-1722).
Q1087294	VARILHES, ch.-l. de c. (Ariège), arr. de Pamiers, sur l'Ariège ; 1.630 h. ; ch. de f. M.
Q1100290	VARILLAS [ll mll., âss] (Antoine), historien français, né à Guéret, auteur d'une estimable Histoire des hérésies (1626-1696).
Q6506	VARNA, v. de Bulgarie ; port actif sur la mer Noire ; 35.000 h.
Q445083	VARNEY [nè] (Louis), compositeur français, né en 1850, auteur d'agréables opérettes, d'une musique alerte, vive, correctement écrite : les Mousquetaires au couvent, le Papa de Francine, etc.
Q2621738	VAROLI ou VAROLE (Constantin), médecin et anatomiste italien, auteur de belles recherches sur le cerveau ; né à Bologne (1543-1575).
Q315274	VARRON, consul romain du iiie siècle, collègue de Paul-Emile. Il perdit la bataille de Cannes contre Annibal en 216 av. J.-C.
Q206119	VARRON, poète et polygraphe latin, né à Narbonne, dont il reste un De re rustica sur l'agriculture. Il fut un des savants les plus extraordinaires de son temps par l'étendue encyclopédique de ses connaissances (116-27 av. J.-C.).
Q270	VARSOVIE, ancienne capit. de la Pologne, auj. ch.-l. de gouv. sur la Vistule ; 638.000 h. (Varsoviens). Le nom de Varsovie est entré dans une phrase devenue proverbiale, échappée au général Sébastiani, ministre des Affaires étrangères, alors que de vives interpellations l'obligeaient à éclairer la Chambre sur l'état des affaires entre la Russie et la Pologne. A la même heure, l'armée russe occupait Varsovie et l'insurrection était noyée dans des flots de sang. « L'ordre règne à Varsovie », dit le ministre ; l'ordre régnait, en effet, dans cette malheureuse capitale, mais c'étaient l'ordre et le silence qui règnent parmi les tombeaux. — Le gouv. de Varsovie a 1.934.000 h.
Q214765	VARUS [russ], général de l'empereur Auguste, attiré par Arminius, chef des Germains, dans une embuscade, où il périt avec trois légions, l'an 9 de notre ère. Les Romains n'avaient pas éprouvé un pareil revers depuis la défaite de Crassus par les Parthes. La nouvelle de ce désastre affligea si profondément Auguste, qu'on l'entendait s'écrier pendant de longues insomnies : « Varus, Varus, rends-moi mes légions ! »
Q27934	VARZY, ch.-l. de c. (Nièvre), arr. de Clamecy ; 2.600 h. (Verdigeois). Ch. de f. P.-L.-M. Forges, faïencerie.
Q128027	VASARI (Giorgio), peintre et érudit italien, né à Arezzo, auteur du précieux recueil des Vies des meilleurs peintres, sculpteurs et architectes (1512-1574).
Q1246837	VASCONS [vas-kon], peuple de l'anc. Tarraconaise (Espagne), qui s'établit au viie s. au N. des Pyrénées. Ce nom est le même que celui de Gascons ou de Basques. Un savant naturaliste (Quatrefages) attribue, sans preuves décisives, aux Basques une origine mongolique, une parenté japonaise.
Q6711115	VASSEUR (Léon), compositeur français, né à Bapaume en 1844, auteur d'opérettes distinguées (la Timbale d'argent, la Cruche cassée, le Voyage de Suzette, etc.).
Q845014	VASSY, ch.-l. de c. (Calvados), arr. de Vire ; 2.100 h. (Vasséens).
Q1889603	Vasthi, personnage d'Esther, de Racine. Son orgueil et ses manières hautaines la font répudier au profit d'Esther par son époux Assuérus, roi de Perse.
Q472888	VATAY, ch.-l. de c. (Indre), arr. d'Issoudun ; 2.500 h.
Q430705	VATEL, maître d'hôtel du grand Condé, dont la mort tragique a été immortalisée par Mme de Sévigné. Voyant que la marée allait manquer à un dîner que le vainqueur de Rocroi offrait à Louis XIV dans sa magnifique résidence de Chantilly, Vatel se crut déshonoré et se perça de son épée, au moment où la marée arrivait enfin (1671).
Q145093	VATICAN, palais des papes, à Rome ; réunion de palais, de chapelles, etc., de date et de style divers. Musées et bibliothèques fort riches. C'est dans ce palais que se trouvent la chapelle Sixtine, les Loges et les Chambres de Raphaël ; on y admire aussi des œuvres du Pérugin, du Bramante et du Bernin.
Q190857	Vatican (Concile du), concile œcuménique tenu à Rome en 1869-1870, et où fut proclamé le dogme de l'infaillibilité pontificale.
Q2854147	VATIMESNIL [mé-nil] (Henri de), magistrat et homme d'Etat français, ministre de l'Instruction publique dans le ministère Martignac, né à Vatimesnil (Eure) [1789-1860].
Q929141	VATOUT [tou] (Jean), historien et écrivain français, né à Villefranche (Rhône) [1792-1848].
Q122386	VATTEL (Emmerich), publiciste suisse, auteur d'un remarquable Traité du droit des gens (1714-1767).
Q3175764	VATTEVILLE (Jean de), prélat et aventurier français, né à Besançon. Il se vendit à Louis XIV pour lui faciliter la conquête de la Franche-Comté (1613-1702).
Q192839	Vauban [vô] (Sébastien Le Prestre, seigneur de), ingénieur militaire et maréchal de France, né à Saint-Léger (Yonne). Né pauvre et privé de toute protection, il arriva aux plus hauts grades par son travail, son habileté et sa belle conduite dans les 53 sièges qu'il dirigea. Il fortifia les frontières de notre pays, construisit 33 places fortes et en répara 300. On disait communément : « Ville assiégée par Vauban, ville prise ; ville fortifiée (ou défendue) par Vauban, ville imprenable. » Vers la fin de sa vie, Vauban, que Saint-Simon proclame le plus honnête de son siècle, publia dans un vif sentiment d'humanité, un Projet de dîme royale, où il demandait l'égalité de l'impôt, et qui le fit disgracier par Louis XIV (1633-1707).
Q684831	VAUBECOURT [vô-be-kour], ch.-l. de c. (Meuse), arr. de Bar-le-Duc, sur l'Aisne ; 730 h.
Q360481	VAUBLANC [vô-blan] (Vincent-Marie, comte de), homme politique et écrivain français, né à Saint-Domingue (1756-1845).
Q2958137	VAUBOIS [vô-boi] (Claude-Henri, comte de), général français, né à Clairvaux (1748-1839).
Q454589	VAUCANSON [vô] (Jacques de), mécanicien français, né à Grenoble. Ses automates, le Joueur de flûte et surtout le Canard sont célèbres (1709-1782).
Q12792	VAUCLUSE [vô] (départ. de), département formé du comtat Venaissin, de la principauté d'Orange et d'une partie de la Provence ; préf. Avignon ; sous-préf. Apt, Carpentras, Orange ; 4 arr., 22 cant., 150 comm., 237.000 h. 15e corps d'armée ; cour d'appel de Nîmes, archevêché à Avignon. Ce départ. doit son nom à la fontaine de Vaucluse.
Q1816468	VAUCLUSE (fontaine de), source abondante jaillissant au village de Vaucluse, à 25 kil. d'Avignon. Elle a été immortalisée par les vers de Pétrarque.
Q59221	VAUCOULEURS [vô-kou-leur], ch.-l. de c. (Meuse), arr. de Commercy, sur la Meuse ; 3.000 h. Ch. de f. E. C'est au gouverneur de Vaucouleurs, Jean de Beaudricourt, que Jeanne d'Arc parla d'abord de son dessein de secourir Charles VII.
Q12771	VAUD [vô], un des cantons suisses ; 281.000 h. (Vaudois). Ch.-l. Lausanne.
Q201620	Vaudois [vô-doi], sectaires de la Provence, nommés ainsi peut-être du fondateur de leur secte, P. Valdo, ou de Vaux (xiie siècle), et presque complètement exterminés sous François Ier. Ils étaient remarquables par la pureté de leurs mœurs.
Q721452	VAUDOYER [vô-doi-ié] (Léon), architecte français, né à Paris (1803-1872).
Q286517	VAUDREMER [vô-dre-mèr] (Joseph-Auguste-Emile), architecte français, né à Paris en 1829.
Q560343	VAUGELAS [vô-je-la] (Claude), grammairien français, né à Meximieux (Ain), auteur des Remarques sur la langue française, dans lesquelles il s'attache à fixer le bon usage (1595-1650).
Q3555080	VAUGIRARD [vô-ji-rar], anc. comm. de la banlieue de Paris, annexée en 1860.
Q28381887	VAUGNERAY [vô-gne-rè], ch.-l. de c. (Rhône), arr. de Lyon ; 2.000 h. Ch. de f. P.-L.-M.
Q2823108	VAULABELLE [vô] (Achille de), historien et homme politique français, né à Châtel-Censoir (Yonne). On lui doit une fort estimable Histoire des deux Restaurations (1799-1879).
Q333438	VAUQUELIN [vô-ke-lin] (Louis-Nicolas), chimiste français, né à Saint-André [Calvados] (1763-1829).
Q1685890	VAUQUELIN DE LA FRESNAYE, poète français, né au château de La Fresnaye, près Falaise [Calvados] ; imitateur d'Horace, auteur d'un très intéressant Art poétique (1536-1606 ou 1608) ; — Son fils, Nicolas, sieur des Yvetaux, né à La Fresnaye, poète français (1559-1649).
Q106820381	Vautour (Monsieur), type créé par Désaugiers, et dont le nom désigne un propriétaire impitoyable.
Q1640004	Vautrin, un des types les plus accentués de H. de Balzac. C'est le forçat rompu à toutes les ruses et à tous les crimes, et qui, obligeant la justice à composer avec lui, parvient à se faire nommer chef de la police secrète.
Q551730	VAUVENARGUES [vô-ve-nar-ghe] (Luc de Clapiers, marquis de), moraliste français, né à Aix (Bouches-du-Rhône), auteur de Maximes d'une grande élévation morale, moins pessimistes que celles de La Rochefoucauld (1715-1747).
Q268025	VAUVERT [vô-vèr], ch.-l. de c. (Gard), arr. de Nîmes ; 4.600 h. (Vauvertois). Ch. de f. P.-L.-M.
Q743964	VAUVILLIERS, ch.-l. de c. (Haute-Saône), arr. de Lure ; 1.150 h.
Q3165926	VAUVILLIERS [vô-vi-lié] (Jean-François), helléniste et homme politique français, né à Nevers (1737-1801).
Q739976	Vaux [vô], château près de Melun, bâti par Levau pour le surintendant Fouquet, et décoré par Lebrun et Mignard.
Q18215182	Vaux de Vire (les), recueil de chansons attribuées à Olivier Basselin (xve siècle).
Q1158133	VAVINCOURT [kour], ch.-l. c. (Meuse), arr. de Bar-le-Duc ; 500 h.
Q1385704	VAYRAC [vè-rak], ch.-l. de c. (Lot), arr. de Gourdon ; 1.600 h.
Q47551	VECELLIO, nom de famille du Titien.
Q39950	Védas, livres sacrés des Hindous, en langue sanscrite, attribués à Vyâsa. Ce sont des recueils de prières, d'hymnes, de formules de consécration, d'expiation, etc. Les Pouranas, les Soutras, etc., sont des commmentaires de ces livres.
Q785355	VEEN (Otto Van), peintre hollandais, né à Leyde. Il fut le maître de Rubens (1556-1634).
Q4298	VÉGÈCE, écrivain latin et contemporain de Valentinien II, auteur d'un précieux Traité de l'art militaire (ive siècle).
Q639898	Vehme (la sainte), ou Cour vehmique, ou Tribunal des francs-juges, tribunal secret dont la puissance était très redoutée au xve siècle en Allemagne, et qui répandit une terreur salutaire parmi les seigneurs et les chevaliers brigands de ce pays.
Q677935	VÉIES [vé-i], ancienne v. d'Etrurie, prise par Camille en 395 av. J.-C. (Hab. Véiens.)
Q297	VÉLASQUEZ [kèz'], peintre espagnol, né à Séville (1599-1660). Portraitiste hardi et d'une facture merveilleusement simplifiée. Vélasquez est le peintre le plus puissant et le plus original qu'ait produit l'école espagnole.
Q1588777	VELAY [lè], ancien pays de France, vallée dominée par les puys volcaniques du Velay et les chaînes du Vivarais. (Hab. Velauniens.) Ch.-l. Le Puy.
Q732674	VÉLINES, ch.-l. de c. (Dordogne), arr. de Bergerac, non loin de la Dordogne ; 900 h. Ch. de f. Orl. Vins.
Q1235462	VELINO, riv. d'Italie, qui naît dans la prov. d'Aquila et se jette dans la Néra, affl. du Tibre.
Q267711	VELLÉDA, druidesse et prophétesse de Germanie, sous l'empereur Vespasien. Elle souleva avec Civilis une partie de la Gaule du Nord, et mourut captive à Rome après avoir orné le triomphe de Domitien.
Q18191199	Velléda, statue en marbre d'un beau modelé, par Maindron (1839) ; jardin du Luxembourg.
Q316098	VELLEIUS PATERCULUS. V. Paterculus.
Q189236	VELLETRI, v. d'Italie (anciens Etats de l'Eglise) ; 16.000 h. Patrie d'Auguste.
Q300577	VELLOUR ou VELLORE, v. de l'Hindoustan, dans le Carnatic ; 45.000 h.
Q1707673	VELLY (Paul-François), jésuite français, auteur d'une mauvaise Histoire de France, né à Crugny, (Aisne) [1709-1759].
Q930243	VELPEAU [pô] (Louis), chirurgien et physiologiste français, né à La Brèche [Indre-et-Loire], professeur remarquable de clinique chirurgicale (1795-1867).
Q245705	VENACO, ch.-l. de c. (Corse), arr. de Corte ; 1.900 h. Ch. de f. d'Ajaccio à Bastia.
Q1122980	VENAISSIN (comtat). V. Comtat.
Q192368	VENCE [van-se], ch.-l. de c. (Alpes-Maritimes), arr. de Grasse ; 3.100 h. (Vinciens). Ch. de f. P.-L.-M.
Q196527	VENCESLAS Ier [vin-sèss-lass], duc de Bohême de 926 à 935 ; — Venceslas II, duc de Bohême en 1191, détrôné la même année par le margrave de Lusace.
Q175833	VENCESLAS Ier, roi de Bohême en 1230.
Q155581	VENCESLAS II, roi de Bohême et de Hongrie en 1278.
Q54040	VENCESLAS III, roi de Hongrie en 1302 et de Bohême en 1305, tué en 1306.
Q152148	VENCESLAS IV, roi de Bohême en 1372, empereur d'Allemagne en 1378.
Q30742474	Venceslas, tragédie de Rotrou, en cinq actes et en vers (1647). C'est la meilleure de ses œuvres, d'un caractère vraiment tragique.
Q649696	VENDÉE (la) [van], riv. de France, qui prend sa source dans l'étang de Sauvagères (Deux-Sèvres) et se jette dans la Sèvre Niortaise (riv. dr.) ; 70 kil.
Q12798	VENDÉE (dép. de la), dép. formé de l'ancien bas Poitou ; préf. La Roche-sur-Yon ; s.-préf. Fontenay-le-Comte et Les Sables d'Olonne ; 3 arr., 30 cant., 303 comm. ; 441.000 h. 11e corps d'armée ; cour d'appel de Poitiers, évêché de Luçon. Ce dép. doit son nom à la rivière qui l'arrose.
Q8628	Vendée (guerres de), guerres civiles que soulevèrent dans l'Ouest, pendant la Révolution, les prêtres et les nobles, au nom du principe monarchique. Cathelineau, Charette, Stofflet, Lescure, Bonchamps furent les principaux chefs de la chouannerie, qui, après avoir remporté quelques succès à Fontenay et à Saumur, fut vaincue par Kléber, Marceau et surtout par Hoche, qui réussit à pacifier à peu près complètement le pays.
Q720498	Vendémiaire [van] (journée des 10 au 13) 1795, journées célèbres par la victoire remportée dans l'intérieur de Paris, sur les sections insurgées contre la Convention, par le général Bonaparte.
Q828682	VENDEUVRE [van], ch.-l. de c. (Aube), arr. de Bar-sur-Aube ; 2.100 h. Sur la Barse, affl. de la Seine ; ch. de f. E.
Q214575	VENDÔME [van], ch.-l. d'arr. (Loir-et-Cher), sur le Loir ; ch. de fer Orl. et Et. ; à 32 kil. N. O. de Blois ; 9.500 h. (Vendômois). Grains et bestiaux. Chanzy livra devant la ville, en 1870, un combat au prince Frédéric-Charles. — L'arr. a 8 cant., 109 comm., 76.000 h.
Q303843	VENDÔME (César, duc de), fils naturel de Henri IV et de Gabrielle d'Estrées, né au château de Coucy ; il joua un rôle dans la Fronde (1594-1665). — Son petit-fils, Louis-Joseph, un des meilleurs généraux de la fin du règne de Louis XIV, né à Paris. Paresseux et négligent, il rappelait le grand Condé par son sang-froid et son coup d'œil dans les circonstances critiques. Il se signala en Italie, pendant la guerre de succession d'Espagne, et, par la victoire de Villaviciosa, il consolida le trône de Philippe V (1654-1712). — Philippe, grand prieur de France et lieutenant général, frère du précédent, né à Paris. Il se distingua devant Namur, à Steinkerque, en Italie, en Catalogne, etc. (1655-1727).
Q643520	Vendôme (place), place monumentale de Paris, au milieu de laquelle s'élève la fameuse colonne de la Grande armée, haute de 44 mètres et revêtue du bronze de 1.200 canons pris à l'ennemi en 1805.
Q3735641	Vendredi, le serviteur et le fidèle compagnon de Robinson, qui l'a sauvé d'une mort affreuse. Son nom est devenu familier pour désigner un serviteur simple et dévoué.
Q173596	VENER [vè-nèr], lac de Suède, communiquant avec le lac Vetter et se déversant dans le Cattégat par le Göta-Elf ; 6.238 kil. carr.
Q847760	VÉNÈTES, peuple de la Gaule, dans la région actuelle de Vannes (Morbihan).
Q1243	VÉNÉTIE [sî], région du N.-E. de l'Italie, anciennement territoire de la république de Venise, annexée au royaume d'Italie en 1866 et divisée en neuf provinces ; 3.130.000 h. (Vénitiens).
Q717	VENEZUELA (Etats unis du), confédération de 9 Etats, 1 district fédéral, 1 territoire et 2 colonies, entre la Colombie, le Brésil et la mer des Antilles ; 942.000 kil. carr. ; 2.591.000 h. (Vénézuéliens ou Vénézolans). Capit. Caracas. Sol montagneux au N.-O. (Cordillère de Merida) et au S.-E. (sierra Parima) ; au centre se développe le fertile bassin de l'Orénoque (café, cacao, canne à sucre, bois d'ébénisterie et de teinture). V. pr. Puerto-Cabello, Maracaibo.
Q641	VENISE, v. d'Italie, bâtie sur les lagunes de l'Adriatique, qui forme à cet endroit le golfe de Venise ; ch.-l. de la prov. de son nom ; 152.000 h. (Vénitiens). Place et cathédrale de Saint-Marc, palais ducal, riches musées. — Venise fut, depuis le moyen âge, le centre d'une prospère république aristocratique, qui, sous le gouvernement de ses doges, étendit sa puissance sur une partie de la Lombardie, la Dalmatie, l'Albanie, une partie de la Morée, de la Macédoine et différentes îles de l'archipel. — La prov. a 409.000 h.
Q9777	VENLO ou VENLOO, v. des Pays-Bas (Limbourg), sur la Meuse ; 11.400 h.
Q52691	VENOSA ou VENOUSE, v. d'Italie (Basilicate), près du golfe de Manfredonia ; 8.000 h.
Q93259	VENT [van] (îles du et îles sous le). V. îles.
Q209064	VENTOUX, [van-tou] (mont), montagne des Alpes de Provence, près de Carpentras (Vaucluse) ; 1.912 mètres d'altitude.
Q3106859	VENTURA DE RAULICA (le Père), théologien et prédicateur, surnommé le Bossuet italien. Esprit libéral, orateur éloquent, il prêcha avec succès en France ; né à Palerme (1792-1861).
Q47652	VÉNUS [nuss], déesse de la beauté, qui naquit de l'écume de la mer, et qu'on représente souvent sortant des ondes, en tordant sa chevelure.
Q313	VÉNUS, la seconde des planètes qui gravitent autour du Soleil ; elle vient après Mercure et avant la Terre. On l'appelle aussi Vesper, et, communément, étoile du berger.
Q774967	Vénus de Médicis, statue antique, ayant une admirable expression de pudeur alarmée (musée des Offices, Florence).
Q618521	Vénus Callipyge, statue antique, aussi gracieuse, mais moins chaste que la Vénus de Médicis (musée de Naples).
Q2364240	Vénus de Capoue, statue antique ; le mouvement du torse et des jambes est le même que dans la Vénus de Milo, mais les accessoires diffèrent (musée de Naples).
Q151952	Vénus de Milo, statue antique au Louvre ; expression saisissante de fierté, de noblesse et de majesté.
Q207327	Vêpres siciliennes, massacre général des Français en Sicile en 1282, sous le gouvernement de Charles d'Anjou, frère de saint Louis. Il fut le résultat d'une conspiration ourdie par un partisan de la maison de Souabe, Jean de Procida. Le lundi de Pâques, au moment où les cloches appelaient les fidèles aux vêpres, les Siciliens se soulevèrent et firent un épouvantable massacre des Français qui se trouvaient dans l'île et surtout à Palerme. Deux chevaliers seulement échappèrent à la tuerie. Ces mots, Vêpres siciliennes, ont passé dans la plupart des langues et sont devenues synonymes de massacre général.
Q106830492	Vêpres siciliennes (les), tragédie de Casimir Delavigne ; œuvre très dramatique, restée au répertoire du Théâtre français (1819) ; — opéra en cinq actes, paroles de Scribe et Duveyrier, musique de Verdi (1855).
Q173270	VERA-CRUZ ou VERACRUZ, v. du Mexique, port sur le golfe du Mexique ; 24.000 h. — L'Etat (981.000 h.) a pour cap. Jalapa.
Q5990	VERCEIL [sè, l mll.], v. d'Italie (Piémont), sur la Sésia ; 29.500 h. L'an 101 av. J.-C., victoire de Marius sur les Cimbres. Sériciculture, minoterie.
Q2820481	VERCEL, ch.-l. de c. (Doubs), arr. de Beaume-les-Dames ; 1.230 h.
Q178953	VERCINGÉTORIX [riks], général et homme d'Etat gaulois, né dans le pays des Arvernes vers 72 av. J.-C. Jeune, éloquent, hardi, il fut proclamé, en 52, chef de la coalition des peuples gaulois contre César. Il défendit avec succès Gergovie, mais fut à son tour enfermé par César dans Alésia. Une armée gauloise de secours n'ayant pu le débloquer, il se livra à son vainqueur. Conduit à Rome, il fut exécuté, au bout de six ans de captivité, après avoir orné le triomphe de César (46).
Q3060207	VERCONSIN (Eugène), auteur dramatique français, né à Paris (1823-1892).
Q1435063	VERCORS [kor'], plateau et monts des Alpes, dans les dép. de la Drôme et de l'Isère ; 1.500 à 1.600 m. d'alt. Sites grandioses, belles forêts.
Q3555787	Verdets, bandes royalistes qui terrorisèrent le midi de la France après le 9-Thermidor et après les Cent-Jours, et dont le signe distinctif était un ruban vert porté au bras.
Q7317	VERDI (Giuseppe), compositeur italien, né à Roncole. Il a écrit de nombreux opéras : Ernani, la Traviata, le Trouvère, Don Carlos, Rigoletto, Aïda, Otello, Falstaff, etc., et un Requiem célèbre. Talent un peu inégal, harmoniste parfois négligent, il fut par excellence un musicien profondément dramatique et surtout théâtral, plein de passion et de véhémence (1813-1901).
Q255784	VERDON (le), riv. de France, qui baigne Castellane et se jette dans la Durance (riv. g.) ; 175 kil.
Q154748	VERDUN, ch.-l. d'arr. (Meuse), sur la Meuse ; ch. de f. E. ; à 50 kil. N. de Bar-le-Duc ; 21.500 h. (Verdunois). Evêché. Liqueurs, vinaigre, farines, passementerie, cuirs, limes. Camp retranché de premier ordre. Patrie de Chevert. En 843, les trois fils de Louis le Débonnaire signèrent un traité célèbre qui réglait le démembrement et le partage de l'empire carolingien. En 1552, Henri II réunit à la couronne cet évêché lorrain. En 1792, la capitulation de la place, marquée par des incidents peu patriotiques, amena le commandant Beaurepaire à se tuer plutôt que de se rendre aux Prussiens. Pendant la guerre franco-allemande, la place se défendit au contraire avec courage. — L'arr. a 7 cant., 149 comm., 79.000 h.
Q1626652	VERDUN-SUR-GARONNE, ch.-l. de c. (Tarn-et-Garonne), arr. de Castelsarrasin ; 2.250 h.
Q947003	VERDUN-SUR-LE-DOUBS [dou], ch.-l. de c. (Saône-et-Loire), arr. de Chalon-sur-Saône ; 1.500 h. (Verdunois). Ch. de f. P.-L.-M.
Q127017	VERESTCHAGUINE (Vasili), peintre russe, né en 1842 ; auteur de beaux tableaux historiques et militaires. Mort au siège de Port-Arthur, dans le naufrage du vaisseau amiral russe Petropavlosk.
Q820244	VERFEIL [fè, l mll.], ch.-l. de c. (Haute-Garonne), arr. de Toulouse, sur le Giron ; 1.850 h.
Q726681	VERGENNES (Charles Gravier, comte de), homme d'Etat français, ministre des Affaires étrangères sous Louis XVI, né à Dijon (1717-1787).
Q747460	VERGNIAUD [gnô] (Pierre-Victurnien), homme politique français, né à Limoges. Il fut arrêté avec les Girondins et périt sur l'échafaud (1753-1793).
Q1011573	VERGT [vèr], ch.-l. de c. (Dordogne), arr. de Périgueux ; 1.600 h. (Vernois).
Q755	VERLAINE [lè-ne] (Paul), poète français, né à Metz ; auteur de Fêtes galantes, Sagesse, etc. Ecrivain déconcertant, à la fois subtil et naïf, mais d'une remarquable puissance d'expression.
Q994711	VERMAND [man], ch.-l. de c. (Aisne), arr. de Saint-Quentin, sur l'Omignon ; 1.230 h. (Vermandois).
Q26385	VERMANDOIS [doi], petit pays de l'ancienne France, ch.-l. Saint-Quentin ; partagé aujourd'hui entre les dép. de l'Aisne et de la Somme.
Q513843	VERMANDOIS (Héribert comte de), ennemi de Charles le Simple, qu'il enferma à Château-Thierry, m. en 943 ; — Raoul, petit-fils du roi Henri Ier, compagnon et ami de Louis VI, m. en 1152.
Q270467	VERMEJO (rio), riv. de l'Amérique du Sud, séparant la Bolivie de la confédération Argentine et se jetant dans le Parana (riv. dr.) ; 1.800 kil.
Q28732226	VERMENTON [man], ch.-l. de c. (Yonne), arr. d'Auxerre, sur la Cure ; 2.000 h. Ch. de f. P.-L.-M.
Q16551	VERMONT [mon], un des Etats unis de l'Amérique ; 344.000 h. Capit. Montpellier. Agriculture et industrie très prospères.
Q33977	VERNE (Jules), romancier scientifique français, auteur de : Vingt mille lieues sous les mers, l'Ile mystérieuse, le Tour du monde en 80 jours, Michel Strogoff, etc., œuvres d'une invention ingénieuse et piquante, attachantes en même temps qu'instructives, né à Nantes (1828-1905).
Q315819	VERNET [nè] (Claude-Joseph), peintre de marines français, né à Avignon. Il a exécuté avec vigueur et correction plus de 200 tableaux ; ses effets de lumière sont magnifiques (1714-1789).
Q585852	VERNET (Carle), fils du précédent, peintre de batailles, né à Bordeaux ; il inaugura avec Gros la peinture militaire et excellait dans les chasses et les scènes populaires (1758-1835). — Horace, peintre français, fils et petit-fils des précédents, né à Paris. Il est le peintre de batailles par excellence ; son œuvre est immense et nul n'a mieux su reproduire une action, lui donner de la vie et en rendre tous les détails (1789-1863).
Q317271	VERNEUIL [neu, l mll.], ch.-l. de c. (Eure), arr. d'Evreux, sur l'Avre ; 4.400 h. (Vernoliens). Ch. de f. O.
Q4790979	VERNEUIL (Auguste), chirurgien français, auteur de travaux remarquables sur le tétanos et la tuberculose (1823-1895).
Q236736	VERNON, ch.-l. de c. (Eure), arr. d'Evreux, sur la Seine ; 8.800 h. (Vernonais). Ateliers de constructions militaires.
Q322367	VERNOUX [nou], ch.-l. de c. (Ardèche), arr. de Tournon ; 2.800 h.
Q2028	VÉRONE, v. d'Italie, sur l'Adige, ch.-l. de la prov. de son nom ; 73.000 h. (Véronais). Cour suprême de justice, Académies ; nombreuses antiquités romaines. Vérone, longtemps république indépendante, est encore l'une des places fortes du fameux quadrilatère lombard (Vérone, Mantoue, Peschiera, Legnano).
Q9440	VÉRONÈSE (Paul), peintre italien de l'école vénitienne, né à Vérone (1528-1588), auteur des Noces de Cana, du Repas chez Simon, du Triomphe de Venise, de l'Enlèvement d'Europe, etc. Ses tableaux, somptueux et mouvementés, ornés de monuments magnifiques, brillent par l'élégance, la richesse du coloris et l'harmonie de toutes les parties.
Q196653	VÉRONIQUE, femme juive qui, selon la tradition, essuya le visage de Jésus montant au Calvaire, avec un linge blanc, où se grava l'empreinte des traits du Sauveur.
Q1149870	VÉRONIQUE (sainte), religieuse italienne, née dans le Milanais. Elle se distingua par l'austérité de ses pénitences (1445-1497). Fête le 13 janvier.
Q1002751	VERPILLIÈRE (La), ch.-l. de c. (Isère), arr. de Vienne ; 1.350 h. Ch. de f. P.-L.-M.
Q20825798	Verre d'eau (le), une des plus agréables comédies de Scribe, intrigue amusante, où l'auteur s'efforce de montrer que les plus grands événements sont parfois amenés par des causes insignifiantes. Le verre d'eau est celui que la duchesse de Marlborough renversa sur la robe de la reine Anne, d'où la disgrâce de son mari et du parti wihg, etc. (1840).
Q368219	VERRÈS [rèss], proconsul romain, né à Rome en 119 av. J.-C. Célèbre par sa vénalité et ses déprédations dans les villes de Sicile, il fut accusé de concussion par Cicéron.
Q1581567	Verrines (les), discours de Cicéron contre le proconsul Verrès, chef-d'œuvre du grand orateur. Verrès dut s'exiler avant la fin du procès (71 av. J.-C.).
Q183458	VERROCCHIO [ki-o] (Andréa de Cioni, dit del), statuaire, peintre et architecte italien, né à Florence (1435-1488).
Q621	VERSAILLES [sa, ll mll.], ch.-l. du dép. de Seine-et-Oise ; 55.000 h. (Versaillais). Ch. de f. O. et Gr. ceinture, à 18 kil. S.-O. de Paris. Evêché ; école d'artillerie. Magnifique palais, où siégea le Parlement français de 1871 à 1878 ; parc dessiné par Le Nôtre et décoré de superbes jeux hydrauliques ; dans le palais, que complètent le grand et le petit Trianon et autres édifices séparés, on voit un riche musée de peintures et de sculptures relatives à l'histoire de France. Patrie des rois Louis XV, Louis XVI, Louis XVIII et Charles X, ainsi que de plusieurs hommes célèbres : abbé de l'Epée, Hoche, Houdon, Ducis, Arnault, Alexandre Berthier, Gourgaud. — Versailles est l'œuvre de Louis XIV, qui conserva le petit château de chasse bâti par Louis XIII et fit édifier, à partir de 1661, le monument qui fut le centre d'attraction de la ville royale, aux rues symétriques et aux avenues imposantes. En 1783 y fut signé le traité qui mettait fin à la guerre d'Amérique. En 1788, l'assemblée des notables, suivie de la convocation des états généraux et du célèbre serment de la séance du Jeu de paume, fut le prélude des scènes retentissantes de la Révolution. En 1815, Versailles fut livrée à un affreux pillage par les Prussiens. En 1870, elle devint le quartier général de l'armée allemande et n'échappa que par cette circonstance fortuite à une nouvelle dévastation. — L'arrond. a 10 cant., 115 comm., 266.500 h.
Q1046042	Vers dorés, recueil de préceptes moraux attribués à Pythagore, mais qui paraissent être de Lysis (vie s. av. J.-C.).
Q162119	VERSEAU (le), signe du zodiaque, correspondant au mois de janvier.
Q209329	VERSECZ [sètch], v. de Hongrie (comitat de Temes) ; 25.000 h.
Q216889	VERT [vèr] (cap), promontoire de la côte du Sénégal, qui a donné son nom aux îles voisines. V. Cap-Vert (îles du).
Q1215048	VERTAIZON [tè], ch.-l. de c. (Puy-de-Dôme), arr. de Clermont-Ferrand, sur l'Allier ; 1.900 h. Ch. de f. P.-L.-M.
Q1079390	VERTEILLAC [tè, ll mll., ak], ch.-l. de c. (Dordogne), arr. de Ribérac, près des sources de la Souvanie ; 950 h.
Q1529470	VERTOT [to] (l'abbé René), historien français, né au château de Bennetot (Seine-Inférieure) [1655-1735], auteur de l'Histoire des révolutions romaines, de l'Histoire de l'ordre de Malte, etc. ; œuvres superficielles, un peu romanesques, mais dont la vogue fut considérable.
Q328077	VERTOU, ch.-l. de c. (Loire-Inférieure), arr. de Nantes, sur la Sèvre Nantaise ; 5.400 h. (Vertouins). Ch. de f. Et.
Q374311	VERTUMNE, divinité romaine d'origine étrusque, qui présidait aux saisons (Myth.).
Q501906	VERTUS [tu], ch.-l. de c. (Marne), arr. de Châlons-sur-Marne ; 3.100 h. Ch. de f. E. Vins.
Q3556193	Vert-Vert [vèr-vèr], poème badin, où Gresset célèbre avec un esprit original et une gaieté décente les aventures du perroquet des visitandines de Nevers (1734).
Q1433	VERUS [russ], César romain adopté et associé à l'empire par Marc-Aurèle (130-169).
Q202954	VERVIERS [vi-é], v. de Belgique, prov. de Liège, sur la Vesdre ; 52.400 h. (Verviétois). Draps, dentelles. Métallurgie.
Q209840	VERVINS [vin], ch.-l. d'arr. (Aisne), anc. capit. de la Thiérache, au-dessus du Chertemps ; 3.300 h. (Vervinois). Ch. de f. E., à 38 kil. N.-E. de Laon. Tissus de fil et de coton, de tricots de laine, de toiles à sacs. En 1508, Henri IV et Philippe II y signèrent un traité qui mit fin aux guerres de religion. — L'arrond. a 8 cant., 133 comm., 103.700 h.
Q839779	VERZY, ch.-l. de c. (Marne), arr. de Reims, au-dessus de la Vesle ; 1.550 h.
Q170267	VÉSALE (André), le plus grand anatomiste du xvie siècle, né à Bruxelles. Il pratiqua un des premiers, systématiquement, la dissection du corps humain, et attaqua hardiment les opinions traditionnelles de Galien (1514-1564).
Q653219	VESCOVATO, ch.-l. de c. (Corse), arr. de Bastia, non loin du Golo ; 1.600 h.
Q1163054	VÉSÉRIS [riss], site de l'anc. Campanie, près du Vésuve, où Decius Mus et Manlius Torquatus vainquirent les Latins (340 av. J.-C.).
Q641607	VÉSINET [nè] (Le), comm. du dép. de Seine-et-Oise, près de la forêt de Saint-Germain-en-Laye, sur la Seine ; 5.500 h. Ch. de f. O. Asile fondé en 1859.
Q729611	VESLE (la), riv. de France, passe à Reims et se jette dans l'Aisne (r. g.) ; 143 kil.
Q203309	VESOUL, ch.-l. du dép. de la Haute-Saône, sur le Durgeon ; 9.700 h. (Vésuliens). Ch. de f. E. et P.-L.-M., à 318 kil. S.-E. de Paris. Etoffes, toiles, sel, légumes secs, vannerie. — L'arrond. a 10 cant., 215 comm., 82.200 h.
Q1419	VESPASIEN [zi-in], empereur romain, de 69 à 79, né à Réate. Caractère énergique, de mœurs simples, il pacifia la Judée, réforma le sénat et l'ordre équestre, et éleva le Colisée. Tombé malade et sentant sa fin prochaine, il fit un suprême effort pour se lever en disant à ceux qui l'entouraient : « Un empereur doit mourir debout. » Puis il expira dans les bras de ses officiers. Une autre réponse du même personnage lui fait moins d'honneur. Son fils Titus s'étonnant qu'un impôt eût été mis à Rome sur les latrines, Vespasien dit au jeune prince, en lui donnant à sentir une pièce de monnaie : « L'argent n'a pas d'odeur » ; mots souvent répétés depuis et qui tendent à justifier un gain plus ou moins honnête (7-79).
Q178710	VESTA, déesse du feu chez les Romains, correspondant à la Hestia des Grecs. Elle était la déesse du foyer et inséparablement liée aux Pénates.
Q1622224	Vestale (la), tragédie lyrique en trois actes, paroles de Jouy, musique de Spontini (1807), remarquable par le charme de l'expression, la correction et l'ampleur du style. Le même sujet à été traité par Marcadanti (1841).
Q188761	Vestales, prêtresses choisies par le grand pontife dans les grandes familles de Rome, et qui entretenaient jour et nuit le feu sacré sur l'autel de Vesta. Elles étaient tenues de garder la chasteté pendant tout le temps de leur ministère. Celle qui violait son vœu ou laissait éteindre le feu sacré était enterrée vive. Par contre, elles jouissaient d'honneurs et de privilèges considérables, notamment du droit de gracier le criminel qu'elles rencontraient par hasard sur le chemin du supplice.
Q29073	VESTRIS [triss] (Gaétan), fameux danseur de l'Opéra de Paris, né à Florence (1729-1808). — Son fils Auguste, danseur également remarquable, né à Paris (1760-1842).
Q524	VÉSUVE, volcan de 1.200 m. de hauteur, à 8 kil. S.-E. de Naples, dont la première éruption historique fut celle de l'an 79 av. J.-C., qui ensevelit Herculanum et Pompéi.
Q146317	VESZPREM [prèm], v. de Hongrie, près du lac Balaton, ch.-l. de comitat ; 13.000 h.
Q188195	VETTER, lac de la Suède, uni par le Göta-Elf au lac Vener et se déversant dans la Baltique par la Motala.
Q1538734	VÉTURIE, mère de Coriolan, dont les supplications décidèrent son fils à renoncer à ses projets contre Rome.
Q2404639	VEUILLOT [ll mll., o] (Louis), publiciste catholique français, né à Boynes (Loiret), fondateur de l'Univers. Il écrivit : les Odeurs de Paris, le Parfum de Rome, le Pape et la diplomatie, etc. Fougueux défenseur de l'ultramontanisme, il a montré dans ses livres, à côté d'inévitables partis pris, le talent robuste, hardi et clair d'un écrivain de race (1813-1883).
Q68160	VEVEY [vè], v. de Suisse, cant. de Vaud, sur le lac de Genève ; 9.500 h. (Veveysans). Station climatérique ; vins.
Q1476089	VEXIN [vèk-sin], pays de l'ancienne France, divisé en Vexin français, ch.-l. Pontoise, et en Vexin normand, ch.-l. Gisors. (Hab. Vexinois.)
Q472888	VEYLE [vè-le] (la), riv. de France, qui passe près de Bourg (Ain) et à Pont-de-Veyle, et se jette dans la Saône (r. g.), près de Mâcon ; 68 kil.
Q470679	VEYNES [vè-ne], ch.-l. de c. (Hautes-Alpes), arr. de Gap, sur le petit Buech ; 2.350 h. Ch. de f. P.-L.-M.
Q549695	VEYRE-MONTON [vè-re], ch.-l. de c. (Puy-de-Dôme), arr. de Clermont-Ferrand ; 1.600 h. Papeterie.
Q204979	VÉZELAY [lè], ch.-l. de c. (Yonne), arr. d'Avallon ; 800 h. (Vézeliens). C'est là que saint Bernard prêcha la 2e croisade en 1147 ; magnifique église, reste d'une abbaye fondée en 864.
Q733184	VÉZELISE, ch.-l. de c. (Meurthe-et-Moselle), arr. de Nancy ; 1.300 h. Ch. de f. E.
Q261590	VÉZÉNOBRES, ch.-l. de c. (Gard), arr. d'Alais ; 920 h. Ch. de f. P.-L.-M.
Q118167	VÉZÈRE (la), riv. de France, qui naît dans les monts du Limousin, baigne Larche, Terrasson, et se jette dans la Dordogne (riv. dr.) ; 192 kil.
Q660021	VÉZERONCE, comm. du dép. de l'Isère, arr. de La Tour-du-Pin ; 1.200 h. Fut en 524 le théâtre d'une grande bataille entre Clodomir et le roi des Burgondes, Gondemar ; Clodomir y trouva la mort.
Q1141377	VEZIN [zin], ch.-l. de c. (Aveyron), arr. de Millau ; 1.620 h.
Q753074	VEZZANI, ch.-l. de c. (Corse), arr. de Corte ; 1.100 h.
Q279732	VIALA (Joseph-Agricol), enfant célèbre par son héroïsme, né à Avignon, tué sur les bords de la Durance en essayant de couper les câbles des pontons pour empêcher les royalistes de franchir la rivière (1780-1793).
Q208158	VIANNA DO CASTELLO, v. de Portugal (Entre-Douro-et-Minho) ; 10.000 h.
Q584292	VIARDOT [do] (Louis), littérateur français, auteur de travaux estimables sur la littérature espagnole, né à Dijon (1800-1883). — Sa femme, Pauline, née Garcia, cantatrice française, née à Paris en 1821.
Q5384	VIATKA, v. de Russie, ch.-l. de gouv., sur la Viatka, affl. de la Kama ; 25.000 h. — Le gouv. a 3.083.000 h.
Q462644	VIAU [vi-ô] (Théophile de), poète français, auteur de Pyrame et Thisbé et du Parnasse satirique. Huguenot de naissance, libertin de conviction, condamné à mort pour ce motif, il fut presque un grand poète, par le tour imagé et énergique (1590-1626).
Q102307	VIAZMA, v. de Russie (gouv. de Smolensk), sur la Viazma ; 25.000 h.
Q14657	VIBORG, v. et port de la Russie d'Europe, ch.-l. de gouvernement, dans la Finlande ; 27.000 h. Le gouv. a 438.000 h.
Q749693	VIBRAYE [brè], ch.-l. de c. (Sarthe), arr. de Saint-Calais ; 3.000 h. (Vibraysiens). Toiles.
Q1230723	VICAIRE [kè-re] (Gabriel), poète français, né à Belfort, auteur des Emaux bressans (1848-1900).
Q1196205	Vicaire de Wakefield (le), roman populaire de Goldsmith, sorte d'épopée domestique, aussi aimable par la morale que par le style (1766).
Q3211980	Vicaire savoyard (Profession de foi du), un des épisodes les plus remarquables de l'Emile, où J.-J. Rousseau s'efforce de démontrer la nécessité d'une religion toute personnelle, fondée à la fois sur le spectacle de la nature et sur le sentiment intérieur.
Q1087730	VICDESSOS [soss], ch.-l. de c. (Ariège), arr. de Foix ; 650 h.
Q1324316	VIC-EN-BIGORRE, ch.-l. de c. (Hautes-Pyrénées), arr. de Tarbes, près de l'Adour ; 3.800 h. Ch. de f. M.
Q6537	VICENCE [san-se], v. d'Italie (Vénétie), ch.-l. de prov. ; 45.000 h. (Vicentins). Filatures. — La prov. a 457.000 h.
Q646551	VIC-FEZENSAC [zin-sak], ch.-l. de c. (Gers), arr. d'Auch ; 3.250 h. Eaux-de-vie.
Q13855	VICH ou VIQUE, v. d'Espagne (Catalogne) ; 12.000 h.
Q11380	VICHNOU, second terme de la Trinité brahmique.
Q93351	VICHY, ch.-l. de c. de l'Allier, arr. de La Palisse, sur l'Allier ; 15.000 h. (Vichyssois). Ch. de f. P.-L.-M. Eaux thermales très fréquentées pour le traitement des maladies du foie et de l'appareil digestif.
Q41109	VIC-LE-COMTE, ch.-l. de c. (Puy-de-Dôme), arr. de Clermont ; 2.400 h. Ch. de f. P.-L.-M.
Q178709	VICO (Jean-Baptiste), philosophe italien, né à Naples, auteur de la Science nouvelle et des Principes de la philosophie de l'histoire (1668-1744).
Q685988	VICO, ch.-l. de c. (Corse), arr. d'Ajaccio ; 1.700 h.
Q769001	Vicomte de Bragelonne (le), roman d'Alex. Dumas père, qui fait suite à Vingt ans après, et qui est le dénouement des Trois Mousquetaires (1850). Les personnages de ce drame sont innombrables et le héros en est encore d'Artagnan. Là aussi l'auteur fait preuve d'une verve étincelante qui tient le lecteur sous le charme.
Q961753	VICQ-D'AZYR (Félix), médecin français, auteur des premiers travaux d'anatomie comparée, né à Valognes (1748-1794).
Q990682	VIC-SUR-AISNE (è-ne), ch.-l. de c. (Aisne), arr. de Soissons ; 1.000 h. Ch. de f. N.
Q474476	VIC-SUR-CÈRE, ch.-l. de c. (Cantal), arr. d'Aurillac ; 1.850 h. Ch. de f. Orl. Eaux minérales.
Q22351	VIC-SUR-SEILLES (sè, ll mll.), anc. ch.-l. de c. (Meurthe) ; cédé à l'Allemagne ; 2.000 h.
Q1996932	Victoire de Constantin sur Maxence (la), bataille en style épique, peinte à fresque par Jules Romain sur les dessins de Raphaël ; au Vatican (Chambres).
Q127989	VICTOR Ier (saint), pape de 185 à 197. Fête le 28 juillet. — Victor II, pape de 1055 à 1057. — Victor III, pape de 1086 à 1087.
Q372750	VICTOR (Claude), duc de Bellune, maréchal de France, né à La Marche [Vosges] (1766-1841).
Q356145	VICTOR-AMÉDÉE Ier, duc de Savoie de 1630 à 1637. — Victor-Amédée II, duc de Savoie en 1675, roi de Sardaigne après le traité d'Utrecht (1713) ; m. en 1732. — Victor-Amédée III, roi de Sardaigne de 1773 à 1796.
Q175250	VICTOR-EMMANUEL Ier, roi de Sardaigne de 1802 à 1821. — Victor-Emmanuel II, roi de Sardaigne (1849), puis roi d'Italie (1860), fils de Charles-Albert, né en 1820, mort à Rome en 1878. Il fut l'allié de la France contre la Russie (1854) et l'Autriche (1859), et le véritable créateur, avec son ministre Cavour, de l'unité italienne. — Victor-Emmanuel III, roi d'Italie, fils de Humbert Ier, né à Naples en 1869, monté sur le trône en 1900. Il a accentué le rapprochement de l'Italie et de la France, un moment séparées par la Triple-Alliance.
Q36687	VICTORIA, un des Etats de l'Australie, dans le S. de la grande île ; 1.205.000 h. Capit. Melbourne. Riches mines d'or. Elevage important.
Q9439	VICTORIA Ire, reine d'Angleterre, née à Londres (1819-1901) ; couronnée en 1837. Elle rapprocha l'Angleterre de la France (1852), prit part à la guerre de Crimée et vit la révolte et la pacification de l'Inde, dont elle devint l'impératrice ; ses derniers jours furent attristés par la guerre du Transvaal.
Q94050	Victoria (ordre royal de), ordre anglais fondé en 1896 pour récompenser les services civils et militaires. Ruban bleu foncé avec lisérés rouge, blanc, rouge.
Q5505	VICTORIA-NYANZA, grand lac de l'Afrique équatoriale, d'où sort la branche mère du Nil ; 83.300 kil. carr.
Q1340193	VIDA (Jérôme), poète latin moderne, né à Crémone (1480-1566).
Q19642529	VIDAL (Louis Navatel, dit), sculpteur animalier français, né à Nîmes (1831-1892).
Q1460425	VIDAL (Paul), compositeur français, né à Toulouse en 1863.
Q178531	VIDIN ou AVIDDIN, v. de Bulgarie, sur le Danube ; 15.000 h.
Q2096448	VIDOURLE, fleuve côtier du Gard et de l'Hérault ; il passe au bas de Lunel et se perd dans la Méditerranée. Célèbre par ses crues extraordinaires, dites Vidourlades. 80 kilom.
Q18084	Vie nouvelle (la) ou Vita Nuova, une des œuvres de Dante, où il raconte sa passion pour Béatrix, étrange composé de mysticisme exalté, de tendresse poétique et de sécheresse scolastique.
Q1807287	Vie parisienne (la), opérette en quatre actes et cinq tableaux, paroles de H. Meilhac et L. Halévy, musique d'Offenbach (1866) ; plusieurs morceaux de la partition sont restés populaires.
Q94737	Vie pour le Tsar (la), opéra russe, livret du baron Rosen, musique de Glinka (1836).
Q3024065	Vies des excellents capitaines, opuscule de Cornélius Nepos, qui paraît être le simple abrégé d'un ouvrage original (ier s. av. J.-C.).
Q842337	Vies des hommes illustres, grecs et romains, par Plutarque, un des livres les plus populaires, les plus aimables et les plus instructifs que l'antiquité nous ait légués. Cet ouvrage comprend quarante-neuf vies différentes disposées selon un parallélisme un peu factice, mais d'où ressort un haut enseignement moral (iie s.).
Q1282359	Vies, dogmes et dits mémorables des philosophes illustres, ouvrage précieux sur l'histoire de la philosophie antique, par Diogène Laërce (iie s.).
Q1645493	Vies des meilleurs peintres, sculpteurs et architectes du XVIe siècle, par Vasari ; ouvrage judicieux et très utile, mais parfois inexact (1550).
Q106821038	Vies des hommes illustres et des grands capitaines, ouvrage anecdotique de Brantôme. Elles sont l'œuvre d'un conteur accompli, mais témoignent d'une absence exceptionnelle de sens moral (1665).
Q4015014	Vies des poètes anglais, excellent ouvrage de S. Johnson (1779-1781), trésor de critique et de biographie littéraire.
Q1051232	Vieillesse (De la). V. Caton.
Q320711	VIEILLEVILLE (François de), maréchal de France, un des négociateurs du traité de Cateau-Cambrésis (1510-1571).
Q506976	VIEL-CASTEL (Gabriel de), diplomate et littérateur français, né à Paris, auteur d'une bonne Histoire de la Révolution (1800-1887).
Q1323900	VIELLE-AURE, ch.-l. de c. (Hautes-Pyrénées), arr. de Bagnères, sur la Vieste ; 520 h.
Q1618497	VIELMUR, ch.-l. de c. (Tarn), arr. de Castres ; 880 h. Sur l'Agout.
Q647934	VIEN [vi-in] (Joseph-Marie), peintre français, né à Montpellier ; il fut le maître de David (1716-1809).
Q3557971	VIENNAISE, prov. de la Gaule romaine, capit. Vienne ; au ve s., elle forma deux prov. : Viennaise Ire, capit. Vienne, et Viennaise IIe, capit. Arles.
Q1741	VIENNE, capit. de l'empire d'Autriche-Hongrie, sur le Danube, à 1.400 kil. de Paris ; 1.675.000 h. (Viennois). Résidence de l'empereur, siège du gouvernement autrichien ; université ; nombreuses et riches bibliothèques ; beaux édifices ; promenade du Prater ; industrie très active. Plusieurs traités y furent signés ; celui de 1738 qui mit fin à la guerre de la succession de Pologne ; celui de 1809, après Wagram ; ceux surtout qui furent conclus par le congrès de 1814-1815, et qui réorganisèrent l'Europe après la disparition de Napoléon.
Q26849	VIENNE, ch.-l. d'arr. (Isère), sur le Rhône ; ch. de f. P.-L.-M. ; à 80 kil. N.-O. de Grenoble ; 24.600 h. (Viennois). Draps, métallurgie, papeterie, etc. Patrie de saint Mamert, de Fr. Ponsard et de Ch. Reynaud. — L'arr. a 10 cant., 136 comm., 135.000 h.
Q659546	VIENNE (la), riv. de France, qui prend sa source dans le départ. de la Corrèze, sur le plateau de Millevache, arrose Limoges, Confolens, Châtellerault et Chinon, et se jette dans la Loire (riv. g.) ; 372 kil.
Q12804	VIENNE (départ. de la), départ. formé de diverses parties du Poitou, de la Touraine et du Berry ; préf. Poitiers ; s.-préf. Châtellerault, Civray, Loudun et Montmorillon ; 5 arr., 31 cant., 300 comm. ; 336.500 h. 9e corps d'armée ; cour d'appel et évêché à Poitiers. Ce départ. doit son nom à la rivière qui l'arrose.
Q12808	VIENNE (dép. de la Haute-), dép. formé du Limousin et de parties de la Marche, du Poitou et du Berry ; préf. Limoges ; s.-préf. Bellac, Rochechouart et Saint-Yrieix ; 4 arr., 29 cant., 203 comm. ; 382.000 h. 12e corps d'armée ; cour d'appel et évêché à Limoges. Ce dép. doit son nom à la rivière qui l'arrose.
Q1398338	VIENNE (Jean de), amiral de France. Il se signala pendant la guerre de Cent ans et trouva la mort dans la croisade de Nicopolis (1341-1396).
Q205591	VIENNET [nè] (Guillaume), poète français, né à Béziers, académicien, le dernier des classiques, auteur d'Epîtres, de Fables, de tragédies (1777-1868).
Q134061	VIERGE (la), signe du zodiaque qui correspond au mois d'août.
Q18565917	Vierge à l'oreiller vert (la), tableau d'Andrea Solario (Louvre) ; production délicate et charmante d'un maître dont les œuvres sont très rares.
Q1608116	Vierge aux anges (la), chef-d'œuvre de Cimabué (Louvre) ; peinture pleine de grandeur et de noblesse dans son archaïsme.
Q269342	Vierge aux rochers (la), tableau de Léonard de Vinci (Louvre).
Q8634271	Vierges (les) ou les Madones, de Raphaël. L'illustre artiste a peint un grand nombre de madones, dont beaucoup sont des chefs-d'œuvre. Leur célébrité même nous dispense d'en faire ici l'éloge. Elles doivent pour la plupart le nom sous lequel elles sont connues à l'objet le plus saillant qui les accompagne ou aux personnages qui les ont possédées. En voici l'énumération : la Vierge à la chaise, au palais Pitti (Florence) ; la Vierge au baldaquin, même palais ; la Vierge du grand duc, même palais ; la Vierge à la perle, musée de Madrid ; la Vierge à la rose, même musée ; la Vierge aux poissons, même musée ; la Vierge à la tente, musée de Turin ; la Vierge au chardonneret, musée des Offices (Florence), etc. ; la Vierge au jardin, plus connue sous le titre de la Belle Jardinière, au Louvre ; la Vierge au linge ou au voile, ou au diadème, même musée.
Q26262	VIERGES (îles), groupe d'îles au N. des petites Antilles, appartenant aux Anglais et aux Danois.
Q3902	VIERSEN [sèn], v. de Prusse (prov. du Rhin), près de la Niers ; 23.000 h. Filatures.
Q208538	VIERZON ou VIERZON-VILLE, ch.-l. de c. (Cher), arr. de Bourges ; 12.000 h. (Vierzonnais). Métallurgie du fer. Sur le Cher ; ch. de f. Orl. — Vierzon-Village, comm. voisine de la précédente ; 9.200 h. Forges, faïenceries.
Q188623	VIÈTE (François), savant mathématicien français, né à Fontenay-le-Comte. Il transforma complètement l'algèbre en se servant de lettres pour représenter des quantités, et en précisant ses rapports avec la géométrie (1540-1603).
Q3558113	Vieux de la montagne. V. Aladin.
Q312790	VIEUXTEMPS [vi-eu-tan] (Henri), violoniste belge, né à Verviers (1820-1881).
Q776983	VIF, ch.-l. de c. (Isère), arr. de Grenoble, sur la Gresse ; 2.700 h. Ch. de f. P.-L.-M.
Q210229	VIGAN (Le), ch.-l. d'arr. (Gard), sur l'Arre ; ch. de f. P.-L.-M. ; à 82 kil. N.-O. de Nîmes ; 1.500 h. (Viganais). Soie grège, bonneterie, vins, huile ; bassin houiller. Patrie du chevalier d'Assas. — L'arrond. a 10 cant., 77 comm., 52.800 h.
Q3592389	VIGÉE, poète français, né à Paris, auteur de poésies fugitives assez agréables (1768-1820).
Q1020845	VIGEOIS [joi], ch.-l. de c. (Corrèze), arr. dé Brive, sur la Vézère ; 2.800 h. Ch. de f. Orl.
Q40832	VIGEVANO, v. d'Italie (Lombardie) ; 21.000 h. Filatures.
Q168734	VIGILE, pape de 537 à 555, né à Rome.
Q1348903	VIGNEMALE (le), pic des Pyrénées, à 28 kil. de Luz ; 3.298 m. d'altitude. Beaux glaciers.
Q223719	VIGNEULLES-LÈZ-HATTON-CHÂTEL, ch.-l. de c. (Meuse), arr. de Commercy ; 900 h.
Q297565	VIGNOLE (Jacques Barozzio, dit), architecte italien, né à Vignola (Modène), regardé comme le premier qui ait fixé les règles de l'architecture moderne (1507-1573).
Q829280	VIGNORY, ch.-l. de c. (Haute-Marne), arr. de Chaumont ; 500 h. Près de la Marne. Ch. de f. E.
Q309702	VIGNY (Alfred de), poète, romancier et auteur dramatique français, né à Loches, auteur des Poèmes antiques et modernes, Servitude et grandeur militaires, les Destinées, Chatterton, Cinq-Mars, etc. La solitude à laquelle condamne le génie, l'indifférence de la nature et des hommes, la résignation stoïque qu'il convient de leur opposer, tels sont les thèmes favoris de son œuvre, un peu courte de souffle, mais d'une exceptionnelle élévation morale (1797-1863).
Q8745	VIGO, v. et port d'Espagne (Galice), sur la haie de son nom ; 15.000 h. Des galions chargés d'énormes lingots d'or et d'argent furent coulés en 1707 par la flotte anglo-hollandaise dans la baie de Vigo.
Q749015	VIHIERS [vi-é], ch.-l. de c. (Maine-et-Loire), arr. de Saumur ; 1.400 h.
Q12567	VIKINGS [kin'gh'], nom des pillards scandinaves qui, du xie au xiie siècle, multiplièrent leurs expéditions dans toutes les mers d'Europe.
Q842462	VILAINE [lè-ne] (la), fleuve côtier de France, qui prend sa source dans le dép. de la Mayenne, baigne Vitré, Rennes, Redon, et se jette dans l'Atlantique ; cours 225 kil.
Q483522	VILLACH [vi-lak], v. d'Austro-Hongrie (Carinthie), sur la Drave ; 7.800 h. Eaux minérales.
Q47614	VILLAFRANCA, v. d'Italie, sur le Pô, où eut lieu l'entrevue de Napoléon III avec l'empereur d'Autriche en 1859, et où furent signés les préliminaires qui mettaient fin à la guerre d'Italie ; 8.750 h.
Q16385462	Village abandonné (le), poème de Goldsmith, le meilleur des ouvrages en vers de l'auteur, qui y décrit une colonie de pauvres paysans chassés de leurs demeures par les nécessités de la civilisation (1769).
Q753789	VILLAINES-LA-JUHEL [lè-ne], ch.-l. de c. (Mayenne), arr. de Mayenne ; 2.550 h. Ch. de f. O.
Q202131	VILLAMBLARD [lan-blar], ch.-l. de c. (Dordogne), arr. de Bergerac ; 1.200 h.
Q187654	VILLANDRAUT [drô], ch.-l. de c. (Gironde), arr. de Bazas ; 1.100 h. (Villandrautins). Ch. de f. M. Vins.
Q704179	VILLANI (Giovanni), historien italien, né à Florence, auteur de célèbres Histoires Florentines (1276-1348).
Q696499	VILLARD-DE-LANS [lar-de-lanss], ch.-l. de c. (Isère), arr. de Grenoble ; 1.800 h.
Q12292	VILLAREAL, v. d'Espagne, prov. de Castellon de la Plana ; 15.000 h.
Q1553972	VILLARET [rè] (Guillaume de), grand maître de l'ordre de Saint-Jean-de-Jérusalem, m. en 1308. — Son frère Foulques, grand maître de l'ordre de Saint-Jean-de-Jérusalem, m. en 1327.
Q1708179	VILLARET [rè] (Claude), historien français, continuateur de l'Histoire de France de Velly, né à Paris (1716-1766).
Q1152832	VILLARET DE JOYEUSE (Louis), amiral français, né à Auch en 1750. Il livra contre l'amiral anglais Howe la célèbre bataille navale où périt le vaisseau le Vengeur ; m. à Venise en 1812.
Q18104	VILLARS, ch.-l. de c. (Ain), arr. de Trévoux ; 1.500 h.
Q682852	VILLARS, ch.-l. de c. (Alpes-Maritimes), arr. de Puget-Théniers ; 730 h. Près du Var.
Q158654	VILLARS [lar] (maréchal de), né à Moulins, diplomate et célèbre capitaine français. Il remporta les victoires de Friedlingen (1702), prit Kehl (1703), commanda l'armée de la Moselle en 1705-1706, pacifia les Cévennes troublées par les luttes religieuses des camisards, fut moins heureux à Malplaquet, où il fut blessé (1709), mais sauva la France à Denain en 1712. Il négocia ensuite la paix de Rastadt avec l'Autriche (1653-1734).
Q40708	VILLAVICIOSA, village d'Espagne (Nouvelle-Castille), où Vendôme vainquit les Impériaux en 1710 ; 150 h.
Q21606	VILLÉ, ancien ch.-l. de c. (Bas-Rhin), arr. de Schlestadt ; cédé à l'Allemagne ; 1.000 h.
Q837498	VILLEBOIS-LA-VALETTE [boi], ch.-l. de c. (Charente), arr. d'Angoulême ; 750 h.
Q1626387	VILLEBRUMIER [mi-é], ch.-l. de c. (Tarn-et-Garonne), arr. de Montauban, sur le Tarn ; 600 h.
Q629673	VILLEDIEU, ch.-l. de c. (Manche), arr. d'Avranches ; 3.260 h. Ch. de f. O.
Q525951	VILLEDIEU (La), ch.-l. de c. (Vienne), arr. de Poitiers ; 540 h.
Q1224323	VILLE-EN-TARDENOIS, ch.-l. de c. (Marne), arr. de Reims ; 500 h.
Q1614850	VILLEFAGNAN, ch.-l. de c. (Charente), arr. de Ruffec ; 1.400 h.
Q375723	VILLEFORT [for], ch.-l. de c. (Lozère), arr. de Mende ; 1.340 h. Ch. de f. P.-L.-M.
Q207080	VILLEFRANCHE, ch.-l. de c. (Alpes-Maritimes), arr. de Nice ; 5.000 h. Bonne rade sur le golfe de Gênes. Ch. de f. P.-L.-M.
Q671059	VILLEFRANCHE ou VILLEFRANCHE-DE-LAURAGUAIS [lô-ra-ghè], ch.-l. d'arr. (Haute-Garonne), sur le Lers et le canal du Midi ; ch. de f. M. ; à 36 kil. S.-E. de Toulouse ; 2.300 h. Céréales, chanvre, oies grasses. — L'arrond. a 6 cant. 93 comm., 9.600 h.
Q213501	VILLEFRANCHE ou VILLEFRANCHE-DE-ROUERGUE, ch.-l. d'arr. (Aveyron), sur l'Aveyron ; ch. de f. Orl. ; à 57 kil. O. de Rodez ; 9.700 h. Soie grège, chaudronnerie. Patrie du maréchal de Belle-Isle, d'Alibert. — L'arr. a 8 cant., 65 comm., 103.000 h.
Q208770	VILLEFRANCHE ou VILLEFRANCHE-SUR-SAÔNE, anc. capit. du Beaujolais, ch.-l. d'arr. (Rhône), près de la Saône ; ch. de f. P.-L.-M. ; à 32 kil. N.-O. de Lyon ; 15.000 h. Vins, céréales, bestiaux, chanvre, fil ; fabrication de toiles de fil, d'indiennes, de molletons, de couvertures et de cuir. Patrie du girondin Rolland. — L'arr. a 10 cant., 134 comm., 164.000 h.
Q1618405	VILLEFRANCHE-D'ALBIGEOIS [joi], ch.-l. de c. (Tarn), arr. d'Albi ; 1.200 h.
Q126969	VILLEFRANCHE-DE-LONCHAPT, ch.-l. de c. (Dordogne), arr. de Bergerac ; 980 h.
Q470677	VILLEFRANCHE-DU-PÉRIGORD, ch.-l. de c. (Dordogne), arr. de Sarlat ; 1.350 h. Vins.
Q5361	VILLEHARDOUIN (Geoffroi de), chroniqueur français, né au château de Villehardouin, près de Troyes, entre 1150 et 1164. Il écrivit sur la quatrième Croisade, à laquelle il prit part, un récit intitulé la Conquête de Constantinople, qui forme un des plus anciens et des plus précieux monuments de la prose française. Après l'expédition, il resta en Orient avec le titre de grand maréchal de Roumanie ; m. vers 1212.
Q128466	VILLEJUIF, ch.-l. de c. (Seine), arr. de Sceaux ; 6.000 h.
Q959645	VILLÈLE (comte de), homme d'Etat français, né à Toulouse, chef des ultra-royalistes sous la Restauration. Président du conseil de 1821 à 1828, il se rendit impopulaire en faisant voter les lois du milliard des émigrés, du sacrilège, etc. On lui doit des Mémoires (1773-1854).
Q318337	VILLEMAIN [min] (François), littérateur français, né à Paris, professeur à la Sorbonne, ministre de l'Instruction publique de 1839 à 1844, auteur d'un célèbre Cours de littérature française, d'un Tableau d'éloquence chrétienne du ive siècle, etc. Ecrivain érudit, agréable, mais d'un esprit plus large que profond (1790-1870).
Q3136165	VILLEMESSANT [san] (Auguste de), journaliste français, né à Rouen (1812-1879). C'est lui qui fonda le Figaro.
Q1371216	VILLEMUR, ch.-l. de c. (Haute-Garonne), arr. de Toulouse ; 4.000 h. Sur le Tarn. Ch. de f. M.
Q502249	VILLENA, v. d'Espagne (Valence), dans la sierra Grosa ; 15.000 h.
Q1371207	VILLENAUXE [nôk-se], ch.-l. de c. (Aube), arr. de Nogent-sur-Seine ; 2.250 h.
Q3298614	VILLENAVE (Mathieu de), écrivain français, né à Saint-Félix (Haute-Garonne) [1762-1846).
Q3143380	VILLENEUVE (Huon de), poète français du xiiie siècle, auteur des Quatre fils Aymon et de Renaud de Montauban.
Q315255	VILLENEUVE (Pierre de), amiral français, né à Valensoles (Basses-Alpes), vaincu par Nelson à Trafalgar (1763-1806).
Q1152950	VILLENEUVE, ch.-l. de c. (Aveyron), arr. de Villefranche ; 3.000 h. Ch. de f. Orl. Papeteries, forges.
Q325169	VILLENEUVE-DE-BERG, ch.-l. de c. (Ardèche), arr. de Privas ; ch. de fer P.-L.-M. ; 1.950 h. Patrie d'O. de Serres.
Q2532263	VILLENEUVE-DE-MARSAN, ch.-l. de c. (Landes), arr. de Mont-de-Marsan, sur le Midou ; 1.850 h.
Q752972	VILLENEUVE-L'ARCHEVÊQUE, ch.-l. de c. (Yonne), arr. de Sens, sur la Vanne ; 1.580 h. ch. de fer E.
Q269113	VILLENEUVE-LÈS-AVIGNON, ch.-l. de c. (Gard), arr. d'Uzès ; 3.000 h. Sur le Rhône ; ch. de fer P.-L.-M.
Q205638	VILLENEUVE-SUR-LOT [lo], ch.-l. d'arr. (Lot-et-Garonne), sur le Lot ; ch. de fer Orl. ; à 30 kil. N. d'Agen ; 13.600 h. (Villeneuvois). Prunes, farines, vins, eaux-de-vie, chaussures. — L'arr. a 10 cant., 90 comm., 76.000 h.
Q898114	VILLENEUVE-SUR-YONNE, ch.-l. de c. (Yonne), arr. de Joigny ; 4.800 h. Ch. de fer P.-L.-M.
Q1104188	VILLERÉAL, ch.-l. de c. (Lot-et-Garonne), arr. de Villeneuve-sur-Lot ; 1.500 h. Sur le Dropt.
Q453571	VILLEROI (François de), maréchal de France, né à Paris. Il se montra fin courtisan, mais général incapable, et fut vaincu à Ramillies (1644-1730).
Q840487	VILLERS-BOCAGE, ch.-l. de c. (Calvados), arr. de Caen ; 1.000 h.
Q887273	VILLERS-BOCAGE, ch.-l. de c. (Somme), arr. d'Amiens ; 850 h.
Q677163	VILLERS-BRETONNEUX [neu], comm. de la Somme (arr. d'Amiens) ; 5.000 h. Ch. de fer N. Filatures. En 1871, combat entre les Prussiens et l'armée française du Nord.
Q213883	VILLERS-COTTERETS [lèr, rè], ch.-l. de c. (Aisne), arr. de Soissons ; 5.000 h. (Cotteréziens). Ch. de f. N. Ordonnance de François Ier en 1539, pour l'administration de la justice. V. Ordonnances.
Q989788	VILLERSEXEL [sèk-sèl], ch.-l. de c. (Haute-Saône), arr. de Lure ; 1.100 h. Sur l'Ognon. Combat heureux livré aux Prussiens par le général Bourbaki (9 janvier 1871).
Q740348	VILLERS-FARLAY [lè], ch.-l. de c. (Jura), arr. de Poligny ; 630 h.
Q1450678	VILLE-SUR-TOURBE, ch.-l. de c. (Marne), arr. de Sainte-Menehould ; 500 h. Ch. de fer E.
Q532352	VILLETTE (La), ancienne commune de la banlieue de Paris, aujourd'hui comprise dans le xixe arrondissement. Marché aux bestiaux.
Q2960729	VILLETTE (Charles, marquis de), écrivain français médiocre, né à Paris. L'affection de Voltaire l'a sauvé de l'oubli (1736-1793).
Q582	VILLEURBANNE, ch.-l. de c. (Rhône), arr. de Lyon ; 30.000 h. Ch. de f. P.-L.-M.
Q379765	VILLIERS DE L'ISLE-ADAM [dan] (Philippe de), grand-maître de l'ordre de Saint-Jean-de-Jérusalem, né à Beauvais. Il soutint dans Rhodes (1522), un siège fameux contre Soliman. Charles-Quint, en 1530, lui céda pour son ordre les îles de Malte et de Gozzo (1464-1534).
Q366285	VILLIERS DE L'ISLE-ADAM (Auguste), écrivain français, descendant du précédent ; auteur de : Tribulat Bonhomet, l'Amour suprême, Contes cruels, etc. ; né à Saint-Brieuc (1840-1889).
Q1458830	VILLIERS-SAINT-GEORGES, ch.-l. de c. (Seine-et-Marne), arr. de Provins ; 1.000 h.
Q1684643	VILLOISON (d'Ansse de), hélléniste français, né à Corbeil. Ses travaux sur Homère ont rendu possible les critiques de Wolf sur l'Iliade et l'Odyssée (1753-1805).
Q849	VILLON (François), poète français, né à Paris en 1431. Il mena une vie inquiète et risqua plusieurs fois la potence ; auteur du Grand et du Petit Testament, m. vers 1489.
Q216	VILNA ou WILNA, v. de Russie (Lithuanie), ch.-l. de gouvernement sur la Vilia ; 155.000 h. — Le gouv. a 1.591.000 h.
Q1932382	VIMEIRO ou VIMIEIRO, bourg de Portugal (Estrémadure) ; 600 h. Défaite de Junot par Wellington (1808).
Q216085	VIMINAL (mont), colline de l'ancienne Rome, à l'E. ; elle portait les Thermes de Dioclétien.
Q1616735	VIMORY, village du Loiret, arr. de Montargis ; 800 h. Henri de Guise y vainquit les Allemands, alliés des calvinistes, en 1587.
Q729239	VIMOUTIERS [ti-é], ch.-l. de c. (Orne), arr. d'Argentan ; 3.600 h. (Vimonastériens). Ch. de f. O.
Q318759	VIMY, ch.-l. de c. (Pas-de-Calais), arr. d'Arras ; 2.250 h.
Q917888	VINAROZ, v. d'Espagne, prov. de Castellon de la Plana, près de la Méditerranée ; 18.000 h. Vignobles. Constructions navales.
Q632281	VINAY [nè], ch.-l. de c. (Isère), arr. de Saint-Marcellin ; 2.700 h. Ch. de f. P.-L.-M.
Q1113972	VINÇA, ch.-l. de c. (Pyrénées-Or.), arr. de Prades ; 1.730 h. (Vinçanench). Sur la Têt ; ch. de f. M. Vins.
Q193819	VINCENNES, ch.-l. de c. (Seine), arr. de Sceaux ; 31.500 h. (Vincennois). Ch. de f. E. Arsenal, école d'artillerie ; château fort bâti par Philippe Auguste, et qui servit longtemps de résidence aux rois de France ; bois, transformé en parc. En 1804, le duc d'Enghien y fut fusillé dans les fossés du château.
Q455162	VINCENT, dit de Beauvais, savant dominicain français du xiiie siècle. Il jouit d'une grande faveur à la cour de saint Louis ; m. vers 1264.
Q244413	VINCENT DE PAUL (saint), né à Pouy, près de Dax (Landes), prêtre renommé pour sa charité. Il fonda la congrégation des Sœurs de charité, celle des Prêtres de la mission, appelés plus tard lazaristes, et institua l'œuvre des Enfants trouvés (1576-1660). Fête le 19 juillet.
Q317131	VINCENT TERRIER (saint), fameux prédicateur dominicain, né près de Valence (Espagne) [1355-1419].
Q762	VINCI (Léonard de), célèbre artiste de l'école florentine, né à Vinci, près de Florence, m. en France, au château de Cloux, près d'Amboise. Il est surtout connu comme peintre, auteur de la Joconde, de la Cène, etc. Rival de Michel-Ange et de Raphaël, il se rapproche du dernier par la grâce et le charme de son pinceau. Mais il fut aussi sculpteur, architecte, physicien, ingénieur, écrivain et musicien, et il se distingua dans toutes ces branches de l'art ou de la science (1452-1519).
Q698597	VINDÉLICIE, pays de l'ancienne Germanie (lac de Constance, N.-E. de la Suisse, Tyrol).
Q333826	VINDEX [dèks], général gaulois, propréteur de la Séquanaise. Il se souleva contre Néron en faveur de Galba ; mais, devant l'échec de sa tentative, il se tua de désespoir en 68.
Q271435	VINDHYAS [di-a] (monts), chaîne de montagnes de l'Hindoustan, au N. du Deccan ; altit. 650 m.
Q124065	VINET [nè] (Alexandre), littérateur et théologien protestant, né à Lausanne ; zélé défenseur de la fierté de conscience (1797-1847).
Q1639633	Vingt ans après, roman d'Alex. Dumas, père, faisant suite aux Trois Mousquetaires et suivi du Vicomte de Bragelonne (1845). Episodes intéressants de la Fronde et de la Révolution d'Angleterre.
Q34789	VINH-LONG, v. de Cochinchine, au S.-O. de Saïgon ; 12.000 h. Sur le Mékong. Ch.-l. de prov.
Q475784	VINOY [noi] (Joseph), général français, né à Saint-Etienne-de-Saint-Geoirs. Il se distingua pendant le siège de Paris (1800-1880).
Q1069657	VINTIMILLE, famille originaire d'Italie, qui a fourni des personnages fameux.
Q191759	VINTIMILLE, v. d'Italie (prov. de Porto-Maurizio), petit port du golfe de Gênes, gare internationale entre la France et l'Italie ; 8.900 h.
Q272912	VIOLLET-LE-DUC [duk] (Eugène-Emmanuel), architecte et écrivain français, né à Paris. Il restaura, sous le second Empire, un grand nombre de monuments du moyen âge, notamment le château de Pierrefonds ; auteur d'ouvrages précieux d'archéologie (1814-1879).
Q313188	VIOTTI (Giovanni), violoniste et compositeur piémontais (1753-1824).
Q76432	VIRCHOW [chov'] (Rodolphe), médecin et homme politique prussien, né à Schivelbein (Poméranie). Il est le fondateur de la pathologie cellulaire (1821-1902).
Q1346326	VIRE (la), fl. côtier de France. Il prend sa source sur les confins des départements de la Manche et du Calvados, et se jette dans la Manche près d'Isigny, après un cours de 118 kil. La Vire reçoit l'Aure et la Douve, passe à Vire et à Saint-Lô.
Q21979810	VIRE, ch.-l. d'arr. (Calvados), sur la Vire ; ch. de f. O. ; à 59 kil, S.-O. de Caen ; 6.500 h. (Virais ou Virois). Grains, eaux-de-vie, toiles, draps, papier. — L'arr. a 6 cant., 96 comm., 66.000 h.
Q123337	VIRET [rè] (Pierre), réformateur suisse, né à Orbe [cant. de Vaud] (1511-1571).
Q1398	VIRGILE, le plus célèbre des poètes latins, né près de Mantoue, auteur de l'Enéide, des Géorgiques et des Bucoliques. Il fut le protégé d'Octave et de Mécène, et mourut avant d'avoir terminé son Enéide, qu'il voulait détruire. Esprit délicat, âme douce et sensible, il n'a point la fougue magnifique de Lucrèce ; il va naturellement à ce qui est plein d'une touchante harmonie, à ce qui est noble et délicat. Imitateur constant, mais merveilleusement habile des anciens, particulièrement de Théocrite et d'Homère, il n'en reste pas moins un génie très personnel par son amour et son intelligence de la nature, et par la perfection absolue de son style (70-19 av. J.-C.).
Q1278485	VIRGINIE, jeune plébéienne de Rome, fille du centurion Virginius, qui en l'an 449 av. notre ère la tua de sa propre main plutôt que de la laisser vendre comme esclave par le décemvir Appius Claudius. Cette mort tragique amena la chute des décemvirs. Elle fait le sujet d'une tragédie d'Alfieri (1776).
Q1370	VIRGINIE, l'un des Etats unis de l'Amérique du Nord ; 1.854.000 h. (Virginiens). Capit. Richmond. Métallurgie, grande production de tabac.
Q1371	VIRGINIE DE L'OUEST, l'un des Etats unis de l'Amérique du Nord ; 518.000 h. (Virginiens). Capit. Charleston. Métallurgie. Houille.
Q331889	VIRIATHE, chef des Lusitaniens révoltés contre la domination romaine, assassiné à l'instigation des Romains en 140 av. J.-C.
Q1011549	VIRIEU, ch.-l. de c. (Isère), arr. de la Tour-du-Pin, sur la Bourbre, 1.000 h. Ch. de f. P.-L.-M.
Q239863	VIRIEU-LE-GRAND, ch.-l. de c. (Ain), arr. de Belley ; 1.200 h. Ch. de f. P.-L.-M.
Q1290600	VISAYAS ou BISAYAS [âss], important groupe de populations des Philippines (Luçon, Mindanao, Suringao, etc.), d'origine malaise. A donné son nom à l'archipel des Visayas (200.000 h.).
Q212475	VISCONTI, illustre famille d'Italie, qui s'empara de la souverainté de Milan et régna de 1277 à 1447. Les plus célèbres de ses membres sont : Jean-Galéas (1347-1402), dont la fille, Valentine (1346-1408), épousa le duc d'Orléans, frère de Charles VI ; Jean-Marie (1389-1402) et Philippe-Marie (1391-1447).
Q691834	VISCONTI (Ennio-Quirino), archéologue, né à Rome, auteur d'une célèbre et précieuse Iconographie romaine (1751-1818). — Son fils, Ludovico, architecte français, né à Rome, construisit le tombeau de Napoléon Ier, aux Invalides, et donna le plan du nouveau Louvre (1791-1853).
Q3171779	VISÉ (Donneau de), écrivain français, né à Paris, fondateur du Mercure galant en 1672 (1638-1710).
Q23693	VISIGOTHS. V. Wisigoths.
Q1134281	Vision d'Ezéchiel (la), tableau de Raphaël (palais Pitti). Le créateur, entouré des animaux symboliques des évangélistes, apparaît sur les nuages, les bras ouverts, le visage terrible.
Q106462411	Visitandines (les), opéra-comique en deux actes, paroles de Picard, musique de Devienne (1792) ; chef-d'œuvre du compositeur et l'un des modèles du genre.
Q864271	Visitation (ordre de la), ordre religieux de femmes, fondé par saint François de Sales et par la baronne de Chantal en 1610 à Annecy (Savoie) ; les religieuses sont appelées visitandines.
Q1248	VISO (mont), montagne des Alpes Cottiennes, entre la France et le Piémont ; 3.843 m. d'altitude. Donne naissance au Pô.
Q548	VISTULE (la), fleuve d'Autriche, de Pologne et de Prusse. Il naît au versant septentrional du mont Barania, arrose Cracovie, Sandomir, Varsovie, Marienbourg, reçoit la Piliva, le Narer, etc., et se jette dans la Baltique ; 1.070 kil.
Q199612	VITALIEN, pape de 658 à 672. On lui attribue l'introduction des orgues dans les églises.
Q102217	VITEBSK, v. de Russie, ch.-l. de gouv., sur la Duna ; 66.000 h. Tanneries, distilleries. — Le gouv. a 1.489.000 h.
Q1417	VITELLIUS, empereur romain, né à Lucéria, en l'an 15 de notre ère. Il ne régna que huit mois et quelques jours, en l'an 69, se fit remarquer par ses débauches et ses cruautés. Visitant avec ses officiers les champs de Bédriac, quelque temps après la bataille de ce nom, il répondit ce mot atroce à ceux qui se plaignaient de l'odeur infecte qu'exhalaient les cadavres : le corps d'un ennemi mort sent toujours bon, surtout si c'est un compatriote. Il fut détrôné par Vespasien.
Q13395	VITERBE, v. d'Italie (prov. de Rome), à 84 kil. De Rome ; 20.000 h. (Viterbiens).
Q442299	VITET (Louis), littérateur, critique et homme politique français, né à Paris (1802-1873).
Q712	VITI ou FIDJI, archipel anglais de la Mélanésie, entre les Nouvelles-Hébrides et les îles Tonga. Les deux îles principales sont Viti-Lévu et Vanua-Lévu ; 130.000 h. Ch.-l. Levuka.
Q312607	VITIGÈS, roi des Ostrogoths d'Italie de 536 à 540, vaincu par Bélisaire.
Q14318	VITORIA, v. d'Espagne, ch.-l. de la prov. d'Alava ; 30.000 h. Victoire de Wellington sur les Français (1813).
Q234704	VITRÉ, ch.-l. d'arr. (Ille-et-Vilaine), sur la Vilaine ; ch. de f. O. ; à 36 kil. E. de Rennes ; 11.000 h. (Vitréais ou Vitréens). Cire, miel, toiles. — L'arr. a 6 cant., 621 comm., 75.000 h.
Q903540	VITREY, ch.-l. de c. (Haute-Saône), arr. de Vesoul, près de l'Amance ; 840 h. Ch. de f. E.
Q3059883	VITROLLES (Eugène, baron de), homme politique français, ministre sous Louis XVIII, ardent royaliste, né à Vitrolles (Hautes-Alpes) [1774-1854].
Q47163	VITRUVE, architecte romain, du ier siècle av. J.-C., auteur du traité De architectura, dédié à Auguste et très précieux en ce qu'il constate l'état de l'architecture à cette époque (vers 88).
Q654608	VITRY (Jacques de), cardinal, historien et prédicateur de la croisade contre les albigeois ; mort en 1240.
Q3340936	VITRY (Nicolas, marquis puis duc de), capitaine des gardes de Louis XIII. Il tua Concini et fut créé maréchal de France (1581-1644).
Q323593	VITRY-EN-ARTOIS, ch.-l. de c. (Pas-de-Calais), arr. d'Arras ; 3.000 h. Sur la Scarpe. Ch. de f. N.
Q674566	VITRY-EN-PERTHOIS ou VITRY-LE-BRÛLÉ, comm. de la Marne (arr. de Vitry-le-François), brûlé en 1144 par Louis le Jeune ; 700 h.
Q623374	VITRY-LE-FRANÇOIS, ch.-l. d'arr. (Marne) ; ch. de f. E. ; à 30 kil. S. E. de Châlons-sur-Marne, sur la Marine ; 8.600 h. (Vitryats). Commerce de vins, céréales, bonneterie et chapellerie. En 1545, François Ier bâtit cette ville pour les habitants de Vitry-le-Brûlé. — L'arr. a 5 cant., 123 comm., 16.500 h.
Q380877	VITTEAUX, ch.-l. de c. (Côte-d'Or), arr. de Semur, sur la Brenne ; 16.500 h.
Q659969	VITTEL, ch.-l. de c. (Vosges), arr. de Mirecourt, sur le petit Vair ; 1.700 h. Ch. de f. E. Eaux minérales très employées pour le traitement de la goutte et des maladies de l'appareil digestif.
Q34130	VITTORIA, v. du roy. d'Italie (Sicile) ; 24.000 h.
Q47578	VITTORIO, v. d'Italie (Vénétie) ; 16.700 h. Soieries, lainages.
Q2871456	VITU (Auguste), publiciste français, né à Meudon, journaliste libéral de grande valeur [1823-1891).
Q106830904	Vivandière (la), opéra-comique en trois actes ; paroles de Henri Gain, musique de B. Godard (1895).
Q1968100	VIVARAIS, pays du Languedoc, réuni à la couronne en 1229, a formé en grande partie l'Ardèche ; capit. Viviers. Pays montagneux, couvert par les monts du Vivarais.
Q275917	VIVEROLS, ch.-l. de c. (Puy-de-Dôme), arr. d'Ambert ; 1.000 h.
Q316357	VIVÈS (Jean-Louis), humaniste et philosophe espagnol, né à Valence (1492-1540).
Q318037	VIVIANI (Vincent), savant géomètre italien, né à Florence (1622-1703).
Q1359097	VIVIEN DE SAINT-MARTIN (Louis), géographe français, né à Saint-Martin-de-Fontenay ; on lui doit un Dictionnaire de géographie, et de bons travaux sur l'Histoire de la géographie ancienne (1802-1897).
Q274774	VIVIERS, ancienne capit. du Vivarais ; ch.-l. de c. Ardèche (arr. de Privas, près du Rhône ; 3.400 h. (Vivarois). Ch. de f. P.-L.-M. Evêché.
Q1613150	VIVONNE, ch.-l. de c. (Vienne), arr. de Poitiers ; 2.430 h. Sur le Clain ; ch. de f. Orl.
Q1861648	VIVONNE (Louis duc de), maréchal de France, vice-roi de Sicile en 1675. Il remporta l'année suivante la victoire navale de Palerme (1636-1688).
Q200016	VIZAGAPATAM, v. de l'Inde (présid. de Madras), sur le golfe de Bengale, 30.000 h.
Q636262	VIZILLE, ch.-l. de c. (Isère), arr. de Grenoble, sur la Romanche, affl. dr. du Drac ; 5.000 h. ; (Vizillois). Ch. de f. P.-L.-M. Beau château de Lesdiguières, où se tinrent en 1788 les états du Dauphiné. Soieries.
Q5239	VLADIKAVKAZ, v. de Russie (Caucase), sur le Térek ; 44.000 h.
Q14974	VLADIMIR Ier, surnommé le Grand, ou saint Vladimir, prince de Russie, régna à Kiev, et jeta les premiers fondements de l'empire russe ; m. en 1015 ; — Vladimir II, tsar de Russie de 1113 à 1126.
Q2684	VLADIMIR, v. de la Russie d'Europe, ch.-l. de gouvernement non loin de la Kliazma ; 23.000 h. — Le gouv. de Vladimir a 1.516.000 h.
Q360384	VLADISLAS. V. Ladislas.
Q959	VLADIVOSTOK, v. de l'E. de la Sibérie (prov. du Littoral), port militaire sur la mer du Japon, et l'un des débouchés du Transsibérien, sur le Pacifique ; 20.000 h.
Q209978	VODENA, anc. Edesse, v. de Turquie (vilayet de Salonique) ; 14.000 h.
Q65584	VOGEL (Edouard), voyageur allemand, né à Crefeld, tué dans le Ouadaï (1829-1859).
Q39981	VOGHERA, v. d'Italie (prov. de Pavie) ; 16.600 h.
Q467790	VOGOULS, peuple de race ouralo-altaïque, nomade dans les gouv. de Perm et de Tobolsk (Russie).
Q76513	VOGT (Karl), naturaliste et anthropologiste allemand, un des plus ardents défenseurs du transformisme, auteur de célèbres Leçons sur l'homme, né à Giessen (1817-1898).
Q3304994	VOGÜÉ (Melchior de), archéologue et diplomate français, né à Paris en 1829. — Son cousin Eugène-Melchior, littérateur français, né à Nice en 1848.
Q753253	VOID (voi), ch.-l. de c. (Meuse), arr. de Commercy ; 1.100 h. (Vidusiens).
Q238205	VOIRON, ch.-l. de c. (Isère), arr. de Grenoble, sur la Morge ; 12.600 h. (Voironnais). Ch. de f. P.-L.-M.
Q2976734	VOISENON (Cl.-Henri abbé de), poète et conteur français, né au château de Voisenon (Seine-et-Marne), ami de Voltaire (1708-1775).
Q442429	VOISIN (la), devineresse et empoisonneuse, brûlée vive à Paris en 1680 comme complice de la marquise de Brinvilliers.
Q1065312	VOITEUR, ch.-l. de c. (Jura), arr. de Lons-le-Saunier ; 1.050 h.
Q729846	VOITURE (Vincent), bel esprit et académicien français, né à Amiens. Habitué de l'hôtel de Rambouillet, il faisait par son esprit, très réel, mais un peu quintessencié, les délices de la cour et de la ville (1598-1648).
Q3236145	Voix intérieures (les), recueil de poésies, aussi gracieuses que brillantes, une des plus riches productions de Victor Hugo (1837).
Q1144878	VOLCES, peuple d'origine kymrique, établi dans la Gaule méridionale, se divisant en deux peuplades ; Tectosages (Toulouse), et Arécomiques (Nîmes).
Q626	VOLGA (le), fleuve de la Russie, le plus long de l'Europe, prend sa source au plateau de Valdaï, passe à Tver, Iaroslav, Nijnii-Novgorod, Kazan, Saratov, Astrakan, reçoit la Mologa, la Kostroma, l'Oka, la Kama, etc., et se jette dans la Caspienne, par un large delta ; 3.400 kil.
Q7530	VOLHYNIE ou VOLYNIE, gouvernement de la Russie d'Europe ; 2.998.000 h. Ch.-l. Jitomir. (Hab. Volhyniens.)
Q587078	VOLLON (Antoine), peintre français, né à Lyon, auteur de marines et de tableaux de genre d'une rare virtuosité (1833-1900).
Q466093	VOLNEY (Constantin), érudit français, esprit juste et libéral, érudit consciencieux, né à Craon, auteur des Ruines (1757-1820).
Q1185210	VOLO (golfe), anc. golfe Pagasétique (mer Égée).
Q200036	VOLO, anc. Pagasus, v. de Grèce ; sur le golfe de Volo ; 11.000 h.
Q1957	VOLOGDA, v. de la Russie d'Europe, ch.-l. de gouvernement, sur la rivière homonyme ; 28.000 h. — Le gouvernement de Vologda a 1.342.000 h.
Q326027	VOLONNE, ch.-l. de c. (Basses-Alpes), arr. de Sisteron, sur la Durance ; 800 h.
Q663655	VOLSQUES, peuple de l'Italie ancienne, établi dans le S. du Latium ; leur capitale était Suessa Pometia ; soumis par Rome (338 av. J.-C.).
Q680	VOLTA (Alexandre), physicien italien, né à Côme, auteur de remarquables travaux sur l'électricité, inventeur de la pile qui porte son nom (1745-1827).
Q192415	VOLTA (le), fl. d'Afrique (Guinée), formé de la Volta Blanche et de la Volta Noire, séparant la côte de l'Or de la côte des Esclaves.
Q9068	VOLTAIRE, poète et prosateur français, né à Paris. Esprit hardi et curieux, et d'une merveilleuse souplesse, il visita l'Angleterre, la Prusse, où il fut accueilli par Frédéric II, et passa la plus grande partie de sa vie à Ferney, près du lac de Genève, fournissant la production littéraire la plus considérable et surtout la plus variée qu'aucun écrivain ait jamais donnée. Il cultiva tous les genres, et sut n'être médiocre dans aucun : la tragédie (Zaïre, Mérope, Mahomet), l'histoire (Histoire de Charles XII, le Siècle de Louis XIV, etc.), le conte (Candide, Zadig, Micromegas, etc.), la critique (le Temple du goût, Remarques sur les pensées de Pascal), l'épopée (la Henriade, Poème de Fontenoy), la philosophie surtout (Lettres philosophiques, Dictionnaire philosophique, Essai sur les mœurs, etc.). Son influence littéraire et sociale fut énorme, aussi bien par l'énergie qu'il mit à défendre contre l'intolérance religieuse les causes qui lui semblaient justes (réhabilition de Calas, affaire Sirven), que par le caractère fondamental de ses œuvres : nul écrivain en effet ne fut plus français par la limpidité, l'élégance, la précision spirituelle et la pureté du style ; nul en même temps ne fut plus humain par les tendances générales de la philosophie qui circule à travers toutes ses œuvres ; respect de la conscience et de la liberté individuelles, croyance inébranlable au progrès (1694-1778).
Q106462411	Voltaire (statue en marbre de), chef-d'œuvre de Houdon (à la Comédie-Française) ; simplicité et naturel de la pose ; — statue en marbre, de Pigalle (1776).
Q103305	VOLTERRA, v. d'Italie (Toscane) ; 14.000 h. (Volterrans).
Q1516072	VOLTRI, v. d'Italie, sur le golfe de Gênes ; 13.800 h.
Q572191	VOLTURNO (le) (anc. Vulturnus), fl. de l'Italie méridionale, qui arrose Capoue et se jette dans la mer Tyrrhénienne ; 167 kil.
Q623376	VOLVIC, comm. du Puy-de-Dôme, arr. de Riom ; 3.600 h. Ch. de f. Orl. Carrières de lave.
Q312673	VONDEL (Juste Van den), poète tragique hollandais, né à Cologne (1587-1679).
Q38981	VORARLBERG, pays d'Autriche, couvert par les Alpes du Vorarlberg ; 3.600 h. Ch.-l. Bregenz.
Q273295	VOREY, ch.-l. de c. (Haute-Loire) ; arr. du Puy ; 2.150 h. ch. de f. P.-L.-M.
Q3426	VORONÈJE, v. de Russie ; ch.-l. de gouvernement, sur la rivière homonyme ; 80.600 h. Archevêché. — Le gouv. a 2.531.000 h.
Q187843	VOSGES (vô-je), chaîne de montagnes de France. Il commence près de Belfort, se développe entre le Rhin et la Moselle et se termine dans la Bavière rhénane. Beaux versants boisés ; pentes rapides sur la vallée du Rhin, plus douces du côté français ; altitudes en général décroissantes du sud au nord, où les Vosges gréseuses succèdent aux Vosges cristallines. Points culminants : ballon de Guebwiller, 1.426 mètres ; Hohneck, 1.366 mètres ; ballon d'Alsace ; 1.250 mètres ; mont Donon, 1.013 mètres. Les cols de Bussang, de la Schlucht, du Bonhomme, de Saales et de Saverne en sont les coupures principales. La Moselle et la Meurthe, du côté français, l'Ill du côté alsacien, en decendent.
Q3105	VOSGES (départ. des), départ. formé de la Lorraine méridionale et de la principauté de Salm ; préf. Epinal ; sous-préf. Mirecourt, Neufchâteau, Remiremont, Saint-Dié ; 5 arr., 29 cant., 531 comm., 421.000 h. ; (Vosgiens) ; 7e et 20e corps d'armée ; cour d'appel de Nancy et évêché à Saint-Dié. Ce départ doit son nom à la chaîne des Vosges qui le traverse.
Q898629	Vosges (place des), une des places publiques de Paris, commencée par Henri IV, et terminée par Louis XIII. Elle s'appela place Royale jusqu'à la Révolution qui lui donna son nom actuel. De 1815 à 1870 elle avait repris son ancien nom. La statue de Louis XIII, en marbre blanc, et due au ciseau de Dupaty, orne aujourd'hui le centre d'un square qu'on y a établi.
Q62188	VOSS (Jean-Henri), critique et poète allemand, auteur de magistrales traductions en allemand des chefs-d'œuvre des littératures anciennes, particulièrement de l'Odyssée et des Géorgiques (1751-1826).
Q785925	VOSSIUS (Gérard-Joseph), savant allemand, né près de Heidelberg (1577-1649).
Q317920	VOUET (Simon), peintre et graveur français. Il travailla pour Louis XIII et pour le cardinal de Richelieu. Style élégant, mais souvent maniéré ; né à Paris (1590-1649).
Q4952	VOUGEOT, comm. de la Côte-d'Or, arr. de Beaune, renommée par l'excellence de ses vins (clos-vougeot entre autres) ; 230 h. Ch. de f. P.-L.-M.
Q751249	VOUILLÉ, ch.-l. de c. (Vienne), arr. de Poitiers, près de l'Auxance ; 1.600 h. Clovis y vainquit et tua Alaric, roi des Wisigoths (507).
Q325192	VOULTE-SUR-RHÔNE (La), ch.-l. de c. (Ardèche), arr. de Privas ; 2.800 h.
Q1470636	VOUNEUIL-SUR-VIENNE, ch.-l. de c. (Vienne), arr. de Châtellerault ; 1.550 h. Près de la Vienne.
Q504953	VOUVRAY, ch.-l. de c. (Indre-et-Loire), arr. de Tours ; 2.300 h. (Vouvrillons) ; sur la Loire ; ch. de f. Orl. Vins blancs estimés.
Q28731525	VOUZIERS, ch.-l. d'arr. (Ardennes), sur l'Aisne ; ch. de f. E. et N. ; à 52 kil. S. de Mézières ; 3.550 h. (Vouzinois). — L'arr. a 8 cant., 131 comm., 47.000 h.
Q470959	VOVES, ch.-l. de c. (Eure-et-Loir), arr. de Chartres ; 2.000 h. Ch. de f. Orl. et Et.
Q3228285	Voyage en Chine (le), charmant opéra-comique en trois actes, paroles de Labiche et Delacour, musique de Bazin (1865).
Q19239786	Voyage en Provence et en Languedoc, ouvrage enjoué et spirituel, de Chapelle et Bachaumont. C'est un modèle de poésie agréable et facile (1656).
Q3228278	Voyage de M. Perrichon (le), comédie en quatre actes, en prose, de Labiche et Edouard Martin (1860). M. Perrichon se prend à détester un homme qui lui a sauvé la vie et en adore un autre qui feint d'avoir été sauvé par lui.
Q768792	Voyage sentimental, le principal ouvrage de Sterne, chef-d'œuvre d'humour et de sensibilité communicative, où l'écrivain peint l'homme en paraissant n'être occupé que de lui-même (1787).
Q10392559	Voyage autour de ma chambre, ravissante causerie avec le lecteur, par X. de Maistre, publié à Turin en 1795.
Q97102903	Vrai, du Beau et du Bien (Du), ouvrage de V. Cousin, où la philosophie éclectique est ramenée au spiritualisme chrétien. Style élégant et ferme ; mais la valeur doctrinale du livre est discutable (1853).
Q2824923	VUITRY (Adolphe), économiste français, né à Sens, auteur de remarquables études sur l'histoire financière de l'Ancien Régime (1812-1885).
Q4640	VULCAIN, dieu du feu et du métal chez les Romains, fils de Jupiter et de Junon, époux de Vénus. Né laid et difforme, il fut précipité par sa mère du haut de l'Olympe, tomba dans l'île de Lemnos, resta boiteux de sa chute, et établit sous l'Etna des forges, où il travaillait avec les Cyclopes (Myth.).
Q131175	Vulgate, version latine de la Bible, faite d'après les Septante et retouchée par saint Jérôme. Les réformateurs du xvie siècle la rejetèrent en raison des fautes de traduction. Le concile de Trente décida, en 1546, qu'il serait permis d'étudier le texte original, mais que la Vulgate continuerait à faire foi et que son texte serait le seul invoqué comme preuve.
Q1190865	VULPIAN (A.), médecin et physiologiste français, auteur de travaux remarquables sur le fonctionnement du système nerveux (1826-1887).
Q1398480	VULSINIES, aujourd'hui Bolsena, v. de l'Etrurie ancienne.
Q330521	VYÂSA, anachorète hindou, le compilateur des Védas.
Q65383	VYTCHEGDA (la), riv. de la Russie sept., affl. de la Dvina. Cours, 1.027 kil.
