Q702507	NAAB ou NAB (la), riv. de Bavière, née dans le Fichtelgebirge, affl. du Danube (r. g.) ; 165 kil.
Q19196710	Nabab (le), roman de mœurs, par Alphonse Daudet, évocation du monde de la fin du second Empire (1878).
Q220594	NABATHÉENS [té-in], nom donné par les anciens à des tribus arabes du désert de Syrie.
Q312689	NABIS [biss], tyran de Sparte de 206 à 192 av. J.-C., célèbre par ses cruautés.
Q239414	NABONAHID, roi de Babylone, renversé par Cyrus.
Q443902	NABONASSAR, roi de Chaldée de 747 à 734.
Q273514	NABOPOLASSAR, fondateur du second empire Chaldéen. Il prit le titre de roi à la mort d'Assurbanipal en 625 ; m. en 604 av. J.-C.
Q44203	NABOTH, Juif qui fut lapidé par ordre du roi d'Israël, Achab, à qui il avait refusé de vendre sa vigne. Conformément aux prédictions du prophète Elie, le roi ne tarda pas à être puni. Jéhu s'étant emparé du trône, Achab fut tué dans un combat, et Jézabel, femme d'Achab, fut précipitée d'une des fenêtre de son palais. La vigne de Naboth était chez les Juifs une sorte de locution consacrée pour désigner l'action injuste du riche dépouillant le pauvre d'une manière violente, crime qui reçoit tôt ou tard son châtiment.
Q12610	NABUCHODONOSOR Ier [ko] ou NABUCHODOROSOR, l'un des premiers rois de Chaldée ; — Nabuchodonosor II, le Grand, roi de Chaldée, de 603 à 562 av. J.-C., fils de Nabopolassar. Il fit campagne contre l'Egypte, détruisit le royaume de Juda et conquit des territoires en Arabie. D'après les traditions juives, le vainqueur de Jérusalem fut cruellement frappé par Dieu : changé en bœuf, il alla vivre dans les forêts pendant sept années, après lesquelles, la raison lui étant revenue, il remonta sur le trône. On fait quelquefois, en littérature, allusion à cette singulière métamorphose. On rappelle aussi la statue aux pieds d'argile que le roi avait vue en songe et que Daniel lui appliqua comme l'image de son empire, qui s'écroulerait au premier choc.
Q60549	NACHTIGAL (Gustave), explorateur allemand, né à Eichstedt. Il a reconnu le Bornou et les abords du lac Tchad (1834-1885).
Q313223	NADAB, roi d'Israël vers 905 av. J.-C., tué vers 903.
Q3121274	NADAUD [dô] (Gustave), musicien et chansonnier français, né à Roubaix. Quelques unes de ses chansons badines et gouailleuses sont restées populaires : les Deux gendarmes, le Docteur Grégoire, la Valse des adieux, etc. (1820-1893).
Q192868	NADIR-SHAH, roi de Perse, né à Meched (1688-1747), conquérant de l'Asie centrale et d'une partie de l'Hindoustan.
Q672548	NÆGELI [né], musicographe et compositeur suisse, né à Zurich (1768-1836).
Q212667	NÆVIUS [né-vi-uss], poète latin épique et tragique (iiie s. av. J.-C.).
Q38234	NAGASAKI ou NANGASAKI, v. du Japon, port dans l'île Kiou-Siou ; 107.500 h.
Q11751	NAGOYA [gho-ia], v. du Japon, dans la région centrale de Nippon ; 244.000 h.
Q305259	NAGPOUR, prov. anglaise de l'Inde centrale ; 2.954.000 h. Ch.-l. Nagpour, capit. du gouvernement des Provinces-Centrales ; 128.000 h.
Q93358	NAGY-VARAD ou GROSSWARDEIN, v. d'Austro-Hongrie (Hongrie), sur le Körös, affl. de la Theiss ; 47.000 h. Industrie active. Vins estimés. Eaux thermales.
Q1981722	NAHUM [na-om'], un des petits prophètes juifs.
Q279912	NAIGEON [nè-jon] (Jacques-André), littérateur français, né à Paris (1738-1810).
Q581875	NAILLOUX [na, ll mll., ou], ch.-l. de c. (Haute-Garonne), arr. de Villefranche ; 1.100 h.
Q1247441	NAIRN [nèrn], comté du N.-E. d'Ecosse ; 10.500 h. Ch.-l. Nairn ; 5.000 h. Port.
Q66107736	Naissance de Henri IV (la), tableau d'Eugène Devéria, au Louvre (1827), une des œuvres les plus brillantes de la période romantique.
Q633653	NAJAC [jak], ch.-l. de c. (Aveyron), arr. de Villefranche ; 1.700 h., au-dessus de l'Aveyron ; ch. de f. Orl. Jambons, cuivre, plomb.
Q286654	NAJAC [jak] (Emile de) auteur dramatique français, né à Lorient, a écrit un grand nombre de comédies, de vaudevilles, de livrets d'opérettes (1828-1889).
Q694525	NAMAQUAS [kâss] (les), peuplade de l'Afrique australe, une des branches principales de la race hottentote.
Q134121	NAMUR, v. de Belgique, ch.-l. de la prov. de Namur, au confluent de la Meuse et de la Sambre ; 32.000 h. (Namurois). Evêché. Les Français ont pris Namur quatre fois (1692, 1746, 1792, 1794). La prov. a 354.600 h.
Q951444	NANA-SAHIB, prince hindou, chef de l'insurrection de 1857, né en 1823. C'est le nom et le héros d'un drame de J. Richepin (1882).
Q40898	NANCY, anc. capit. de la Lorraine, ch.-l. du dép. de Meurthe-et-Moselle, sur la Meurthe et le canal de la Marne au Rhin ; ch. de f. E. ; à 353 kil. E. de Paris ; 102.600 h. (Nancéens). Evêché, cour d'appel, académie, université, école forestière, broderies, faïences artistiques, filatures. Patrie de René II, C. Clodion, Isabey, Grandville, Callot, Mainbourg, d'Arbois de Jubainville, Saint-Lambert, Mme de Graffigny, Palissot, Pixérécourt, Drouot, Dombasle, etc. C'est sous les murs de cette ville que périt Charles le Téméraire en 1477. — L'arrond. a 9 cant., 189 comm., 238.200 h.
Q271599	NANGIS [jiss], ch.-l. de c. (Seine-et-Marne), arr. de Provins ; 3.200 h. Ch. de f. E. Pierre à plâtre, bestiaux. Patrie de Guillaume de Nangis.
Q16666	NANKIN, v. de la Chine orientale, capit. de la prov. de Kiang-Sou. Port sur le Yang-tsé-Kiang ; 230.000 h. Evêché catholique, nombreuses écoles ; tissus de coton jaune dits nankins. C'est là que se trouve la fameuse tour de porcelaine.
Q72292	NANSEN [sèn] (Fridtjof), explorateur et naturaliste norvégien, né à Christiania en 1861. Il a exploré le Groenland et les mers arctiques.
Q289943	NANSOUTY (Etienne-Marie-Antoine, comte de), un des meilleurs généraux de Napoléon Ier, né à Bordeaux (1768-1816).
Q511127	NANT, ch.-l. de c. (Aveyron), arr. de Millau, au-dessus de la Dourbie ; 2.100 h.
Q170507	NANTERRE, com. de la Seine, arr. de Saint-Denis ; 14.200 h. (Nanterrois). Ch. de f. O. Maison de répression. Patrie de sainte Geneviève, de Henriot.
Q12191	NANTES, ch.-l. du dép. de la Loire-Inférieure, sur la Loire et l'Erdre ; ch. de f. O. et Et. ; à 397 kil. S.-O. de Paris ; 133.000 h. (Nantais). Evêché ; construction de navires ; industrie et commerce très actifs. Patrie des saints Donatien et Rogatien, d'Anne de Bretagne, Lamoricière, Cassard, Monselet. — L'arr. a 17 cant., 71 comm., 299.300 h.
Q179788	Nantes (édit de), édit rendu par Henri IV en 1598 en faveur des protestants. Il autorisait l'exercice du culte calviniste, sauf à la cour et à Paris ; il était accordé aux protestants quatre universités ou académies, des chambres mi-parties dans les parlements, et un certain nombre de places de sûreté, etc. Mais, dès la minorité de Louis XIV, ces droits furent supprimés un à un, et le roi lui-même révoqua l'édit en 1685. Cette révocation amena l'expatriation d'un grand nombre de protestants, parmi les plus actifs et les plus travailleurs de la nation française.
Q1032581	Nantes à Brest (canal de), voie navigable des départ. de la Loire-Inférieure, de l'Ille-et-Vilaine, du Morbihan et du Finistère. Ce canal ouvert en 1838 traverse Redon, Châteaulin.
Q1356084	NANTEUIL (Robert), graveur français, né à Reims. Ses portraits, où il a représenté tous les personnages les plus connus de son temps, valent par leur vérité et leur vie (1623-1678).
Q349872	NANTEUIL (Célestin), peintre, dessinateur et lithographe français, né à Rome (1813-1873).
Q753495	NANTEUIL-LE-HAUDOUIN, ch.-l. de c. (Oise), arr. de Senlis, sur la Nonette, affl. de l'Oise ; 1.500 h. Ch. de f. N.
Q508836	NANTIAT [ti-a], ch.-l. de c. (Haute-Vienne), arr. de Bellac, au-dessus du Vincou ; 1.850 h. Ch. de f. Orl.
Q193937	NANTUA, ch.-l. d'arr. (Ain), sur le pic de Nantua ; ch. de f. P.-L.-M. ; à 45 kil. S.-E. de Bourg ; 3.000 h. Patrie de Baudin. Tulles, soieries, tabletterie. — L'arr. a 6 cant., 74 comm., 48.600 h.
Q2615371	NAPÉES [pé], nymphes des vallées (Myth.).
Q159592	NAPIER [pi-é] (Jean). V. Neper.
Q212700	NAPIER (sir Charles), amiral anglais, né on Ecosse. Il commanda la flotte de la Baltique pendant la guerre de 1854-1855 (1786-1860).
Q173065	NAPLES (royaume de), anc. division de l'Italie, comprenant la partie sud de l'Italie et la Sicile (de là nom de royaume des Deux-Siciles). V. Deux-Siciles.
Q2634	NAPLES, v. du royaume d'Italie, capit. de l'anc, royaume de Naples ; ch.-l. de la prov. de Naples ; sur le golfe de Naples, formé par la mer Tyrrhénienne, et non loin du Vésuve ; 564.000 h. (Napolitains). Archevêché, bibliothèque, musées et collections d'œuvres d'art d'un grand prix ; belles églises, palais, etc. ; grand commerce. Patrie de Stace, Velleius Paterculus, Giordano, Vico, Sannazar, Salvator Rosa, D. Caraccioli. — La prov. a 1.178.000 h.
Q517	NAPOLÉON Ier (Bonaparte), empereur des Français, né à Ajaccio en 1769, second fils de Charles Bonaparte et de Lætitia Ramolino. Il fit son éducation militaire à l'école de Brienne, se distingua comme capitaine d'artillerie à Toulon (1793), comme général de brigade dans la campagne de 1794 en Italie, tomba en disgrâce après le 9-Thermidor, mais après avoir réprimé l'émeute du 13 vendémiaire, obtint de remplacer Scherer à la tête de l'armée d'Italie en 1796 et dirigea cette campagne mémorable signalée par les victoires de Montenotte, de Millesimo, de Mondovi, Castiglione, Lodi, Arcole, Rivoli, etc. Revenu à Paris et objet de l'admiration générale, Bonaparte, dont l'ambition croissait avec les succès, résolut de se rendre indispensable. « Pour que Bonaparte fût maître de la France, a-t-il dit dans ses Mémoires, il fallait que le Directoire éprouvât des revers en son absence, et que son retour ramenât la victoire sous nos drapeaux. » Telle fut la vraie raison de l'expédition d'Egypte (1798-1799), pendant laquelle le Directoire se dépopularisa par les premiers revers de la campagne de 1799, la loi de la conscription et l'emprunt forcé progressif. Le moment parut opportun à Bonaparte revenu en hâte d'Egypte, pour accomplir le coup d'Etat qu'il méditait (18-Brumaire [9 novembre 1799]). D'abord premier consul, il réussit à se faire nommer consul à vie (1802), après la conclusion des traités de Lunéville et d'Amiens. A côté de mesures despotiques et antilibérales, telles que le rétablissement de l'esclavage aux colonies et l'exécution du duc d'Enghien, il en prit d'autres tout à fait louables : code civil, nouveau système financier, Banque de France, Université. Par le Concordat, signé avec Pie VII, il rattacha l'Eglise catholique à l'Etat, de manière à avoir le clergé sous sa dépendance. Enfin, le 18 mai 1804, les pouvoirs publics lui décernèrent la dignité impériale : Carnot au Tribunat, Grégoire au Sénat protestèrent seuls contre cette confiscation de la liberté. Bonaparte, devenu Napoléon Ier, ne pouvait donner à la France la paix dont, après quinze ans de troubles civils et de guerre étrangère, elle avait le plus pressant besoin. Arrivé au pouvoir grâce à ses victoires, c'est par des victoires nouvelles qu'il lui fallait s'y maintenir. Et alors commencèrent contre l'Europe ces campagnes mémorables, faites au nom de la propagation des idées révolutionnaires, marquées par les noms d'Austerlitz, d'Iéna, d'Eylau, de Friedland, d'Eckmühl, de Wagram. L'étoile de l'empereur commença à pâlir en 1812, lors de la campagne de Russie, survenant alors que celle d'Espagne n'était pas encore terminée. Après les batailles de Lutzen, de Bautzen, Napoléon aurait peut-être pu signer une paix honorable ; mais il repoussa les conditions qu'on lui offrit au congrès de Prague et fut vaincu à Leipzig (1813) par les Alliés, qui envahirent la France et entrèrent à Paris, malgré les efforts de l'empereur (campagne de France [1814]). Napoléon, déclaré déchu par le Sénat, obligé d'abdiquer à Fontainebleau, se retira à l'île d'Elbe (20 avril 1814). Quelques mois après, le 26 février 1815, il quitta cette retraite, débarqua dans le golfe Jouan, entra le 20 mars à Paris, que Louis XVIII avait quitté la nuit précédente, et donna un Acte additionnel aux constitutions impériales. Mais l'Europe coalisée, victorieuse à Waterloo, envahit de nouveau la France : cette fois, l'empereur qui s'était confié à l'Angleterre, dut s'embarquer pour Sainte-Hélène, où il mourut en 1821 après une pénible captivité. — Marié en premières noces à Joséphine Tascher de La Pagerie, veuve du général Beauharnais, il divorça en 1810 et épousa Marie-Louise, archiduchesse d'Autriche, dont il eut un fils, Napoléon II. Peu d'hommes ont exercé sur leur temps une influence aussi profonde, aussi durable que Napoléon. Il fut le plus grand capitaine du monde et l'homme le plus éminent par la variété de son génie et de ses aptitudes, par sa puissance incroyable de travail et d'assimilation. Mais son ambition le perdit et ruina la France avec lui.
Q107089308	Napoléon Ier (Correspondance de), collection des lettres, bulletins et proclamations du vainqueur d'Austerlitz, document historique de premier ordre.
Q1231009	Napoléon (le Couronnement ou le Sacre de), chef-d'œuvre de David, musée du Louvre ; vaste composition, très simple quoique très solennelle (1810).
Q107091535	Napoléon (Histoire de), par Lanfrey (1867), savante étude philosophique, où Napoléon est sévèrement et parfois assez injustement jugé.
Q7723	NAPOLÉON II (François-Charles-Joseph Bonaparte), fils de Napoléon Ier et de Marie-Louise, né à Paris, au palais des Tuileries. Proclamé roi de Rome lors de sa naissance et reconnu empereur par les Chambres lors de la seconde abdication de Napoléon Ier, il vécut jusqu'à sa mort, au château de Schœnbrunn, auprès de son aïeul, l'empereur François II d'Autriche, sous le nom de duc de Reichstadt (1811-1832).
Q221549	NAPOLÉON III (Charles-Louis-Napoléon Bonaparte), fils de Louis Bonaparte, roi de Hollande, et d'Hortense de Beauharnais, empereur des Français. Après une jeunesse aventureuse, il essaya en 1836 à Strasbourg, en 1840 à Boulogne, de se faire acclamer comme empereur et de renverser Louis-Philippe. Condamné à la détention perpétuelle, il fut enfermé à Ham, d'où il s'échappa sous le déguisement d'un maçon, s'enfuit en Belgique, revint en France après la révolution de 1848, se donna comme le représentant des idées napoléoniennes, en même temps que comme le défenseur des principes d'ordre et de stabilité sociale, fut élu dans plusieurs départements et arriva à la présidence de la République le 10 décembre 1848. Bien qu'il eût prêté serment à la constitution, il fit arrêter trois ans plus tard (2 déc. 1851) les notabilités des partis républicain et monarchiste, déclara l'Assemblée dissoute, fit réprimer sans pitié le soulèvement qui se dessinait de la population parisienne, et fit procéder à un plébiscite qui lui donna la présidence pour dix ans ; la force armée et les commissions mixtes avaient fait justice des récalcitrants. L'année suivante, l'Empire était rétabli par un sénatus-consulte, que ratifia un second plébiscite. L'histoire intérieure du second Empire se divise en trois périodes : de 1852 à 1860, Napoléon exerce un pouvoir absolu, grâce notamment à la loi de sûreté générale ; de 1860 à 1867, quelques garanties sont octroyées aux citoyens ; de 1867 à 1870 s'étend le régime qu'on a appelé l'Empire libéral. Pour se ménager l'appui des classes laborieuses, le gouvernement entreprit de nombreux travaux publics, encouragea l'agriculture, l'industrie et le commerce, créa des institutions de bienfaisance, favorisa les institutions de crédit, etc. A l'extérieur, Napoléon, voulant exercer l'hégémonie en Europe, fit la guerre de Crimée (1854-1856), alla en Chine avec l'Angleterre (1857-1860) sans en retirer d'avantages appréciables, s'empara de la Cochinchine (1859-1862), délivra l'Italie (1859), intervint malheureusement au Mexique (1862) et déclara inconsidérément la guerre à la Prusse ; il capitula à Sedan (1er septembre 1870). L'Assemblée nationale proclama sa déchéance et, après avoir été quelque temps captif en Allemagne, il se retira après la guerre à Chislehurst, où il mourut (1808-1873). En 1853, il avait épousé Eugénie de Montijo, dont il eut un fils, Napoléon Eugène-Louis.
Q42305169	Napoléon III (portrait de), par Hipp. Flandrin, (1863) ; l'empereur est en costume de général ; a une physionomie pensive, un peu idéalisée ; par Cabanel (1866) ; costume de cour, habit noir et culotte courte ; moins de poésie, mais une réalité frappante.
Q17493504	Napoléon III à Solférino, tableau de Meissonier (1864), musée du Luxembourg ; petites figures peintes avec une finesse étonnante.
Q221549	NAPOLÉON (Eugène-Louis-Jean-Joseph), prince impérial, fils unique de Napoléon III et d'Eugénie de Montijo, né à Paris, mort en Afrique australe, tué par les Zoulous (1856-1879).
Q190118	NAPOLÉON-VENDÉE, nom que porta sous l'Empire La Roche-sur-Yon.
Q55905	NAPOLÉONVILLE. V. Pontivy.
Q2340682	NAQUET (Alfred), savant et homme politique français, né à Carpentras en 1834. Il a fait voter la loi sur le divorce.
Q26897	NARBONNAISE [nè-ze], nom donné par les Romains à une partie de la Gaule méridionale, qu'ils conquirent vers 125 av. J.-C. La Narbonnaise fut plus tard divisée en deux provinces : Narbonnaise Ire, v. pr. Narbonne et Narbonnaise IIe, v. pr. Aix.
Q6555	NARBONNE, ch.-l. d'arr. (Aude), sur le canal de la Robine, dérivation de l'Aude ; ch. de f. M. ; à 55 kil. E. de Carcassonne ; 29.000 h. (Narbonnais). Miel, eaux-de-vie, vins. Patrie de Varron, des empereurs romains Carus, Carin, Numérien. — L'arr. a 6 cant., 73 comm., 109.200 h.
Q977533	NARBONNE-LARA (Louis comte de), général et homme d'Etat français (1755-1813).
Q179256	NARCISSE, fils du fleuve Céphise. Il s'éprit de sa propre image en se regardant dans les eaux d'une fontaine, au fond de laquelle il se précipita. Il fut changé en la fleur qui porte son nom (Myth.).
Q947675	NARCISSE (saint), évêque de Jérusalem (106-222) ; vécut environ cent seize ans. Fête le 29 octobre.
Q504761	NARES (sir George Strong), marin anglais, explorateur des régions arctiques, né en Ecosse en 1831.
Q1966849	NARISHKINE, noble famille russe, à laquelle appartenait la mère de Pierre le Grand, alliée à la maison régnante.
Q294781	NARSÈS [sèss], général de Justinien, exarque d'Italie (472-568).
Q102158	NARVA, v. forte de la Russie, gouvernement de Saint-Pétersbourg ; 12.000 h. Non loin du golfe de Finlande. Charles XII y battit l'armée russe en 1700, et Pierre le Grand s'empara de la ville en 1704.
Q185551	NARVAEZ [èz] (Ramon-Maria), général et homme d'Etat espagnol, né à Loja (1800-1868).
Q245959	NASBINALS, ch.-l. de c. (Lozère), arr. de Marvejols, sur un affluent du Bès ; 1.200 h.
Q23197	NASHVILLE, capit. de l'Etat de Tennessee, sur le Cumberland ; 82.000 h. Les Confédérés y furent battus en 1864.
Q159416	NASR-ED-DINE ou NASSER-ED-DIN-SHAH, shah de Perse de la dynastie des Kadjars, né à Téhéran ; il fut assassiné par un babi (1831-1896).
Q836680	NASSAU [sô] (duché de), petit Etat d'Allemagne, annexé à la Prusse en 1866 et faisant aujourd'hui partie de la prov. de Hesse-Nassau. V. Hesse-Nassau.
Q78454	NASSAU (Guillaume Ier, de), le Taciturne, prince d'Orange. Il s'efforça de délivrer la Hollande du joug de l'Espagne et mourut assassiné (1533-1584) ; — Maurice, fils du précédent, concourut à la condamnation de Barneveldt (1567-1625) ; — Henri, stathouder de Hollande, lutta avec gloire contre les Espagnols pendant la guerre de Trente Ans (1584-1647) ; — Guillaume II, prince d'Orange, fils et successeur du précédent, fit reconnaître l'indépendance des Provinces-Unies par le traité de Westphalie (1626-1650) ; — Guillaume III. V. Guillaume III, roi d'Angleterre.
Q1301901	NATAL, colonie anglaise du S.-E. de l'Afrique australe, peuplée de Boers hollandais, de colons anglais et allemands et de Cafres Zoulous ; 500.000 h. Capit. Pietermaritzburg.
Q263949	NATALIE, ex-reine de Serbie, fille du colonel russe Kechko et de la princesse roumaine Pulchérie Stourdza, née en 1859. Elle épousa le roi Milan en 1875 et fut la mère du roi Alexandre.
Q56389	NATCHEZ [tchèz] v. des Etats-Unis, sur le Mississipi ; 12.000 h. C'est aussi le nom d'une tribu américaine du Mississipi.
Q19211998	Natchez (les), poème en prose de Chateaubriand, sorte d'épopée de l'homme et de la nature (1826).
Q319116	NATHAN, prophète juif du temps de David, auquel il eut la hardiesse de reprocher le crime dont ce prince s'était rendu coupable en épousant Bethsabée, femme d'Urie, un de ses capitaines. V. Tu es ille vir, à la partie rose.
Q286611	Nathan le Sage, tragédie de Lessing, la dernière œuvre dramatique de l'auteur (1779).
Q3224971	National (le), journal politique libéral, fondé le 3 janvier 1830 par Thiers, Mignet, Carrel, etc. ; il publia la protestation des journalistes contre les ordonnances de Charles X.
Q180788	National Gallery (Galerie nationale), célèbre musée de peinture de Londres, fondé en 1824.
Q18565908	Nativité (la), tableau de Jules Romain, au Louvre ; composition savante, une des meilleures de l'auteur ; — d'Albert Dürer, au musée des Etudes (Naples).
Q860154	NATOIRE (Charles-Joseph), peintre français, né à Nîmes. C'est un maniériste académique, plus soucieux du joli que du beau (1700-1777).
Q277738	NATTIER [ti-é] (Jean-Marc), célèbre peintre portraitiste français, né à Paris (1685-1766).
Q1111930	Nature (Système de la), traité de philosophie matérialiste de d'Holbach.
Q861986	Nature des choses (De la), poème philosophique on six chants, par Lucrèce, exposition complète admirablement éloquente du système d'Epicure (56 av. J.-C.).
Q370414	Nature des dieux (De la). V. Dieux.
Q1141399	NAUCELLE [nô-sè-le], ch.-l. de c. (Aveyron), arr. de Rodez, au-dessus de l'Escudelle ; 1.500 h. (Naucellois).
Q710176	NAUDÉ [nô] (Gabriel), littérateur et bibliophile français, né à Paris (1600-1653).
Q1243521	NAUDET [nô-dè] (Joseph), historien français, né à Paris (1786-1878).
Q15986	NAUMBOURG [nôm'-bour] v. de Prusse (prov. de Saxe), sur la Saale ; 23.000 h. Vignobles.
Q64582	NAUNDORFF (Ch.-G.), horloger qui essaya, sous la Restauration et la monarchie de Juillet, de se faire passer pour Louis XVII ; m. en 1845.
Q782278	NAUPACTE [nô], anc. v. et port des Locriens, sur l'isthme de Corinthe ; aujourd'hui Lépante.
Q202337	NAUPLIE [nô-pli], ville du Péloponèse (Argolide) ; 9.000 h. Port sur la golfe de Nauplie formé par l'Archipel.
Q3449857	NAUROUZE (col de), seuil ouvert à 189 mètres d'altitude, à la frontière de l'Aude et de la Haute-Garonne, entre le versant de l'Atlantique et de la Méditerranée. Là passent une route, un chemin de fer et le canal du Midi. Obélisque à la mémoire de Riquet, auteur du canal du Midi.
Q135224	NAUSICAA [nô], fille d'Alcinoüs, roi des Phéaciens, qui accueillit Ulysse après son naufrage. Homère, dans un des plus charmants tableaux de l'Odyssée, la représente allant elle-même avec ses femmes laver ses robes et celles de ses frères.
Q3380978	NAVAILLES [va, ll mll.] (Philippe, duc de), maréchal de France. Il a laissé des Mémoires intéressants (1619-1684).
Q916230	NAVARETTE, bourg d'Espagne (prov. de Burgos), où Du Guesclin fut vaincu et fait prisonnier par le prince Noir en 1367 ; 2.500 h.
Q7263152	NAVARIN, v. du Péloponèse, prov. de Messénie ; 2.000 h. Port sur la mer Ionienne. Célèbre par la bataille navale où la flotte turque fut détruite par les forces combinées de la France, de l'Angleterre et de la Russie en 1827.
Q2709440	Navarraise (La), épisode lyrique en deux actes, livret de Jules Claretie et Henri Cain, musique de Massenet (1894).
Q200262	NAVARRE, ancien royaume sur les deux versants de la partie orientale des Pyrénées. En 1511, Ferdinand le Catholique enleva à Jean d'Albret la haute Navarre au S. des Pyrénées, et Henri IV annexa la basse Navarre (N. des Pyrénées), à la couronne de France par son avènement au trône [1589]. (Hab. Navarrais.)
Q638503	NAVARRE FRANÇAISE, petit pays de l'anc. France, compris, dans le départ. des Basses-Pyrénées, entre les Pyrénées et le Béarn. Capit. Saint-Jean-Pied-de-Port.
Q4018	NAVARRE (province de), prov. d'Espagne septentrionale ; 308.000 h. Capit. Pampelune.
Q179949	NAVARRENX, ch.-l. de c. (Basses-Pyrénées), arr. d'Orthez, sur le gave d'Oloron ; 1.300 h. (Navarrins.).
Q3272814	NAVAS-DE-TOLOSA (Las), bourg d'Espagne, prov. de Jaen, célèbre par la victoire qu'y remportèrent, en 1212, les rois d'Aragon, de Castille et de Navarre sur les Almohades.
Q3056181	NAVERY (Raoul de), femme de lettres française, de son vrai nom Marie David, née près de Ploërmel (1831-1885).
Q188527	NAXOS [nak-soss] ou NAXIA, île grecque de l'Archipel, la plus grande des Cyclades ; 12.000 h. (Naxiens). Marbre. V. pr. Naxos ; 2.200 h. Port.
Q640864	NAY [na-i], ch.-l. de c. (Basses-Pyrénées), arr. de Pau, sur le gave de Pau ; 3.700 h. Ch. de f. M. Patrie d'Abadie.
Q430776	NAZARETH [rèt], v. de la Palestine ; 8.000 h. (Nazaréens). Résidence de la sainte Famille jusqu'au baptême de Jésus.
Q1336978	NAZIANZE, anc. v. de la Cappadoce (Asie Mineure) ; patrie de saint Grégoire de Nazianze.
Q206942	NEAGH (lac), situé en Irlande, prov. d'Ulster.
Q67183	NEANDER [né-an-dèr] (Johann), théologien allemand (1789-1850).
Q170081	NÉANDERTHAL, vallée de la Dussel, affl. du Rhin, où l'on a découvert des restes humains fossiles.
Q320132	NÉARQUE, capitaine d'Alexandre le Grand. Il suivit le roi de Macédoine dans l'Inde et fit l'exploration des côtes d'Asie, de l'Indus à l'Euphrate.
Q1553	NÉBRASKA, un des Etats unis de l'Amérique du Nord ; 1.066.000 h. Capit. Omaha.
Q455594	NÉCHAO [ka-o] ou NIKO, roi de Sais et de Memphis (vie s. av. J.-C.) ; — Néchao II, roi d'Egypte de la 26e dynastie, monté sur le trône en 611, m. en 595.
Q1673	NECKAR, riv. d'Allemagne, qui passe à Heidelberg et se jette dans le Rhin (riv. dr.) à Mannheim ; cours 360 kil.
Q123062	NECKER [kèr] (Jacques), financier et ministre français, né à Genève. Banquier à Paris, il avait une grande réputation d'habileté et de probité. Dans ses deux ministères, il fit preuve de bon vouloir, et tenta de réaliser des réformes utiles, mais insuffisantes (1732-1804). — Sa femme, Mme Suzanne Necker, s'est rendue célèbre par son esprit et sa bienfaisance ; sa fille fut Mme de Staël (1739-1794).
Q2375310	NECKER DE SAUSSURE (Albertine-Adrienne), femme de lettres et éducatrice française, née à Genève, cousine de Mme de Staël (1766-1846).
Q313126	NECTANÉBO, roi d'Egypte de la 25e dynastie, détrôné en 345 av. J.-C. par l'invasion perse.
Q55	NEDERLAND. V. Hollande.
Q208154	NEDJED, vaste contrée intérieure de l'Arabie, composée de hauts plateaux partiellement désertiques.
Q596352	NEEFS (Pieter), dit le Vieux, peintre d'Anvers (1578-1656).
Q381801	NEER (Arthur van der), peintre hollandais, né à Amsterdam (1603-1677). — Son fils, Eglon, peintre hollandais, né à Amsterdam (1635 ou 1636-1703).
Q29999	NEERLANDE, forme francisée du mot Nederland. V. Hollande.
Q991231	NEERWINDEN ou NEERVINDE, comm. de Belgique, prov. de Liège, 600 h. Le maréchal de Luxembourg y battit Guillaume d'Orange en 1693 ; le prince de Cobourg y vainquit Dumouriez en 1793.
Q766815	NEFFTZER (Auguste), publiciste français, né à Colmar (1820-1876).
Q450994	NEFORÎT ou NEPHÉRITÊS [tèss], roi égyptien de la 29e dynastie.
Q635650	NÈGREPELISSE, ch.-l. de c. (Tarn-et-Garonne), arr. de Montauban, sur l'Aveyron ; 2.400 h. Ch. de f. Orl.
Q173096	NÈGREPONT. V. Eubée.
Q3086290	NÉGRIER [gri-é] (François-Marie-Casimir), général français, né au Mans, tué à Paris dans les journées de juin (1788-1848). — François-Oscar, de la famille du précédent, général français, né à Belfort en 1839, s'est distingué en Algérie et au Tonkin.
Q845985	NEGRITOS [toss], race de nègres de très petite taille, très peu civilisés, à type dégénéré, et qui semblent former le fond de la population indigène dans certaines régions de l'Afrique centrale, des Philippines et des îles malaises.
Q118771	NEGRO (rio), riv. de l'Amérique du Sud, qui arrose le Brésil et se jette dans l'Amazone (rive g.) ; environ 2.500 kil. — Fleuve de l'Amérique du Sud, qui arrose le N. de la Patagonie et se jette dans l'Atlantique ; 1.137 kil. — Fleuve de la République de l'Uruguay ; se jette dans l'Uruguay (riv. g.) ; 700 kil.
Q21413700	NEGRO (cap), promontoire de la côte S.-O. de l'Afrique, au S. de Mossamédès.
Q1025598	NÉHÉMIE [mî], Juif qui obtint d'Artaxerxès Ier, dont il était l'échanson, de relever les murs de Jérusalem.
Q1142554	NEIGE (Crêt de la), sommet du Jura (Ain) [1.723 m.].
Q348626	NEIPPERG [nè-pèrgh'] (Albert-Adam, comte de), grand maître du palais de Marie-Louise, devenue duchesse de Parme après 1815, et qui s'unit à lui par un mariage morganatique (1775-1829).
Q815721	NEISSE, v. du S.-E. de la Prusse (prov. de Silésie), sur la Neisse de Glatz ; 24.000 h. Prise par les Français en 1807.
Q1455991	NEISSE, nom de deux rivières d'Allemagne, affl. de gauche de l'Oder : la Neisse de Glatz, 195 kil. ; la Neisse de Gœrlitz, 225 kil.
Q433343	NÉLATON (Auguste), célèbre chirurgien français, né à Paris (1807-1873).
Q83235	NELSON (Horace), illustre amiral anglais, qui gagna la bataille d'Aboukir et celle de Trafalgar, où il fut tué (1758-1805).
Q748108	NÉMÉE, petite contrée de l'Argolide, où, suivant la Fable, le lion que tua Hercule exerçait ses ravages. (Hab. Néméens.)
Q527006	Néméens (jeux), fêtes de la Grèce, qui se célébraient dans le bois sacré de Némée, près de Cleones.
Q185747	NÉMÉSIS, déesse de la vengeance (Myth.).
Q107091561	Némésis, recueil de 52 satires politiques, par Barthélemy et Méry, d'une véhémence extrême, mais remarquables par l'énergie de la pensée et le mouvement général du style (1831-1832).
Q321067	NEMOURS [mour], ch.-l. de c. (Seine-et-Marne), arr. de Fontainebleau, sur le Loing et le canal du Loing ; 4.900 h. (Nemouriens). Ch. de f. P.-L.-M. Patrie de Bezout.
Q1335576	NEMOURS (Jacques d'Armagnac, duc de). Il se révolta plusieurs fois contre Louis XI, qui le fit mettre à mort (1437-1477).
Q201861	NEMROD [nèm'-rod'], roi fabuleux de la Chaldée. L'Ecriture l'appelle un puissant chasseur devant l'Eternel et son nom a passé dans la langue comme synonyme de chasseur adroit et infatigable.
Q513980	NÉO-CÉSARÉE, anc. v. du Pont (Asie Mineure), patrie de saint Grégoire le Thaumaturge ; aujourd'hui Niksar, v. d'Anatolie, prov. de Trébizonde ; 4.000 h.
Q322639	NEOPTOLÈME, autre nom de Pyrrhus, fils d'Achille et de Déidamie.
Q837	NÉPAUL [pâl] ou NÉPÂL, royaume indépendant de l'Hindoustan, dans l'Himalaya ; 3 millions d'h. (Népâlais). Capit. Khatmandou.
Q159592	NEPER ou NAPIER [pi-é] (Jean), mathématicien écossais, à qui l'on doit l'invention des logarithmes (1550-1617).
Q1771963	NEPHTALI, un des fils de Jacob. Il a donné son nom à l'une des douze tribus des Hébreux (Bible).
Q221522	NÉPOMUCÈNE (saint Jean), aumônier de l'empereur Wenceslas, auquel il refusa de révéler la confession de l'impératrice ; il fut noyé par ordre de ce prince (1330-1383). Fête le 16 mai.
Q109594	NEPOS (Cornélius), écrivain latin du ier siècle av. J.-C., auteur de biographies.
Q103860	NEPOS (Julius), avant-dernier empereur d'Occident (474-480).
Q3954	NEPTUNE, dieu de la mer, fils de Saturne, et frère de Jupiter et de Pluton. Dans son palais, au fond de la mer, il tenait les chevaux à crinière d'or qui le traînaient en char sur les vagues. Il était l'époux d'Amphitrite. A son nom se rattachent deux souvenirs littéraires : 1° Quos ego... V. Partie rose. 2° Le vers suivant de Lemierre, emprunté à son poème sur le Commerce : Le trident de Neptune est le sceptre du monde. Il sert à exprimer, sous une forme figurée, que l'empire de la mer donne l'empire du monde.
Q107091726	Neptune et Amphitrite, célèbre tableau de Rubens (Berlin). Magnifiques carnations.
Q332	NEPTUNE, planète située au delà d'Uranus.
Q210769	NÉRAC [rak], ch.-l. d'arr. (Lot-et-Garonne), sur la Baïse ; 6.500 h. (Néracais). Ch. de f. M., à 24 kil. S.-O. d'Agen. Vins, eaux-de-vie d'Armagnac. Jeanne d'Albret et son fils Henri de Navarre, y tinrent souvent leur cour. — L'arrond. a 7 cant., 62 comm., 52.200 h.
Q189527	NÉRÉE, dieu marin, époux de Doris et père des Néréides (Myth.).
Q54230	NÉRÉIDES, filles de Nérée et de Doris, nymphes de la Méditerranée (Myth.).
Q217791	NÉRI (saint Philippe de), prêtre italien, né à Florence, fondateur de la congrégation de l'Oratoire, approuvée en 1575 (1515-1595). Fête le 26 mai.
Q467294	NÉRIS [riss], comm. à 7 kil. de Montluçon (Allier) ; 2.800 h. Eaux thermales.
Q1413	NÉRON, empereur romain de 54 à 68, fils de Domitius Ahenobarbus et d'Agrippine. Adopté par l'empereur Claude, il lui succéda et régna d'abord avec douceur, selon les conseils de son maître, le philosophe Sénèque. Mais bientôt, il fit mourir Britannicus, Agrippine, Octavie, sa femme, et se déshonora par ses cruautés. Racine l'a justement flétri en deux beaux vers qu'il met dans la bouche d'Agrippine : Et ton nom paraîtra, dans la race future. Aux plus cruels tyrans une cruelle injure.
Q7071449	Néron, opéra en quatre actes, paroles de Jules Barbier, musique de Rubinstein (1879).
Q1091807	NÉRONDE, ch.-l. de c. (Loire), arr. de Roanne, non loin de la Loire ; 1.270 h. Patrie de Cotton.
Q1141361	NÉRONDES, ch.-l. de c. (Cher), arr. de Saint-Amand, à la source d'un affl. du Cher ; 2.200 h. Ch. de f. Orl.
Q1424	NERVA, né en 22 ap. J.-C., empereur romain de 96 à 98.
Q191305	NERVAL (Gérard de). V. Gérard.
Q756812	NERVIENS [vi-in], peuple belge de la Gaule.
Q2131265	NESLE (Raoul de), connétable de France, tué à Courtrai en 1302.
Q585873	NESLE [nè-le], ch.-l. de c. (Somme), arr. de Péronne ; 2.500 h. (Neslois). Ch. de f. N.
Q1937108	Nesle (hôtel de), célèbre demeure historique de l'ancien Paris, située sur la rive gauche de la Seine, à l'endroit où s'élève aujourd'hui l'Institut de France. La tour qui terminait l'enceinte méridionale de Paris reçut, à cause de la proximité de l'hôtel, le nom de tour de Nesle. Elle a fourni à Alexandre Dumas et à Gaillardet le titre d'un drame célèbre en cinq actes et en prose, la Tour de Nesle (1832), où Marguerite de Bourgogne, fameuse par ses crimes, joue le principal rôle.
Q3132347	NESMOND [mon] (Henri de), prélat et littérateur français, né à Bordeaux (1644-1727).
Q314196	NESSELRODE (Charles-Robert comte de), diplomate russe, né à Lisbonne. Il fut plénipotentiaire du tsar au congrès de Vienne et dirigea la politique extérieure de l'empire sous Alexandre Ier et Nicolas, de 1816 à 1856.
Q466866	NESSUS [suss], centaure qui, ayant voulu enlever Déjanire, femme d'Hercule, fut atteint par le héros d'une flèche trempée dans le sang de l'hydre de Lerne. En mourant, Nessus donna sa tunique à Déjanire, comme un talisman qui devait lui ramener son époux s'il devenait infidèle (Myth.).
Q897217	NESTE (la), riv. de France, affl. g. de la Garonne. Elle est formée par la Neste d'Aure ou Grande-Neste et la Neste de Louron ou Petite-Neste.
Q2668591	NESTE (canal de la) ou canal de Lannemezan, canal des Hautes-Pyrénées, qui reçoit les eaux de la Neste et qui alimente une dizaine de rivières de la Haute-Garonne et du Gers, telles que le Gers, la Save, la Gimone, l'Arrats, etc.
Q193267	NESTOR, roi de Pylos, le plus âgé des princes qui assistèrent au siège de Troie. Il était réputé pour sa sagesse et les longs discours qu'il prononçait devant les chefs assemblés (Iliade et Odyssée).
Q185073	NESTORIUS [uss], hérésiarque, né en Syrie, patriarche de Constantinople en 428, déposé par le concile d'Ephèse en 431 et mort dans les déserts de Libye vers 440. Sa doctrine, qui porte le nom de nestorianisme, distinguait deux personnes en Jésus-Christ.
Q1545935	NÈTHE, riv. de Belgique, formée près de Lierre par la réunion de la Petite Nèthe et de la Grande Nèthe, qui donnèrent leur nom à un dép. français (dép. des Deux-Nèthes) sous le premier Empire.
Q208081	NÉTHOU ou ANETO. V. Maladetta.
Q217715	NETSCHER [nè-tchèr] (Gaspard), peintre allemand, né à Heidelberg (1639-1684).
Q2835367	NETTEMENT [man] (Alfred), historien et littérateur français, né à Paris (1805-1869).
Q125652	NEUBOURG, v. de Bavière, sur le Danube ; 8.200 h.
Q872004	NEUBOURG (Le), ch.-l. de c. (Eure), arr. de Louviers ; 2.500 h. Ecole pratique d'agriculture.
Q69345	NEUCHÂTEL, v. de Suisse, ch.-l. du cant. de Neuchâtel, sur le lac de Neuchâtel ; 22.000 h. (Neuchâtelois). Patrie de Bréguet. — Le canton a 126.000 h.
Q14375	NEUCHÂTEL (lac de), en Suisse, au pied du Jura ; il communique avec l'Aar. Il a une longueur de 39 kil. sur 3 à 8 de large en moyenne.
Q150039	NEUF-BRISACH [neu-bri-zak], anc. ch.-l. de c. (Haut-Rhin), près le Rhin ; cédé à l'Allemagne ; 3.500 h.
Q210787	NEUFCHÂTEAU [neu, tô], ch.-l. d'arr. (Vosges), sur la Meuse ; 4.000 h. (Néocastriens). Ch. de f. E., à 60 kil. N.-O. d'Epinal. — L'ar. a 5 cant., 131 comm., 48.000 h.
Q659248	NEUFCHÂTEL ou NEUFCHÂTEL-EN-BRAY [neu, an-brè], ch.-l. d'arr. (Seine-Inférieure), sur la Béthune, affl. de l'Arques ; 4.200 h. (Neufchâtelois). Ch. de f. O., à 50 kil. N.-E. de Rouen. Fromages, cidre. — L'arrond. a 8 cant., 142 comm., 73.200 h.
Q325831	NEUFCHÂTEL-SUR-AISNE [neu], ch.-l. de c. (Aisne), arr. de Laon ; 700 h. (Neufchâtelois).
Q699444	NEUHOF (Théodore baron de), aventurier, né à Metz, agent d'Alberoni. En 1736, il se fit proclamer roi de Corse sous le nom de Théodore (1690-1756).
Q1072145	NEUILLÉ-PONT-PIERRE, ch.-l. de c. (Indre-et-Loire), arr. de Tours ; 1.600 h. Ch. de f. Orl.
Q774798	NEUILLY-EN-THELLE, ch.-l. de c. (Oise), arr. de Senlis, près d'un affluent de l'Esches ; 1.600 h. Ch. de f. d'Hermes à Persan-Beaumont.
Q779711	NEUILLY-LE-RÉAL, ch.-l. de c. (Allier), arr. de Moulins ; 1.900 h.
Q1158159	NEUILLY-L'ÉVÊQUE, ch.-l. de c. (Haute-Marne), arr. de Langres, sur le Valdegris ; 930 h. Ch. de f. E.
Q988669	NEUILLY-SAINT-FRONT [sin-fron], ch.-l. de c. (Aisne), arr. de Château-Thierry, sur le ru des Mégissiers ; 1.500 h. Ch. de f. N.
Q48958	NEUILLY-SUR-SEINE, ch.-l. de c. (Seine), arr. de Saint-Denis ; 38.000 h. (Neuillistes). Château avec parc.
Q1169924	NEUNG-SUR-BEUVRON, ch.-l. de c. (Loir-et-Cher), arr. de Romorantin ; 1.300 h.
Q55630	NEUSATZ ou UJVIDECK, v. de Hongrie, sur le Danube ; 29.000 h.
Q2948	NEUSS, v. de Prusse rhénane, près du Rhin ; 28.500 h.
Q4149	NEUSTADT, v. de Bavière (Palatinat rhénan) ; 16.000 h. Vignobles.
Q24288527	NEUSTADT, v. de Prusse, prov. de Saxe, incorporée à Magdebourg ; 27.000 h.
Q9306	NEUSTADT-EBERSWALDE, v. de Prusse, près de la Schwærze ; 16.000 h.
Q20352	NEU-STRELITZ, v. d'Allemagne, capit. du grand-duché de Mecklembourg-Strelitz ; 11.500 h.
Q106577	NEUSTRIE ou royaume de l'Ouest, l'un des trois grands royaumes francs sous la première race de nos rois ; elle comprenait les pays situés entre la Loire, la Bretagne, la Manche et la Meuse. Elle fut en rivalité constante avec l'Austrasie ou royaume de l'Est. (Hab. Neustriens.)
Q6508995	Neutralité armée, confédération des puissances maritimes pour garantir sur les vaisseaux neutres les propriétés des nations ennemies, sauf les véritables munitions de guerre et les marchandises de contrebande. On désigne particulièrement dans l'histoire, sous le nom de Ligue de neutralité armée, un traité passé en 1800 entre la Russie et la Suède et dirigé contre l'Angleterre, alors en guerre avec la France. La Prusse et le Danemark accédèrent peu après à ce traité.
Q470664	NEUVIC [vik], ch.-l. de c. (Corrèze), arr. d'Ussel, près de la Viousonne ; 3.000 h. Ferme école des Plaines.
Q1011543	NEUVIC, ch.-l. de c. (Dordogne), arr. de Ribérac, près de l'Isle ; 3.000 h. Ch. de f. Orl.
Q733770	NEUVILLE, ch.-l. de c. (Vienne), arr. de Poitiers ; 3.200 h. Ch. de f. Et.
Q1982147	NEUVILLE-AU-BOIS [boi], ch.-l. de c. (Loiret), arr. d'Orléans, près de la Laye ; 2.500 h. Ch. de f. Orl.
Q522234	NEUVILLE-SUR-SAÔNE, ch.-l. de c. (Rhône), arr. de Lyon ; 3.200 h. Ch. de f. P.-L.-M.
Q1494309	NEUVILLE (Alphonse de), peintre militaire français, né à Saint-Omer, auteur des Dernières Cartouches, du Cimetière de Saint-Privat, etc. Il a peint avec E. Detaille le Panorama de la bataille de Champigny (1836-1885).
Q737336	NEUVY-LE-ROI, ch.-l. de c. (Indre-et-Loire), arr. de Tours, près du Long ; 1.500 h. Ch. de f. de Port-Boulet à Châteaurenault.
Q472855	NEUVY-SAINT-SÉPULCHRE, ch.-l. de c. (Indre), arr. de La Châtre, sur la Bouzanne ; 2.800 h.
Q645	NÉVA (la), fl. de Russie. Elle sort du lac Ladoga, arrose Saint-Pétersbourg et se jette dans le golfe de Finlande ; 75 kil. Eaux très abondantes.
Q26955	NEVADA (sierra), montagne du sud de l'Espagne ; point culminant, 3.534 m. La longueur de la chaîne est de 150 kil.
Q1227	NEVADA, un des Etats unis d'Amérique ; 42.300 h. Capit. Carson-City.
Q166997	NEVERS [vèr], anc. capit. du Nivernais, ch.-l. du dép. de la Nièvre, sur la Loire ; ch. de f. P.-L.-M. ; à 234 kil. S.-E. de Paris ; 28.000 h. (Nivernais). Evêché. Patrie d'A. Billaut, Chaumette, Ducrot. — L'arr. a 8 cant., 93 comm., 126.500 h.
Q969113	NEVERS (Louis de Gonzague, duc de), capitaine du temps de la Ligue, qui se rallia ensuite à Henri IV (1539-1595).
Q25395	NEWARK, v. des Etats-Unis (New-Jersey) ; 265.000 h. Port sur la baie de Newark.
Q49147	NEW-BEDFORD, v. des Etats-Unis (Massachusetts), sur la baie de Buzzard ; 63.000 h.
Q1425428	NEWCASTLE ou NEWCASTLE-UPON-TYNE [niou], v. d'Angleterre, ch.-l. du comté de Northumberland, sur le Tyne ; 222.250 h. Centre de commerce de la houille dans le Nord de l'Angleterre.
Q193042	NEWCOMMEN (Thomas), mécanicien anglais de la fin du xviie siècle, inventeur d'une des premières machines à vapeur.
Q759	NEW-HAMPSHIRE, un des Etats unis d'Amérique ; 412.000 h. Capit. Concord.
Q573788	NEWHAVEN, port d'Angleterre (Sussex), sur la Manche ; 5.000 h. Service de paquebots pour Dieppe.
Q49145	NEW-HAVEN, v. des Etats-Unis (Connecticut) ; 114.000 h. Port sur la baie de New-Haven.
Q1408	NEW-JERSEY, un des Etats unis de l'Amérique du Nord ; 1.884.000 h. Capit. Trenton.
Q44490	NEWMAN (Jean-Henri), cardinal théologien anglais, né à Londres (1801-1890).
Q1382713	NEWMARKET, v. d'Angleterre (Suffolk). Courses de chevaux ; 5.500 h.
Q54264	NEWPORT, v. et port des Etats-Unis (Rhode-Island) ; 28.000 h.
Q935	NEWTON [neu-ton ou niou-ton'] (Isaac), illustre mathématicien, physicien, astronome et philosophe anglais. Il s'est rendu immortel par sa découverte des lois de la gravitation universelle et la décomposition de la lumière (1642-1727).
Q107090633	Newton (Pomme de), allusion à la circonstance qui mit le grand astronome sur la trace des lois de l'attraction universelle. Depuis longtemps Newton étudiait la théorie de Kepler sur les lois qui président aux mouvements des planètes. Un jour que, livré à ses pensées, il était assis sous un pommier, une pomme tomba à ses pieds. Ce petit incident le jeta dans de profondes réflexions sur la nature de cette singulière puissance qui sollicite les corps vers le centre de la Terre et les y précipite avec une vitesse accélérée. Aussitôt un éclair illumina son esprit. Pourquoi, se demanda-t-il, ce pouvoir de l'attraction ne s'étendrait-il pas jusqu'à la Lune ? Et alors quelle est la force qui retient celle-ci dans son orbite autour de la Terre... ? Puis il étendit cette interrogation jusqu'aux planètes qui se meuvent autour du Soleil. Newton était sur la voie de la grande découverte que ses calculs devaient bientôt déterminer rigoureusement. On rappelle la pomme de Newton pour faire entendre que d'importants résultats sont dus quelquefois à des causes insignifiantes ou même étrangères.
Q60	NEW-YORK, [neu-i-ork ou niou-i-ork], v. la plus importante des Etats-Unis, dans l'Etat de New-York, sur l'océan Atlantique, à l'embouchure de l'Hudson ; 3.716.000 h. (New-Yorkais). Archevêché catholique, évêché anglican ; université, écoles de médecine et de théologie, académie des beaux-arts, nombreuses bibliothèques ; entrepôt de commerce immense, en relations suivies avec toute l'Europe.
Q1384	NEW-YORK, un des Etats unis de l'Amérique du Nord ; 7.269.000 h. Ch.-l. Albany.
Q175770	NEXON [nèk-son], ch.-l. de c. (Haute-Vienne), arr. de Saint-Yrieix, au-dessus d'un affluent de l'Aixette ; 3.200 h. Ch. de f. Orl.
Q40756	NEY [né] (Michel), duc d'Elchingen, prince de la Moskova, maréchal de France, né à Sarrelouis. Il se couvrit de gloire dans les guerres de la Révolution et de l'Empire, et surtout dans la campagne de Russie. Napoléon le surnomma le Brave des braves. Créé pair de France par Louis XVIII, il se déclara pour Napoléon Ier aux Cent-Jours. A la seconde Restauration, il fut condamné à mort par la cour des pairs et fusillé (1769-1815).
Q22924605	Ney (statue de), par Rude (1853), place de l'Observatoire (Paris), près de l'endroit où le maréchal Ney fut fusillé.
Q107091817	Ney soutenant l'arrière-garde de la Grande Armée, tableau d'Adolphe Yvon, au Musée de Versailles ; épisode de la retraite de Russie.
Q849108	NGAMI, lac de l'Afrique australe, à l'E. du pays des Damaras ; en voie de dessèchement.
Q182343	NIAGARA (le), riv. de l'Amérique du Nord, section du Saint-Laurent, séparant le Canada des Etats-Unis. Elle unit les lacs Erié et Ontario ; remarquable par une magnifique cataracte de 50 mètres de hauteur, que l'on appelle la chute du Niagara.
Q793575	NIAM-NIAM, peuple du Soudan oriental, au S.-O. du Darfour, entre les bassins du Nil, du Congo et les rives du lac Tchad.
Q1093934	Nibelungen [ni-bé-loun'-ghèn']. Dans la légende allemande, Nains possesseurs de grandes richesses souterraines et qui ont pour roi Nibelung. Les guerriers de Siegfried, puis les Burgundes, prirent successivement le nom de Nibelungen après s'être emparés de leurs trésors.
Q131554	Nibelungen (Chant des) en allem. Nibelungenlied, célèbre épopée allemande, écrite vers 1200 dans l'Allemagne du Sud. Elle raconte les exploits de Siegfried, maître du trésor des Nibelungen, pour aider Gunther à conquérir la main de Brunehilde, son mariage avec Krimhilde, sœur de Gunther, sa mort sous les coups du traître Hagen et la vengeance de Krimhilde. V. Anneau.
Q1267360	NICANOR, général d'Antiochus Epiphane, vaincu et décapité par Judas Macchabée en 161 av. J.-C.
Q173862	NICARAGUA [ghou-a], lac de la République de Nicaragua.
Q811	NICARAGUA (Etat de), petite république de l'Amérique centrale ; 128.340 kil. carr. ; 430.000 h. (Nicaraguayens). Ch.-l. Managua. Sol montagneux ; riz, coton, canne à sucre.
Q1010628	NICCOLINI (Jean-Baptiste), historien et poète dramatique italien, né en Toscane (1785-1861).
Q706553	NICE (comté de), anc. prov. du royaume de Sardaigne, capit. Nice, réunie en partie à la France en 1860 ; elle forme presque tout le dép. des Alpes-Maritimes.
Q33959	NICE, anc. cap. du comté de Nice, ch.-l. du dép. des Alpes-Maritimes. Port sur la Méditerranée ; ch. de f. P.-L.-M. ; à 1.088 kil. S.-E. de Paris ; 105.000 h. (Niçois). Evêché, bel observatoire ; station hivernale. Patrie de Garibaldi, A. Blanqui, Masséna, Vanloo. — L'arrond. a 11 cant., 45 comm., 170.800 h.
Q739037	NICÉE, anc. v. de l'Asie Mineure (Anatolie), où se tinrent deux conciles œcuméniques, l'un en 325, qui condamna l'arianisme, l'autre en 787, contre les iconoclastes. Aujourd'hui Isnik.
Q208754	NICÉPHORE Ier, le Logothète, empereur d'orient de 802 à 811. Il détrôna Irène, traita avec Charlemagne, fut battu par Haroun-al-Raschid et par les Bulgares ; — Nicéphore II, Phocas, empereur d'orient de 963 à 969 ; — Nicéphore III, Botoniate, empereur d'orient de 1078 à 1081.
Q116639	NICÉPHORE (saint), patriarche de Constantinople de 806 à 815 (758-829).
Q3165794	NICERON (Jean-François), mathématicien français, de l'ordre des minimes, né à Paris (1613-1646).
Q129259	NICH ou NISSA, v. de Serbie, sur la Nichara ; 24.500 h.
Q2028815	Nichan-el-Anouar (ordre du) du sultanat de Tadjourah, ordre colonial français, fondé en 1888 par Ahmet-ben-Mohammed en souvenir de l'établissement du protectorat. Ruban bleu foncé, bande verticale blanche du tiers de la largeur totale.
Q964927	Nichan-Iftikhar de Tunis (ordre du), institué en 1837 par Ahmed-bey ; ruban vert, avec deux lisérés rouges sur chaque côté.
Q1515028	Nichan-Iftikhar de Turquie (ordre du), établi en 1831 par le sultan Mahmoud II ; ruban rouge avec un liséré vert de chaque côté.
Q695200	NICHOLSON [kol] (William), savant chimiste et physicien anglais, né à Londres (1753-1815).
Q315822	NICIAS [si-âss], général athénien. Il se distingua dans la guerre du Péloponèse, signa un traité de paix avec Sparte (421), échoua et périt dans l'expédition de Sicile, qu'il ne sut pas diriger (413 av. J.-C.).
Q157286	NICOBAR (îles), archipel anglais de 19 îles dans le golfe du Bengale ; 6.000 h.
Q295084	NICODÈME (saint), Juif, disciple de J.-C. Fête le 3 août.
Q107091838	Nicodème, personnage populaire, type de la niaiserie.
Q41572	NICOLAÏEF. V. Nikolaïef.
Q44269	NICOLAS [la] (saint), évêque de Myre, persécuté sous Dioclétien ; patron de la Russie. Fête le 6 décembre.
Q170503	NICOLAS Ier (saint), le Grand, pape de 858 à 867. Fête le 13 novembre ; — Nicolas II, pape de 1058 à 1061 ; — Nicolas III, pape de 1277 à 1280 ; — Nicolas IV, pape de 1288 à 1292 ; — Nicolas V, pape de 1447 à 1455.
Q130734	NICOLAS Ier, fils de Paul Ier, né à Saint-Pétersbourg en 1796, tsar de Russie de 1825 à 1855. Il conquit Erivan sur la Perse (1826), intervint, avec la France et l'Angleterre, en faveur des Grecs (1827-1829), mais échoua contre la Turquie, par suite de l'intervention de la France et de l'Angleterre en Crimée. En 1848, il avait aidé l'Autriche à réprimer l'insurrection hongroise (1796-1855). — Nicolas II, fils et successeur d'Alexandre III, né en 1868, monté sur le trône en 1894. Sous son règne ont eu lieu la conférence pacifiste de La Haye, et la guerre russo-japonaise.
Q283255	NICOLAS Ier, prince de Monténégro, né en 1841, monté sur le trône en 1860.
Q847642	Nicolas Nickleby, roman de Charles Dickens, œuvre pleine à la fois d'esprit et de sensibilité (1839).
Q719942	NICOLE (Pierre), moraliste et théologien, né à Chartres, solitaire de Port-Royal, auteur de célèbres Essais de morale, et, en collaboration avec Arnauld, de la Logique de Port Royal (1625 ou 1628-1695).
Q63492420	Nicole, personnage du Bourgeois gentilhomme, de Molière ; nom qui a passé dans le langage pour désigner ces servantes fidèles, dévouées, mais qui ont conservé leur franc parler.
Q3164317	NICOLET [lè] (Jean-Baptiste), directeur d'un théâtre forain, né à Paris (1728-1796). Comme il attirait constamment la foule par la variété et la nouveauté de ses spectacles, l'expression de plus en plus fort, comme chez Nicolet, devint proverbiale.
Q736805	NICOLO (Nicolas Isouard, dit), compositeur de musique français, né à Malte, compositeur charmant et gracieux, auteur des opéras-comiques les Rendez-vous bourgeois, Cendrillon, Joconde, Jeannot et Collin, etc. (1775-1818).
Q343604	NICOMÈDE Ier, roi de Bithynie de 270 à 250 av. J.-C., fondateur de Nicomédie ; — Nicomède II, allié des Romains, roi de 142 à 91 ; — Nicomède III, ennemi de Mithridate et allié des Romains (91-74).
Q3341201	Nicomède, tragédie de Pierre Corneille, heureux mélange du familier et du sublime (1651). C'est dans cette pièce que se trouve ce vers : Ah ! Ne me brouillez pas avec la République ! qui s'emploie pour marquer la peur que l'on a de déplaire à un parti puissant.
Q209349	NICOMÉDIE, anc. v. de Bithynie, colonie romaine importante sous l'Empire.
Q409102	NICOPOLI, ancienne Nicopolis, v. de la Bulgarie, sur le Danube ; 5.000 h. Victoire de Trajan sur les Daces, et de Bajazet sur les Hongrois (1396).
Q318368	NICOT [ko] (Jean), diplomate français, né à Nîmes ; il importa le tabac en France (1530-1600).
Q251082	NICOTERA (Giovanni, baron), homme d'état italien, né en Calabre, prit une part active au soulèvement républicain des Calabres et au siège de Rome (1848). Il réprima le brigandage en Sicile (1828-1894).
Q57420	NIEBUHR (Carstens), voyageur allemand (1733-1815) ; — Son fils Berthold-Georges, critique érudit et historien allemand, né à Copenhague, auteur d'une Histoire romaine remarquable, dans laquelle il a le premier essayé de démêler la vérité au travers des légendes invraisemblables rapportées par Tite-Live (1776-1831).
Q21387	NIEDERBRONN, ancien ch.-l. de c. (Bas-Rhin), cédé à l'Allemagne ; 3.200 h.
Q304620	NIEDERMEYER (Louis), compositeur, né à Noyon (Suisse) ; il a fondé à Paris l'Ecole de chant ecclésiastique (1802-1861).
Q115701	NIEL (Adolphe), maréchal de France, né à Muret. Il essaya à la veille des événements de 1870 d'organiser plus fortement l'armée française par la constitution de la garde mobile (1802-1869).
Q458241	NIEMCEWICZ (Julien-Ursin), patriote et écrivain polonais (1758-1841).
Q5622	NIÉMEN (le) [mèn], fleuve de Russie et de Prusse. Il arrose Grodno et se jette dans la mer Baltique ; 830 kil. ; sur ses bords eut lieu la fameuse entrevue de Tilsit.
Q188342	NIEPCE (Nicéphore), chimiste français, né à Chalon-sur-Saône, inventeur de la photographie (1765-1833). — Son cousin, Niepce de Saint-Victor (Claude), né à Saint-Cyr, fut l'inventeur de la photographie sur verre (1805-1870).
Q9358	NIETZSCHE (Frédéric), philosophe allemand, né à Rœcken (1844-1900).
Q1076330	NIEUL, ch.-l. de c. (Haute-Vienne), arr. de Limoges, sur la Glane ; 1.000 h. Ch. de f. Orl.
Q623310	NIEUPORT [por], v. de Belgique (Flandre-Occidentale) ; 3.500 h.
Q1232403	NIEUWERKERKE (Alfred-Emilien, comte de), statuaire et administrateur français d'origine hollandaise, né à Paris (1811-1892).
Q1456175	NIÈVRE (la), riv. de France, qui se jette dans la Loire (riv. dr.) à Nevers ; 48 kil.
Q12657	NIÈVRE (dép. de la), dép. formé du Nivernais et d'une partie de l'Orléanais ; préf. Nevers ; s.-préf. Château-Chinon, Clamecy, Cosne ; 4 arr., 25 cant., 313 comm. ; 324.000 h. 8e corps d'armée ; cour d'appel de Bourges ; évêché à Nevers. Ce dép. doit son nom à la rivière qui l'arrose.
Q3542	NIGER [jèr] ou DHIOLIBA (le), grand fleuve d'Afrique occidentale. Il passe à Tombouctou et se jette dans l'océan Atlantique (golfe de Guinée) ; cours d'environ 4.000 kil.
Q13427561	NIGRITIE [sî], nom donné quelquefois au Soudan.
Q179691	NIIGATA, v. et port du Japon (Nippon) ; 54.000 h.
Q536319	NIJÉGOROD, gouvernement de la Russie centrale ; 1.600.000 hab. Ch.-l. Nijnii-Novgorod.
Q891	NIJNII-NOVGOROD, v. de Russie, ch.-l. du gouv. de Nijégorod, au confl. du Volga et de l'Oka ; 90.000 h. Monuments intéressants. Il s'y tient chaque année une foire (fourrures, cuirs, thé) fréquentées par 300.000 personnes venues de tous les points de la Russie.
Q41572	NIKOLAÏEF ou NICOLAÏEF, v. et port de la Russie méridionale, gouv. de Kherson, port sur l'Ingoul et le Boug, tributaires de la mer Noire ; 92.000 h.
Q3392	NIL (le), grand fleuve de l'Afrique orientale. Il se compose d'une branche mère qui sort du lac Victoria-Nyanza, traverse une région marécageuse, franchit quelques chutes, et entre dans le M'voutan-N'zighé, d'où elle sort sous le nom de Bahr-el-Djebel. Après avoir reçu le tribut du Bahr-el-Ghazal (fleuve des Gazelles), c'est alors le Bahr-el-Abiad (fleuve Blanc). Près de Khartoum, il reçoit à droite le Bahr-el-Azrak (fleuve Bleu), qui vient d'Abyssinie. Il traverse la Nubie et l'Egypte, qu'il fertilise par ses débordements périodiques, arrive au Caire, où commence le Delta, dont les deux bras principaux se jettent dans la Méditerranée, l'un près de Damiette, l'autre près de Rosette. On donne au Nil un cours de 6.500 kil.
Q105836483	Nil (le), groupe colossal antique ; au Vatican.
Q225850	NILSON (Sven), naturaliste suédois, né près de Landscrona (1787-1883).
Q269812	NILSSON (Christine), cantatrice suédoise, née en 1843.
Q47887	NIMÈGUE, v. de Hollande (Gueldre), sur le Waal ; 48.000 h. Célèbre par le traité qui s'y conclut en 1678 entre la France, et la Hollande, et en 1679 entre la France, l'Espagne, l'empire et la Suède. Ces traités donnaient à la France la Franche-Comté et plusieurs villes de Flandre : Valenciennes, Condé, le Cambrésis, etc. Ils firent de Louis XIV l'arbitre de l'Europe.
Q42807	NÎMES [me], ch.-l. du dép. du Gard ; 80.600 h. (Nîmois). Ch. de f. P.-L.-M., à 785 kil. S.-E. de Paris. Evêché ; Maison carrée, ancien temple romain d'une belle architecture. V. arènes. Vins, tapis. Patrie d'Afer, Brousson, Saurin, Rabaut Saint-Etienne, Cassagne, Guizot, Crémieux, Court de Gébelin, J. Reboul, Nicot, Jalabert, A. Daudet, Soleillet. — L'arr. a 11 cant., 74 comm. 171.500 h.
Q42780	NING-PO, v. de Chine, prov. de Tché-Kiang ; 255.000 h. Port ouvert.
Q5680	NINIVE, v. de l'Asie ancienne, capit. de l'Assyrie, sur le Tigre. (Hab. Ninivites.)
Q237045	NINON DE LENCLOS. V. Lenclos.
Q1152356	NINUS [nuss], roi légendaire de l'Assyrie, conquérant célèbre à qui la tradition attribuait la fondation de Ninive vers l'an 2000 av. J.-C. Il aurait épousé la Syrienne Sémiramis, qui le fit mettre à mort.
Q1152356	NINYAS [âss] ou NINUS II, fils de Sémiramis, roi légendaire de l'Assyrie.
Q213621	NIOBÉ, fille de Tantale et femme d'Amphion, roi de Thèbes. Elle avait sept fils et sept filles. Fière de cette nombreuse postérité, elle osa tourner en raillerie Latone, qui n'avait que deux enfants, Apollon et Diane. Ceux-ci, pour venger leur mère, tuèrent à coups de flèches tous les enfants de Niobé. La malheureuse mère, stupéfiée par la douleur, fut métamorphosée en rocher. Dans la littérature, Niobé est restée la personnification de la douleur maternelle (Myth.).
Q98783271	Niobé et ses enfants ou les Niobides, célèbres statues antiques, au nombre de quatorze, au musée des Offices (Florence) ; les fils et les filles de Niobé sont tués à coups de flèches par Apollon et Diane ; la mère infortunée, sublime de douleur, assiste à ce massacre. On a tout lieu de croire que ces diverses statues décoraient le fronton d'un temple.
Q184159	NIORT [or], ch.-l. du dép. des Deux-Sèvres, sur la Sèvre Niortaise ; 27.000 h. (Niortais). Ch. de f. Et., à 410 kil. S.-O. de Paris. Peausserie, ganterie. Patrie de Fontanes, Hippeau, Mme de Maintenon. — L'arrond. a 10 cant., 92 comm., 107.000 h.
Q75150	NIOU-TCHOUANG, v. de Chine, prov. de Liao-Toung ; 45.000 h. Port ouvert.
Q13989	NIPPON ou HONDO, la plus grande des îles qui constituent le Japon ; 33.200.000 h. V. pr. Kioto, Tokio.
Q1270734	NISARD [zar] (Désiré), littérateur français, né à Châtillon-sur-Seine. On lui doit une célèbre Histoire de La Littérature française, œuvre de mérite, mais où le moyen âge et la littérature contemporaine sont trop exclusivement sacrifiés à la période classique (1806-1888). — Son frère Charles, né à Châtillon-sur-Seine, fut aussi un littérateur distingué (1808-1839).
Q7134950	NISUS [zuss], jeune Troyen qui suivit Enée en Italie, et dont l'amitié pour Euryale a été immortalisée par Virgile dans le IXe livre de son Enéide. Ce célèbre épisode est un chef-d'œuvre de pathétique, où tous les genres de beautés poétiques sont réunis. Les noms de Nisus et d'Euryale sont restés comme synonymes d'amis dévoués jusqu'à la mort. On cite également ce cri héroïque : Me, me adsum qui feci. V. Part. rose.
Q661001	NITHARD [tar], petit-fils de Charlemagne, un des plus anciens chroniqueurs français ; m. en 884.
Q230774	NITÔKRIS [kriss] ou NITAKERIT [krit'], reine d'Egypte de la 6e dynastie.
Q974519	NIVE (la), riv. des Basses-Pyrénées, qui se jette dans l'Adour (r. g.) à Bayonne ; 75 kil.
Q1367657	Niveleurs, sectaires politiques anglais, défenseurs outrés des principes égalitaires, battus et détruits par Cromwell (1648).
Q3175622	NIVELLE (Jean de), fils aîné de Jean II de Montmorency. Il refusa de marcher contre le duc de Bourgogne, malgré l'ordre, l'appel de son propre père, prenant la fuite devant toutes les sommations qui lui étaient adressées, ce qui a donné lieu à cette locution populaire : ll ressemble au chien de Jean de Nivelle, qui s'enfuit quand on l'appelle (xve s.). V. Jean de Nivelle.
Q319463	NIVELLES ou NIVELLE, v. de Belgique (Brabant) ; 12.000 h.
Q1468519	NIVERNAIS [nè], anc. prov. de France, annexée à la couronne sous Louis XIV (1660) ; capit. Nevers ; forme aujourd'hui le dép. de la Nièvre.
Q135479	Nivernais (canal du). Il relie la Seine à la Loire par l'Yonne et va d'Auxerre à Decize ; 174 kil.
Q347372	NIVERNAIS (Louis-Jules duc de), homme d'Etat et littérateur français, né à Paris (1716-1798).
Q1336702	NIVILLERS [lèr], ch.-l. de c. (Oise), arr. de Beauvais, près du ruisseau de Laversines ; 200 h.
Q1240096	NIZAM [zam'] (Etats du), royaume de l'Hindoustan central, feudataire de l'Angleterre ; 11.200.000 h. Capit. Haïderabad.
Q403145	NÔ (lac) ou Birket-el-Ghazal, lac d'Afrique, dans le Soudan oriental, au confl. de la branche mère du Nil et du Bahr-el-Ghazal. V. Nil.
Q834102	NOAILLES [no-a, ll mll.], ch.-l. de c. (Oise), arr. de Beauvais, non loin du Thérain ; 1.500 h. Ch. de f. N.
Q2056247	NOAILLES (Antoine de), amiral français. Il se distingua à la bataille de Cérisoles (1504-1562). Son frère, François, habile diplomate (1519-1585).
Q691381	NOAILLES (Louis-Antoine de), cardinal, archevêque de Paris (1651-1729).
Q564766	NOAILLES (Anne-Jules de), maréchal de France, né à Aurillac, gouverneur du Languedoc, célèbre par ses cruautés contre les calvinistes (1650-1708). — Son fils Maurice, maréchal de France (1678-1766) ; — Louis, fils du précédent, maréchal de France (1713-1793).
Q1353831	NOAILLES (Louis, vicomte de), né à Paris. Député de la noblesse aux états généraux, il proposa, dans la nuit du 4 août 1789, l'égale répartition des impôts, le rachat des droits féodaux et la suppression de la servitude personnelle (1756-1804). — Son fils Alexis, né à Paris, homme politique et philanthrope (1783-1835).
Q320659	NOAILLES (Paul, duc de), historien français, né à Paris (1802-1885).
Q23810	NOBEL (Alfred), chimiste suédois, né à Stockholm. On lui doit l'invention de la dynamite. Il fonda en mourant les prix Nobel, au profit des œuvres littéraires, scientifiques, philanthropiques du monde entier (1833-1896).
Q1389349	NOCÉ, ch.-l. de c. (Orne), arr. de Mortagne ; 1.200 h.
Q11938897	Noce juive dans le Maroc (la), chef-d'œuvre de Delacroix, au musée du Louvre (1841).
Q28880707	Noce villageoise, tableau de Teniers, musée de Munich ; — du même, musée de Vienne.
Q594213	Noces aldobrandines, célèbre peinture antique, bibliothèque du Vatican. V. Aldobrandini.
Q185255	Noces de Cana (les), célèbre tableau de Paul Véronèse, au Louvre. Cette composition, de 10 mètres environ de largeur sur 6m,66 de hauteur, a été peinte pour le réfectoire du couvent de Sainte-Marie-Majeure, à Venise ; l'artiste s'engagea à l'exécuter moyennant 324 ducats d'argent. Le tableau fut apporté en France à l'époque de la conquête d'Italie. Parmi les personnages célèbres dont Véronèse a introduit les portraits dans sa composition, on remarque François Ier, Charles-Quint, Soliman Ier, Alphonse d'Avales, Eléonore d'Autriche, reine de France ; Marie, reine d'Angleterre ; le marquis de Pescaire, le Titien, le Tintoret, le Bassan, Paul Véronèse lui-même et son frère Benedetto Caliari.
Q3836436	Noces de Psyché (les), fresque, de Raphaël ; palais de la Farnésine (Rome).
Q201873	Noces de Figaro (les), opéra en deux actes, livret imité par Lorenzo Da Ponte du Mariage de Figaro de Beaumarchais (traduction de Michel Carré et Jules Barbier), musique de Mozart (1786) ; chef-d'œuvre du maître et du répertoire lyrique.
Q3076437	Noces de Jeannette (les), opéra-comique en un acte, paroles de Jules Barbier et Michel Carré, musique de V. Massé, partition d'une simplicité et d'un charme exquis (1853).
Q336010	NODIER [di-é] (Charles), littérateur et bibliophile français, né à Besançon, auteur d'ouvrages estimés : Trilby, la Fée aux miettes, le Chien de Brusquet, Jean Sbogar, etc. (1780-1844).
Q81422	NOÉ, patriarche hébreu. Il construisit, par l'ordre de Dieu, l'arche qui devait le préserver du déluge avec sa famille, et fut la souche des nouvelles races humaines (Bible).
Q506728	NOËL (Jean-François-Michel), lexicographe français, né à Saint-Germain-en-Laye (1755-1841).
Q315796	Noël (Bonhomme), personnage céleste qui, dans les croyances enfantines, est chargé de distribuer des jouets, des friandises, etc., aux enfants sages, pendant la nuit de Noël. Le Père Fouettard l'accompagne et laisse une poignée de verges pour ceux qui n'ont pas été sages.
Q107092029	Noëls bourguignons, noëls en patois bourguignon, par La Monnoye ; chef-d'œuvre de naïveté malicieuse (1700).
Q2596433	NOÉMI, belle-mère de Ruth (Bible).
Q193373	Nœud gordien. V. Gordius.
Q726980	NOGARET [rè] (Guillaume de), chancelier de France sous Philippe le Bel. Il fut chargé d'arrêter le pape Boniface VIII à Anagni, mais ne se livra pas à des actes de brutalité, comme l'ont prétendu certains chroniqueurs ; m. en 1313.
Q324167	NOGARO, ch.-l. de c. (Gers), arr. de Condom, près du Midou ; 2.100 h. (Nogaroliens). Eaux-de-vie.
Q1325342	NOGENT-EN-BASSIGNY [jan], ch.-l. de c. (Haute-Marne), arr. de Chaumont, au-dessus de la Treire ; 3.400 h. (Nogentais). Coutellerie.
Q501821	NOGENT-LE-ROI, ch.-l. de c. (Eure-et-Loir), arr. de Dreux, sur l'Eure ; 1.700 h. Ch. de f. O.
Q214432	NOGENT-LE-ROTROU, ch.-l. d'arr. (Eure-et-Loir), sur l'Huisne ; 8.500 h. (Nogentais). Ch. de f. O., à 53 kil. S.-O. de Chartres. Patrie de R. Belleau. L'arrond. a 4 cant., 54 comm., 40.000 h.
Q212274	NOGENT-SUR-MARNE, ch.-l. de c. (Seine), arr. de Sceaux ; 10.500 h. (Nogentais.) Ch. de f. E.
Q476895	NOGENT-SUR-SEINE, ch.-l. d'arr. (Aube) ; ch. de f. E. ; à 48 kil. N.-O. de Troyes ; 3.800 h. (Nogentais). Patrie de Paul Dubois. — L'arr. a 4 cant., 60 comm., 30.300 h.
Q943250	NOINTEL (Charles-Marie-François marquis de), diplomate français, né à Paris. Il joua un rôle important comme ambassadeur à Constantinople (1630-1685).
Q184854	NOIR (prince). V. Edouard.
Q15965519	NOIR (Louis Salomon, dit Louis), romancier français, né à Pont-à-Mousson, auteur de nombreux romans d'aventures : le Coupeur de têtes, le Corsaire aux cheveux d'or, etc. (1837-1901). — Son frère Yvan Salomon, dit Victor Noir, journaliste français, né à Attigny (Vosges), fut tué d'un coup de pistolet par Pierre Bonaparte. Ses funérailles donnèrent lieu à une grande manifestation populaire (1848-1870).
Q166	NOIRE (mer), ancien Pont-Euxin, mer intérieure formée par la Méditerranée. Elle baigne la Russie, la Turquie d'Europe et d'Asie, la Roumanie.
Q1509963	NOIRE (montagne), chaîne qui fait partie des Cévennes ; elle s'élève sur les dép. du Tarn et de l'Aude. Son point culminant, le pic de Nore, a 1.210 mètres.
Q661710	NOIRÉTABLE, ch.-l. de c. (Loire), arr. de Montbrison non loin de l'Auzou ; 2.200 h. Ch. de f. P.-L.-M.
Q292346	NOIRMOUTIER [ti-é], île de l'océan Atlantique, qui forme un canton du dép. de la Vendée, arr. des Sables-d'Olonne ; 8.000 h. V. pr. Noirmoutier ; 6.200 h. Port.
Q370224	NOISY-LE-SEC [sèk], ch.-l. de c. de la Seine, arr. de Saint-Denis ; 10.000 h. Ch. de f. E.
Q72288	NOLA, v. d'Italie, prov. de Caserte ; 12.000 h. Marcellus y vainquit Annibal (214 av. J.-C.). Auguste y mourut en 14.
Q468802	NOLASQUE (saint Pierre), né en Languedoc, fondateur de l'ordre de la Merci (1182 ou 1189-1250). Fête le 31 janvier.
Q16308	NOLAY [lè], ch.-l. de c. (Côte-d'Or), arr. de Beaune, sur la Cusanne ; 2.200 h. (Nolaytois). Ch. de f. P.-L.-M. Patrie de Lazare Carnot.
Q994738	NOLLET [lè] (l'abbé Jean-Antoine), physicien français, né à Pimpré (Oise). On lui doit la découverte de l'endosmose, et l'étude de nombreux phénomènes électriques (1700-1770).
Q43099	Nombres (Livre des), le quatrième du Pentateuque de Moïse, ainsi nommé parce qu'il commence par le dénombrement du peuple et des lévites.
Q688130	NOMENY, ch.-l. de c. (Meurthe-et-Moselle), arr. de Nancy, sur la Seille ; 1.350 h. Ch. de f. E.
Q324105	NONANCOURT [kour], ch.-l. de c. (Eure), arr. d'Evreux, sur l'Avre ; 2.000 h. Ch. de f. O. Entrevue de Philippe Auguste et de Richard Cœur de Lion avant la 3e croisade (1189).
Q435718	NONIUS (Pedro Nunez dit), savant portugais qui donna le premier l'indication d'un procédé pour la graduation des instruments destinés à mesurer les angles (1492-1577).
Q312916	NONNOS [noss], poète grec, Egyptien de naissance, auteur des Dionysaques (ive s.).
Q1096293	NONNOTTE (l'abbé Claude-François), jésuite français, né à Besançon, célèbre par sa polémique avec Voltaire (1711-1793).
Q467342	NONTRON, ch.-l. d'arr. (Dordogne), près du Bandiat, s.-affl. de la Charente ; ch. de f. Orl. ; à 38 kil. N.-O. de Périgueux ; 3.700 h. (Nontronnais). — L'arr. a 8 cant., 80 comm., 82.000 h.
Q741214	NONZA, ch.-l. de c. (Corse), arr. de Bastia, sur une falaise dominant la mer ; 500 h.
Q160374	NORBERT (saint) [bèr], fondateur de l'ordre des Prémontrés et archevêque de Magdebourg, né dans le duché de Clèves (1092-1134). Fête le 6 juin.
Q1693	NORD [nor] (mer du), mer intérieure du N.-O. de l'Europe formée par l'Atlantique ; elle baigne la France, l'Angleterre, la Norvège, le Danemark, l'Allemagne, la Hollande et la Belgique.
Q209113	NORD (canal du), détroit entre l'Ecosse et l'Irlande ; il unit l'Atlantique à la mer d'Irlande.
Q4069	NORD (cap), promontoire de Norvège, au N. de l'île Magerö, sur l'Océan Glacial et regardé connue le point le plus septentrional de l'Europe.
Q12661	NORD (dép. du), formé de la Flandre française ; préf. Lille ; s.-préf. Avesnes, Cambrai, Douai, Dunkerque, Hazebrouck, Valenciennes ; 7 arr., 67 cant., 667 comm., 1.867.000 h. 1er corps d'armée ; cour d'appel à Douai ; archevêché à Cambrai. Ce dép. doit son nom à sa situation à l'extrémité septentrionale de la France.
Q156749	NORDENSKJÖLD (Nils-Adolf-Eric), naturaliste et explorateur suédois, né à Helsingfors en 1832. Il a découvert le passage du Nord-Est dans son voyage arctique de 1878-1879 ; m. en 1901.
Q7033	NORDHAUSEN, v. de Prusse, prov. de Saxe, sur la Zorge ; 28.500 h.
Q50630	NORDLAND, préfecture du N. de la Norvège ; 152.000 h. Ch.-l. Bodœ ; 1.700 h. Port.
Q489902	NORDLINGEN v. de Bavière (Souabe), sur l'Eger ; 8.300 h. Condé y vainquit Mercy en 1045 ; Moreau y battit les Autrichiens en 1800.
Q23109	NORFOLK, comté d'Angleterre ; 450.000 h. Capit. Norwich.
Q1711740	NORIAC [ak] (Claude Cairon, dit Jules), romancier français, né à Limoges (1827-1882).
Q131434	NORIQUE, anc. prov. de l'empire romain, comprise aujourd'hui dans les Etats autrichiens.
Q685267	Noriques (Alpes) V. Alpes.
Q320353	Norma, opéra en deux actes, poème de Felice Romani, musique de Bellini (1831) partition aux accents pleins de charme, de poésie.
Q338153	NORMANBY (Constantin-Henry, marquis de), diplomate anglais (1779-1803).
Q42314	NORMANDES (îles), groupe d'îles que l'Angleterre possède sur les côtes de France : Jersey, Guernesey, Aurigny, etc. ; 95.000 h.
Q15878	NORMANDIE, anc. prov. de France, donnée par Charles le Simple à Rollon et reprise aux Anglais par Philippe Auguste en 1204 ; capit. Rouen. Elle a formé cinq départements : Orne, Seine-Inférieure, Calvados, Eure, Manche. (Hab. Normands.)
Q83418	NORMANDS ou NORTHMEN (hommes du Nord). Les Normands venaient des pays scandinaves, surtout de la Norvège et du Danemark. Sous le nom de Varègues ou Rous, ils occupèrent vers le milieu du ixe siècle, la vallée supérieure du Dnieper, Smolensk et Kiev et poussèrent même sous un de leurs chefs, Igor, jusqu'à Constantinople. Mais l'Occident fut le but de leurs plus célèbres émigrations. Organisés en petites bandes montées sur des flotilles de grandes barques ou drakkars, ils vinrent, à la fin du règne de Charlemagne, débarquer à l'entrée des principaux fleuves de France. Le roi d'Angleterre, Alfred le Grand, avait mis fin par traité à leurs invasions en Grande-Bretagne. Charles le Chauve dut, de même acheter plus d'une fois leur retraite. En 886, ils assiégèrent Paris qui fut vaillamment défendu par Eudes et l'évêque Gozlin ; mais Charles le Gros traita honteusement avec eux au prix d'une énorme rançon et l'autorisation de piller la Bourgogne. En 911, au traité de Saint-Clair-sur-Epte, Charles le Simple abandonna à leur chef, Rollon, le pays actuellement connu sous le nom de Normandie, Rollon et ses sujets reçurent le baptême et Charles le Simple fut reconnu par eux comme suzerain. Dès lors les invasions s'arrêtèrent, mais le goût des expéditions lointaines persista chez les Normands : la fondation du royaume des Deux-Siciles et, plus tard, la conquête de l'Angleterre par Guillaume le Conquérant en sont le témoignage.
Q559803	NORODOM, roi du Cambodge, monté sur le trône en 1860 ; né en 1835, m. en 1904.
Q901542	NOROY-LE-BOURG [bour], ch.-l. de c. (Haute-Saône), arr. de Vesoul ; 800 h. Filature de coton.
Q877969	NORRENT-FONTES, ch.-l. de c. (Pas-de-Calais), arr. de Béthune ; 1.300 h. Chaux.
Q818800	NORT [nor], ch.-l. de c. (Loire-Inférieure), arr. de Châteaubriant ; 5.500 h. Port sur l'Erdre ; ch. de f. Orl. Ardoisières.
Q160636	NORTE (rio del). V. Grande.
Q192240	NORTHAMPTON, v. d'Angleterre, ch.-l. du comté de Northampton, sur le Nen ; 87.000 h. Le comté a 272.555 h.
Q332650	NORTHCOTE (sir Stafford), lord Iddesleigh, homme d'Etat anglais, né à Londres (1818-1887).
Q23079	NORTHUMBERLAND, comté d'Angleterre ; 435.000 h. (Northumbriens). Capit. Newcastle.
Q850141	NORTON (lady Maxwell), femme auteur anglaise née à Londres, surnommée le Byron féminin, parce qu'elle a de ce poète, les beaux passages de tendresse, la pensée forte et pratique, l'expression pleine d'énergie (1808-1877).
Q20	NORVÈGE, état de l'Europe sept. ; sup. 321.500 kil. c. ; 2.240.000 h. (Norvégiens). Capit. Christiania. V. Suède et Scandinavie. — Géographie. La Norvège est un pays généralement montagneux et boisé, couvert par le massif des Dovre fielde et les monts Kiölen. Les archipels nombreux qui bordent ses côtes, les fjords profonds qui les entament sont particulièrement favorables à la pêche et au développement de la vie maritime. Par ses grands ports de Christiania, de Bergen et de Drontheim, la Norvège exporte surtout des bois, des minerais, etc. La population est robuste, active, sobre, et remarquablement instruite.
Q3159499	NORVINS [vin] (Jacques, baron de), historien français, né à Paris (1769-1854).
Q130191	NORWICH [norr-ouitch'], ch.-l. du comté de Norfolk, en Angleterre, sur le Wensum ; 114.000 h.
Q1330558	NOSSI-BÉ, île française de l'océan Indien, au N.-O. de Madagascar ; 10.000 h. Ch.-l. Hellville ; 1.200 h. Port.
Q39978	NOSTRADAMUS [muss], astronome célèbre, né à Saint-Remi (Bouches-du-Rhône), auteur d'un recueil de prédictions, dit Centuries ; appelé auprès de Catherine de Médécis et de Charles IX (1503-1566).
Q705069	Notables (Assemblée des), réunion des plus hauts personnages du royaume auxquels les rois de France demandaient quelquefois avis dans les circonstances difficiles. La plus célèbre est celle qui fut convoquée à l'instigation de Calonne en 1787.
Q446472	NOTHOMB [not'-onb'] (baron), homme d'Etat et diplomate belge (1805-1881).
Q975925	Notre-Dame de la Garde, sanctuaire qui s'élève au sommet d'une petite colline dominant Marseille. Lieu de pèlerinage très fréquenté.
Q2981	Notre-Dame de Paris, église métropolitaine de Paris, une des merveilles de l'architecture gothique, située dans l'île de la Cité. La construction en fut commencée en 1163, sur l'emplacement de l'ancienne cathédrale mérovingienne qui, elle-même, avait remplacé un temple païen. La première pierre en fut posée par le pape Alexandre III et le roi Louis VII. La construction fut continuée sous Philippe Auguste et terminée vers 1230, du moins dans son ensemble général. Elle subit, à partir de 1699, sous prétexte de réparations, des mutilations regrettables, et fut l'objet d'une restauration intelligente et sérieuse sous la direction de Viollet-le-Duc. On admire son portail, ses tours majestueuses, sa grande rosace, son intérieur imposant orné de bas reliefs précieux. Une sacristie, dans le style de la cathédrale, a été de notre temps construite à ses côtés. Le trésor de Notre-Dame est d'une grande richesse. Ce monument a été le théâtre d'une foule d'épisodes historiques.
Q191380	Notre-Dame de Paris, roman historique et descriptif, dont l'action se passe au temps de Louis XI, par Victor Hugo (1831). Cette œuvre est l'une des plus puissantes et des plus dramatiques en ce genre de composition. On y admire les descriptions de la cathédrale.
Q41262	NOTTINGHAM [not-ting'h'-ham], v. d'Angleterre, ch.-l. du comté de Nottingham, sur le Trent ; 246.000 h. — Le comté a 420.000 h.
Q21064	NOUKA-HIVA, la principale des îles Marquises ; lieu de déportation politique après le Deux-Décembre ; 1.200 h.
Q9733	NOUMÉA, port et capitale de la Nouvelle-Calédonie ; 7.000 h. Excellente rade.
Q3262806	NOURRIT [ri] (Louis), chanteur français, né à Montpellier (1780-1831). — Son fils Adolphe, chanteur célèbre, né à Montpellier, se tua dans un accès de délire à Naples (1802-1839).
Q1965	NOUVEAU-BRUNSWICK, prov. du Canada, en partie couverte de forêts ; 331.000 h. Ch.-l. Fredericton (6.000 h.).
Q215089	NOUVEAU-MECKLEMBOURG ou NOUVELLE-IRLANDE, île océanienne de l'archipel de Bismarck.
Q597711	NOUVEAU-MEXIQUE, territoire des Etats-Unis d'Amérique traversé par les montagnes Rocheuses ; 195.000 h. Ch.-l. Santa-Fé.
Q107092055	Nouveau Seigneur du Village (Le), opéra-comique en un acte, paroles de Creuzé de Lesser et Favières, musique pleine de verve et de charme, de Boieldieu (1813).
Q107092087	Nouveaux Lundis, suite des Causeries du Lundi ; portraits et études littéraires, morceaux achevés de fine analyse par Sainte-Beuve (1863-1867).
Q626282	NOUVELLE (La), comm. de l'Aude, arr. de Narbonne ; 2.400 h. Ch. de f. M. Port sur la Méditerranée.
Q20551147	Nouvelles de Bandello, recueil de contes dont la galanterie est le sujet ordinaire.
Q555699	Nouvelles exemplaires, par Cervantes (1612). L'auteur s'y montre grand écrivain et habile peintre de mœurs.
Q19220855	Nouvelles genevoises, de R. Töpffer ; récits qui plaisent par le naturel, l'humour, le sentiment de la moralité (1835).
Q79804	NOUVELLE-ARKHANGEL, v. principale de l'île Sirka (territoire d'Alaska).
Q59771	NOUVELLE-BRETAGNE ou NOUVELLE-POMÉRANIE, île océanienne de l'archipel de Bismarck.
Q33788	NOUVELLE-CALÉDONIE, île de l'Océanie, découverte par Cook (1774), et appartenant à la France depuis 1853 ; 50.000 h. (Néo-Calédoniens ; les indigènes portent le nom de Canaques). Capit. Nouméa. Lieu de déportation pour les condamnés aux travaux forcés. Bois estimés, nickel, fer, cuivre, café, tabac. V. Océanie (carte).
Q1952	NOUVELLE-ÉCOSSE, prov. du Canada. Pays boisé, avec de beaux pâturages et dont le sol renferme des richesses minérales considérables ; 500.000 h. Ch.-l. Halifax. C'est l'Acadie des anciens colons français.
Q3224	NOUVELLE-GALLES-DU-SUD (en angl. New-South Wales), un des Etats de la Fédération australienne sur le littoral E. du continent ; élevage de bestiaux ; mines (argent, houille) ; 1.408.000 h. Cap. Sydney.
Q1863715	NOUVELLE-GRENADE. V. Colombie.
Q40285	NOUVELLE-GUINÉE ou PAPOUASIE, grande île de l'Océanie, au N. de l'Australie dont la sépare le détroit de Torrès ; partagée entre les Pays-Bas, l'Allemagne et l'Angleterre. (Hab. Néo-Guinéens ou Papous.)
Q215089	NOUVELLE-IRLANDE, autre nom de l'île du Nouveau-Mecklembourg.
Q34404	NOUVELLE-ORLÉANS (La), v. du S. des Etats-Unis, dans la Louisiane, sur le Mississipi ; 300.600 h. Vaste commerce de coton, tabac, machines, etc.
Q59771	NOUVELLE-POMÉRANIE. V. Nouvelle-Bretagne.
Q19399831	NOUVELLES-HÉBRIDES, archipel de l'Océanie, entre la Nouvelle-Guinée et la Vité ; il est formé de 37 îles dont la mieux exploitée est Vaté ; 72.000 h. A la Franee.
Q201012	NOUVELLE-SIBÉRIE. V. Liakov.
Q80413	NOUVELLE-ZEMBLE, groupe d'îles de l'océan Glacial arctique au N. de la Sibérie, désolées et stériles mais fréquentées par les pêcheurs et chasseurs russes et norvégiens, qui vont chercher là les oiseaux de mer et les phoques, morses, baleines, etc.
Q856170	NOUVION (Le), ch.-l. de c. (Aisne), arr. de Vervins ; 3.200 h. Ch. de f. N.
Q389471	NOUVION, ch.-l. de c. (Somme), arr. d'Abbeville, près de la forêt de Crécy ; 800 h.
Q6046	NOVARE, v. de l'Italie septentrionale, ch.-l. de la prov. de Novare ; 43.000 h. (Novarois). Défaite des Français par les Suisses (1313). Le roi Charles-Albert y fut défait par Radetzky en 1849. — La prov. a 734.300 h.
Q1058995	Novelles, constitutions de Justinien qui complètent le Digeste (vers 370).
Q3732007	NOVELLI (Ermete), acteur italien, né à Lucques en 1831.
Q1552899	NOVEMPOPULANIE [vèm], prov. romaine, qui comprenait une grande partie de l'Aquitaine.
Q365581	NOVERRE (Jean-Georges), danseur français, né à Paris (1727-1810).
Q2235	NOVGOROD-LA-GRANDE (en russe Novgorod-Velikii), v. de la Russie d'Europe, ch.-l. du gouvernement de Novgorod ; 25.000 h. (Novgorodiens). Archevêché. — Le gouv. a 1.367.000 h.
Q891	NOVGOROD-LA-PETITE. V. Nijnii-Novgorod.
Q16337	NOVI Ligure, v. forte d'Italie, prov. d'Alexandrie ; 13.500 h. Bataille livrée par les Français à l'armée austro-russe et dans laquelle périt Joubert (15 août 1799).
Q1000244	NOVION-PORCIEN [si-in], ch.-l. de c. (Ardennes), arr. de Rethel ; 830 h.
Q585046	Novum organum [vom', nom'] ou Méthode pour l'interprétation de la nature, traité philosophique de François Bacon, ouvrage où le philosophe anglais inaugure d'une façon brillante les règles de la méthode analytique expérimentale et inductive (1620).
Q845638	NOYANT [no-ian], ch.-l. de c. (Maine-et-Loire), arr. de Baugé, à la source de la Marconne ; 1.600 h. Ch. de f. Orl. et Et.
Q732586	NOYERS [noi-ié], ch.-l. de c. (Yonne), arr. de Tonnerre, sur le Serein ; 1.300 h. Ch. de f. de Laroche à l'Isle-Angély.
Q990107	NOYERS-SUR-JABRON [noi-ié], ch.-l. de c. (Basses-Alpes), arr. de Sisteron ; 1.930 h.
Q49831	NOYON [no-ion], ch.-l. de c. (Oise), arr. de Compiègne, sur la verse ; 7.500 h. Ch. de f. N. Patrie de Calvin, Pierre Sarrazin.
Q780351	NOZAY [zè], ch.-l. de c. (Loire-Inférieure), arr. de Châteaubriant, au-dessus du ru de la Vilatte ; 4.000 h. Ch. de f. Orl. A 3 kil. de Nozay se trouve l'école d'agriculture de Grandjouan.
Q818309	NOZEROY [roi], ch.-l. de c. (Jura), arr. de Poligny, sur l'Ain ; 700 h.
Q595285	NUBAR-PACHA, homme d'Etat égyptien, né à Smyrne (1825-1899).
Q135028	NUBIE, contrée de l'Afrique, entre l'Egypte et l'Abyssinie ; v. pr. Karthoum ; 2 millions d'h. environ (Nubiens).
Q3090319	Nucingen, type créé par H. de Balzac ; c'est le baron de la haute finance.
Q868447	Nuées (les), comédie d'Aristophane, chef-d'œuvre de verve, mais qui a le tort d'être en même temps une sanglante et injuste satire contre Socrate, que l'auteur considère comme un vulgaire sophiste (423 av. J.-C.).
Q1527541	Nuit (la) ou l'Adoration des Bergers, chef-d'œuvre du Corrège ; musée de Dresde.
Q7033170	Nuits (les), ouvrage d'Young, méditations en vers sur le néant des choses, où l'on trouve des pensées élevées mais aussi de l'emphase et une mélancolie trop monotone (1742-1746).
Q67315185	Nuits (Les), poèmes d'Alfred de Musset (1833-1840). Ce sont sans doute les chants les plus pathétiques que l'amour et la souffrance aient jamais inspiré.
Q660519	Nuits attiques (les), miscellanées d'Aulu-Gelle, ouvrage d'un philologue plutôt que d'un critique.
Q107092210	Nuits de Paris (les) ou le Spectateur nocturne, par Restif de La Bretonne (1788-1794) : recueil de documents curieux pour l'histoire pittoresque de la période révolutionnaire.
Q16622	NUITS-SAINT-GEORGES ou simplem. NUITS [nu-i], ch.-l. de c. (Côte-d'Or), arr. de Beaune ; 3.630 h. (Nuitons). Ch. de f. P.-L.-M. Vins estimés. Combat entre les Français et les Allemands le 18 décembre 1870.
Q947276	NUITTER [tèr] (Charles Truinet, dit), auteur dramatique français né à Paris ; il a écrit des vaudevilles, des ballets et de nombreux livrets d'opéras, opérettes, etc. : Roméo et Juliette, le Cœur et la main, etc.
Q200031	NUMA POMPILIUS [uss], deuxième roi légendaire de Rome, que les écrivains latins font régner de 714 à 671 av. J.-C. V. Egérie.
Q19220970	Numa Roumestan, roman d'Alphonse Daudet (1881) ; scènes de la vie politique.
Q623407	NUMANCE, v. de l'ancienne Espagne, prise et détruite par Scipion Emilien (133 av. J.-C.). (Hab. Numantins.)
Q290051	Numance, tragédie de Cervantes sur le siège et la destruction de Numance par les Romains ; œuvre patriotique et puissante.
Q46821	NUMÉRIEN [ri-in], fils de Carus, empereur romain en 283, assassiné en 284 par Asper, préfet des prétoriens.
Q102679	NUMIDIE, contrée de l'ancienne Afrique, entre le pays de Carthage et la Mauritanie, conquise par les Romains sur Jugurtha. Elle forme aujourd'hui l'Algérie. On divisait cette contrée en Numidie occidentale ou pays des Massésyliens et en Numidie orientale ou pays des Massyliens ; capit. Cirta (Constantine), v. pr. Lambessa, Mileris, Tagaste, etc. (Hab. Numides.) La cavalerie numide était célèbre dans l'antiquité.
Q660623	NUMITOR, roi légendaire d'Albe, grand-père de Romulus et de Rémus.
Q2090	NUREMBERG [rin-bèr'], v. du royaume de Bavière, sur la Pegnitz ; 261.000 h. (Nurembergeois). Industrie très active : jouets d'enfants, instruments de musique, etc. Patrie de Sachs, d'A. Dürer.
Q5532	NYASSA ou MARAVI, grand lac de l'Afrique australe, à l'ouest du Mozambique.
Q30013	NYBORG, v. de l'île de Fionie (Danemark) ; port sur le grand Belt ; 6.000 h.
Q171223	NYIREGYHAZA, v. de la Hongrie centrale ; 27.000 h. Aux environs, vignoble de Tokay.
Q3346683	Nymphe de Fontainebleau (la), bronze de Benvenuto Cellini ; au Louvre.
Q373916	Nymphes, déesses que les Grecs faisaient vivre dans les bois, dans les eaux, les grottes. On distinguait les nymphes de la mer (océanides et néréides), les naïades, les oréades, les napées, les dryades, etc. (Myth.).
Q209810	NYONS [ni-on], ch.-l. d'arr. (Drôme), sur l'Eygues, affl. du Rhône ; à 67 kil. S.-E. de Valence ; 3.650 h. (Nyonsais). — Lignite. L'arr. a 4 cant., 74 comm., 26.400 h.
Q13522769	NYPELS (Jean-Servais-Guillaume), jurisconsulte belge, né à Maëstricht (1803-1886).
Q1238530	NYSA, anc. v. de la Grèce, située sur le Parnasse et consacrée à Bacchus. (Hab. Nyséens).
Q3563362	NYSSE, anc. ville de la Cappadoce (Asie Mineure).
Q2831436	NYSSENS (Albert), homme politique belge, né à Ypres (1853-1901).
Q19061411	Nyssia, statue en marbre, de Pradier (1848) ; musée de Montpellier.
Q1961107	NYSTEN [tèn] (Pierre-Humbert), médecin, né à Liège, auteur d'un Dictionnaire de médecine très estimé (1771-1818).
